NOTE: Picked up JDK_JAVA_OPTIONS:  --add-opens=java.base/java.lang=ALL-UNNAMED --add-opens=java.base/java.io=ALL-UNNAMED --add-opens=java.base/java.util=ALL-UNNAMED --add-opens=java.base/java.util.concurrent=ALL-UNNAMED --add-opens=java.rmi/sun.rmi.transport=ALL-UNNAMED
18-Dec-2025 07:04:08.551 INFO [main] org.apache.catalina.startup.VersionLoggerListener.log Server version name:   Apache Tomcat/9.0.96
18-Dec-2025 07:04:08.564 INFO [main] org.apache.catalina.startup.VersionLoggerListener.log Server built:          Oct 3 2024 19:44:30 UTC
18-Dec-2025 07:04:08.565 INFO [main] org.apache.catalina.startup.VersionLoggerListener.log Server version number: 9.0.96.0
18-Dec-2025 07:04:08.565 INFO [main] org.apache.catalina.startup.VersionLoggerListener.log OS Name:               Linux
18-Dec-2025 07:04:08.565 INFO [main] org.apache.catalina.startup.VersionLoggerListener.log OS Version:            6.8.0-1043-aws
18-Dec-2025 07:04:08.565 INFO [main] org.apache.catalina.startup.VersionLoggerListener.log Architecture:          amd64
18-Dec-2025 07:04:08.565 INFO [main] org.apache.catalina.startup.VersionLoggerListener.log Java Home:             /usr/lib/jvm/java-17-openjdk-amd64
18-Dec-2025 07:04:08.565 INFO [main] org.apache.catalina.startup.VersionLoggerListener.log JVM Version:           17.0.17+10-Ubuntu-122.04
18-Dec-2025 07:04:08.566 INFO [main] org.apache.catalina.startup.VersionLoggerListener.log JVM Vendor:            Ubuntu
18-Dec-2025 07:04:08.566 INFO [main] org.apache.catalina.startup.VersionLoggerListener.log CATALINA_BASE:         /opt/lms/tomcat
18-Dec-2025 07:04:08.566 INFO [main] org.apache.catalina.startup.VersionLoggerListener.log CATALINA_HOME:         /opt/lms/tomcat
18-Dec-2025 07:04:08.618 INFO [main] org.apache.catalina.startup.VersionLoggerListener.log Command line argument: --add-opens=java.base/java.lang=ALL-UNNAMED
18-Dec-2025 07:04:08.618 INFO [main] org.apache.catalina.startup.VersionLoggerListener.log Command line argument: --add-opens=java.base/java.io=ALL-UNNAMED
18-Dec-2025 07:04:08.619 INFO [main] org.apache.catalina.startup.VersionLoggerListener.log Command line argument: --add-opens=java.base/java.util=ALL-UNNAMED
18-Dec-2025 07:04:08.619 INFO [main] org.apache.catalina.startup.VersionLoggerListener.log Command line argument: --add-opens=java.base/java.util.concurrent=ALL-UNNAMED
18-Dec-2025 07:04:08.619 INFO [main] org.apache.catalina.startup.VersionLoggerListener.log Command line argument: --add-opens=java.rmi/sun.rmi.transport=ALL-UNNAMED
18-Dec-2025 07:04:08.619 INFO [main] org.apache.catalina.startup.VersionLoggerListener.log Command line argument: -Djava.util.logging.config.file=/opt/lms/tomcat/conf/logging.properties
18-Dec-2025 07:04:08.619 INFO [main] org.apache.catalina.startup.VersionLoggerListener.log Command line argument: -Djava.util.logging.manager=org.apache.juli.ClassLoaderLogManager
18-Dec-2025 07:04:08.619 INFO [main] org.apache.catalina.startup.VersionLoggerListener.log Command line argument: -Djdk.tls.ephemeralDHKeySize=2048
18-Dec-2025 07:04:08.619 INFO [main] org.apache.catalina.startup.VersionLoggerListener.log Command line argument: -Djava.protocol.handler.pkgs=org.apache.catalina.webresources
18-Dec-2025 07:04:08.619 INFO [main] org.apache.catalina.startup.VersionLoggerListener.log Command line argument: -Dorg.apache.catalina.security.SecurityListener.UMASK=0027
18-Dec-2025 07:04:08.620 INFO [main] org.apache.catalina.startup.VersionLoggerListener.log Command line argument: -Dignore.endorsed.dirs=
18-Dec-2025 07:04:08.620 INFO [main] org.apache.catalina.startup.VersionLoggerListener.log Command line argument: -Dcatalina.base=/opt/lms/tomcat
18-Dec-2025 07:04:08.620 INFO [main] org.apache.catalina.startup.VersionLoggerListener.log Command line argument: -Dcatalina.home=/opt/lms/tomcat
18-Dec-2025 07:04:08.620 INFO [main] org.apache.catalina.startup.VersionLoggerListener.log Command line argument: -Djava.io.tmpdir=/opt/lms/tomcat/temp
18-Dec-2025 07:04:08.630 INFO [main] org.apache.catalina.core.AprLifecycleListener.lifecycleEvent The Apache Tomcat Native library which allows using OpenSSL was not found on the java.library.path: [/usr/java/packages/lib:/usr/lib/x86_64-linux-gnu/jni:/lib/x86_64-linux-gnu:/usr/lib/x86_64-linux-gnu:/usr/lib/jni:/lib:/usr/lib]
18-Dec-2025 07:04:09.260 INFO [main] org.apache.coyote.AbstractProtocol.init Initializing ProtocolHandler ["http-nio-8000"]
18-Dec-2025 07:04:09.325 SEVERE [main] org.apache.catalina.util.LifecycleBase.handleSubClassException Failed to initialize component [Connector["http-nio-8000"]]
	org.apache.catalina.LifecycleException: Protocol handler initialization failed
		at org.apache.catalina.connector.Connector.initInternal(Connector.java:1027)
		at org.apache.catalina.util.LifecycleBase.init(LifecycleBase.java:122)
		at org.apache.catalina.core.StandardService.initInternal(StandardService.java:525)
		at org.apache.catalina.util.LifecycleBase.init(LifecycleBase.java:122)
		at org.apache.catalina.core.StandardServer.initInternal(StandardServer.java:986)
		at org.apache.catalina.util.LifecycleBase.init(LifecycleBase.java:122)
		at org.apache.catalina.startup.Catalina.load(Catalina.java:686)
		at org.apache.catalina.startup.Catalina.load(Catalina.java:709)
		at java.base/jdk.internal.reflect.NativeMethodAccessorImpl.invoke0(Native Method)
		at java.base/jdk.internal.reflect.NativeMethodAccessorImpl.invoke(NativeMethodAccessorImpl.java:77)
		at java.base/jdk.internal.reflect.DelegatingMethodAccessorImpl.invoke(DelegatingMethodAccessorImpl.java:43)
		at java.base/java.lang.reflect.Method.invoke(Method.java:569)
		at org.apache.catalina.startup.Bootstrap.load(Bootstrap.java:302)
		at org.apache.catalina.startup.Bootstrap.main(Bootstrap.java:472)
	Caused by: java.net.BindException: Address already in use
		at java.base/sun.nio.ch.Net.bind0(Native Method)
		at java.base/sun.nio.ch.Net.bind(Net.java:555)
		at java.base/sun.nio.ch.ServerSocketChannelImpl.netBind(ServerSocketChannelImpl.java:337)
		at java.base/sun.nio.ch.ServerSocketChannelImpl.bind(ServerSocketChannelImpl.java:294)
		at org.apache.tomcat.util.net.NioEndpoint.initServerSocket(NioEndpoint.java:268)
		at org.apache.tomcat.util.net.NioEndpoint.bind(NioEndpoint.java:223)
		at org.apache.tomcat.util.net.AbstractEndpoint.bindWithCleanup(AbstractEndpoint.java:1373)
		at org.apache.tomcat.util.net.AbstractEndpoint.init(AbstractEndpoint.java:1386)
		at org.apache.coyote.AbstractProtocol.init(AbstractProtocol.java:663)
		at org.apache.coyote.http11.AbstractHttp11Protocol.init(AbstractHttp11Protocol.java:77)
		at org.apache.catalina.connector.Connector.initInternal(Connector.java:1025)
		... 13 more
18-Dec-2025 07:04:09.327 INFO [main] org.apache.catalina.startup.Catalina.load Server initialization in [1533] milliseconds
18-Dec-2025 07:04:09.486 INFO [main] org.apache.catalina.core.StandardService.startInternal Starting service [Catalina]
18-Dec-2025 07:04:09.487 INFO [main] org.apache.catalina.core.StandardEngine.startInternal Starting Servlet engine: [Apache Tomcat/9.0.96]
18-Dec-2025 07:04:09.518 INFO [main] org.apache.catalina.startup.HostConfig.deployWAR Deploying web application archive [/opt/lms/tomcat/webapps/lms.war]
18-Dec-2025 07:04:09.851 WARNING [main] org.apache.tomcat.util.descriptor.web.WebXml.setVersion Unknown version string [5.0]. Default version will be used.
18-Dec-2025 07:04:12.088 INFO [main] org.apache.jasper.servlet.TldScanner.scanJars At least one JAR was scanned for TLDs yet contained no TLDs. Enable debug logging for this logger for a complete list of JARs that were scanned but no TLDs were found in them. Skipping unneeded JARs during scanning can improve startup time and JSP compilation time.
18-Dec-2025 07:04:12.204 INFO [main] org.apache.catalina.startup.HostConfig.deployWAR Deployment of web application archive [/opt/lms/tomcat/webapps/lms.war] has finished in [2,682] ms
18-Dec-2025 07:04:12.205 INFO [main] org.apache.catalina.startup.HostConfig.deployDirectory Deploying web application directory [/opt/lms/tomcat/webapps/manager]
18-Dec-2025 07:04:12.315 INFO [main] org.apache.catalina.startup.HostConfig.deployDirectory Deployment of web application directory [/opt/lms/tomcat/webapps/manager] has finished in [109] ms
18-Dec-2025 07:04:12.315 INFO [main] org.apache.catalina.startup.HostConfig.deployDirectory Deploying web application directory [/opt/lms/tomcat/webapps/examples]
18-Dec-2025 07:04:13.062 INFO [main] org.apache.catalina.startup.HostConfig.deployDirectory Deployment of web application directory [/opt/lms/tomcat/webapps/examples] has finished in [746] ms
18-Dec-2025 07:04:13.062 INFO [main] org.apache.catalina.startup.HostConfig.deployDirectory Deploying web application directory [/opt/lms/tomcat/webapps/ROOT]
18-Dec-2025 07:04:13.126 INFO [main] org.apache.catalina.startup.HostConfig.deployDirectory Deployment of web application directory [/opt/lms/tomcat/webapps/ROOT] has finished in [61] ms
18-Dec-2025 07:04:13.126 INFO [main] org.apache.catalina.startup.HostConfig.deployDirectory Deploying web application directory [/opt/lms/tomcat/webapps/host-manager]
18-Dec-2025 07:04:13.202 INFO [main] org.apache.catalina.startup.HostConfig.deployDirectory Deployment of web application directory [/opt/lms/tomcat/webapps/host-manager] has finished in [75] ms
18-Dec-2025 07:04:13.207 INFO [main] org.apache.catalina.startup.HostConfig.deployDirectory Deploying web application directory [/opt/lms/tomcat/webapps/docs]
18-Dec-2025 07:04:13.265 INFO [main] org.apache.catalina.startup.HostConfig.deployDirectory Deployment of web application directory [/opt/lms/tomcat/webapps/docs] has finished in [57] ms
18-Dec-2025 07:04:13.280 INFO [main] org.apache.catalina.startup.Catalina.start Server startup in [3951] milliseconds
18-Dec-2025 07:05:23.859 INFO [main] org.apache.catalina.core.StandardServer.await A valid shutdown command was received via the shutdown port. Stopping the Server instance.
18-Dec-2025 07:05:23.862 INFO [main] org.apache.coyote.AbstractProtocol.pause Pausing ProtocolHandler ["http-nio-8000"]
18-Dec-2025 07:05:23.863 INFO [main] org.apache.catalina.core.StandardService.stopInternal Stopping service [Catalina]
18-Dec-2025 07:05:23.954 INFO [main] org.apache.coyote.AbstractProtocol.stop Stopping ProtocolHandler ["http-nio-8000"]
18-Dec-2025 07:05:23.960 INFO [main] org.apache.coyote.AbstractProtocol.destroy Destroying ProtocolHandler ["http-nio-8000"]
NOTE: Picked up JDK_JAVA_OPTIONS:  --add-opens=java.base/java.lang=ALL-UNNAMED --add-opens=java.base/java.io=ALL-UNNAMED --add-opens=java.base/java.util=ALL-UNNAMED --add-opens=java.base/java.util.concurrent=ALL-UNNAMED --add-opens=java.rmi/sun.rmi.transport=ALL-UNNAMED
18-Dec-2025 07:05:27.807 INFO [main] org.apache.catalina.startup.VersionLoggerListener.log Server version name:   Apache Tomcat/9.0.96
18-Dec-2025 07:05:27.814 INFO [main] org.apache.catalina.startup.VersionLoggerListener.log Server built:          Oct 3 2024 19:44:30 UTC
18-Dec-2025 07:05:27.814 INFO [main] org.apache.catalina.startup.VersionLoggerListener.log Server version number: 9.0.96.0
18-Dec-2025 07:05:27.815 INFO [main] org.apache.catalina.startup.VersionLoggerListener.log OS Name:               Linux
18-Dec-2025 07:05:27.815 INFO [main] org.apache.catalina.startup.VersionLoggerListener.log OS Version:            6.8.0-1043-aws
18-Dec-2025 07:05:27.815 INFO [main] org.apache.catalina.startup.VersionLoggerListener.log Architecture:          amd64
18-Dec-2025 07:05:27.815 INFO [main] org.apache.catalina.startup.VersionLoggerListener.log Java Home:             /usr/lib/jvm/java-17-openjdk-amd64
18-Dec-2025 07:05:27.815 INFO [main] org.apache.catalina.startup.VersionLoggerListener.log JVM Version:           17.0.17+10-Ubuntu-122.04
18-Dec-2025 07:05:27.815 INFO [main] org.apache.catalina.startup.VersionLoggerListener.log JVM Vendor:            Ubuntu
18-Dec-2025 07:05:27.816 INFO [main] org.apache.catalina.startup.VersionLoggerListener.log CATALINA_BASE:         /opt/lms/tomcat
18-Dec-2025 07:05:27.817 INFO [main] org.apache.catalina.startup.VersionLoggerListener.log CATALINA_HOME:         /opt/lms/tomcat
18-Dec-2025 07:05:27.847 INFO [main] org.apache.catalina.startup.VersionLoggerListener.log Command line argument: --add-opens=java.base/java.lang=ALL-UNNAMED
18-Dec-2025 07:05:27.847 INFO [main] org.apache.catalina.startup.VersionLoggerListener.log Command line argument: --add-opens=java.base/java.io=ALL-UNNAMED
18-Dec-2025 07:05:27.847 INFO [main] org.apache.catalina.startup.VersionLoggerListener.log Command line argument: --add-opens=java.base/java.util=ALL-UNNAMED
18-Dec-2025 07:05:27.847 INFO [main] org.apache.catalina.startup.VersionLoggerListener.log Command line argument: --add-opens=java.base/java.util.concurrent=ALL-UNNAMED
18-Dec-2025 07:05:27.848 INFO [main] org.apache.catalina.startup.VersionLoggerListener.log Command line argument: --add-opens=java.rmi/sun.rmi.transport=ALL-UNNAMED
18-Dec-2025 07:05:27.848 INFO [main] org.apache.catalina.startup.VersionLoggerListener.log Command line argument: -Djava.util.logging.config.file=/opt/lms/tomcat/conf/logging.properties
18-Dec-2025 07:05:27.848 INFO [main] org.apache.catalina.startup.VersionLoggerListener.log Command line argument: -Djava.util.logging.manager=org.apache.juli.ClassLoaderLogManager
18-Dec-2025 07:05:27.849 INFO [main] org.apache.catalina.startup.VersionLoggerListener.log Command line argument: -Djdk.tls.ephemeralDHKeySize=2048
18-Dec-2025 07:05:27.849 INFO [main] org.apache.catalina.startup.VersionLoggerListener.log Command line argument: -Djava.protocol.handler.pkgs=org.apache.catalina.webresources
18-Dec-2025 07:05:27.849 INFO [main] org.apache.catalina.startup.VersionLoggerListener.log Command line argument: -Dorg.apache.catalina.security.SecurityListener.UMASK=0027
18-Dec-2025 07:05:27.849 INFO [main] org.apache.catalina.startup.VersionLoggerListener.log Command line argument: -Dignore.endorsed.dirs=
18-Dec-2025 07:05:27.849 INFO [main] org.apache.catalina.startup.VersionLoggerListener.log Command line argument: -Dcatalina.base=/opt/lms/tomcat
18-Dec-2025 07:05:27.849 INFO [main] org.apache.catalina.startup.VersionLoggerListener.log Command line argument: -Dcatalina.home=/opt/lms/tomcat
18-Dec-2025 07:05:27.849 INFO [main] org.apache.catalina.startup.VersionLoggerListener.log Command line argument: -Djava.io.tmpdir=/opt/lms/tomcat/temp
18-Dec-2025 07:05:27.852 INFO [main] org.apache.catalina.core.AprLifecycleListener.lifecycleEvent The Apache Tomcat Native library which allows using OpenSSL was not found on the java.library.path: [/usr/java/packages/lib:/usr/lib/x86_64-linux-gnu/jni:/lib/x86_64-linux-gnu:/usr/lib/x86_64-linux-gnu:/usr/lib/jni:/lib:/usr/lib]
18-Dec-2025 07:05:28.517 INFO [main] org.apache.coyote.AbstractProtocol.init Initializing ProtocolHandler ["http-nio-8001"]
18-Dec-2025 07:05:28.591 INFO [main] org.apache.catalina.startup.Catalina.load Server initialization in [1233] milliseconds
18-Dec-2025 07:05:28.750 INFO [main] org.apache.catalina.core.StandardService.startInternal Starting service [Catalina]
18-Dec-2025 07:05:28.755 INFO [main] org.apache.catalina.core.StandardEngine.startInternal Starting Servlet engine: [Apache Tomcat/9.0.96]
18-Dec-2025 07:05:28.792 INFO [main] org.apache.catalina.startup.HostConfig.deployWAR Deploying web application archive [/opt/lms/tomcat/webapps/lms.war]
18-Dec-2025 07:05:29.476 WARNING [main] org.apache.tomcat.util.descriptor.web.WebXml.setVersion Unknown version string [5.0]. Default version will be used.
18-Dec-2025 07:05:33.062 INFO [main] org.apache.jasper.servlet.TldScanner.scanJars At least one JAR was scanned for TLDs yet contained no TLDs. Enable debug logging for this logger for a complete list of JARs that were scanned but no TLDs were found in them. Skipping unneeded JARs during scanning can improve startup time and JSP compilation time.
18-Dec-2025 07:05:33.163 INFO [main] org.apache.catalina.startup.HostConfig.deployWAR Deployment of web application archive [/opt/lms/tomcat/webapps/lms.war] has finished in [4,370] ms
18-Dec-2025 07:05:33.164 INFO [main] org.apache.catalina.startup.HostConfig.deployDirectory Deploying web application directory [/opt/lms/tomcat/webapps/manager]
18-Dec-2025 07:05:33.276 INFO [main] org.apache.catalina.startup.HostConfig.deployDirectory Deployment of web application directory [/opt/lms/tomcat/webapps/manager] has finished in [112] ms
18-Dec-2025 07:05:33.278 INFO [main] org.apache.catalina.startup.HostConfig.deployDirectory Deploying web application directory [/opt/lms/tomcat/webapps/examples]
18-Dec-2025 07:05:33.901 INFO [main] org.apache.catalina.startup.HostConfig.deployDirectory Deployment of web application directory [/opt/lms/tomcat/webapps/examples] has finished in [623] ms
18-Dec-2025 07:05:33.901 INFO [main] org.apache.catalina.startup.HostConfig.deployDirectory Deploying web application directory [/opt/lms/tomcat/webapps/ROOT]
18-Dec-2025 07:05:33.948 INFO [main] org.apache.catalina.startup.HostConfig.deployDirectory Deployment of web application directory [/opt/lms/tomcat/webapps/ROOT] has finished in [47] ms
18-Dec-2025 07:05:33.950 INFO [main] org.apache.catalina.startup.HostConfig.deployDirectory Deploying web application directory [/opt/lms/tomcat/webapps/host-manager]
18-Dec-2025 07:05:34.015 INFO [main] org.apache.catalina.startup.HostConfig.deployDirectory Deployment of web application directory [/opt/lms/tomcat/webapps/host-manager] has finished in [64] ms
18-Dec-2025 07:05:34.015 INFO [main] org.apache.catalina.startup.HostConfig.deployDirectory Deploying web application directory [/opt/lms/tomcat/webapps/docs]
18-Dec-2025 07:05:34.080 INFO [main] org.apache.catalina.startup.HostConfig.deployDirectory Deployment of web application directory [/opt/lms/tomcat/webapps/docs] has finished in [65] ms
18-Dec-2025 07:05:34.098 INFO [main] org.apache.coyote.AbstractProtocol.start Starting ProtocolHandler ["http-nio-8001"]
18-Dec-2025 07:05:34.165 INFO [main] org.apache.catalina.startup.Catalina.start Server startup in [5570] milliseconds
18-Dec-2025 07:07:19.057 INFO [main] org.apache.catalina.core.StandardServer.await A valid shutdown command was received via the shutdown port. Stopping the Server instance.
18-Dec-2025 07:07:19.208 INFO [main] org.apache.coyote.AbstractProtocol.pause Pausing ProtocolHandler ["http-nio-8001"]
18-Dec-2025 07:07:19.738 INFO [main] org.apache.catalina.core.StandardService.stopInternal Stopping service [Catalina]
NOTE: Picked up JDK_JAVA_OPTIONS:  --add-opens=java.base/java.lang=ALL-UNNAMED --add-opens=java.base/java.io=ALL-UNNAMED --add-opens=java.base/java.util=ALL-UNNAMED --add-opens=java.base/java.util.concurrent=ALL-UNNAMED --add-opens=java.rmi/sun.rmi.transport=ALL-UNNAMED
18-Dec-2025 07:07:21.022 INFO [main] org.apache.coyote.AbstractProtocol.stop Stopping ProtocolHandler ["http-nio-8001"]
18-Dec-2025 07:07:21.470 INFO [main] org.apache.coyote.AbstractProtocol.destroy Destroying ProtocolHandler ["http-nio-8001"]
18-Dec-2025 07:07:21.847 INFO [main] org.apache.catalina.startup.VersionLoggerListener.log Server version name:   Apache Tomcat/9.0.96
18-Dec-2025 07:07:21.854 INFO [main] org.apache.catalina.startup.VersionLoggerListener.log Server built:          Oct 3 2024 19:44:30 UTC
18-Dec-2025 07:07:21.854 INFO [main] org.apache.catalina.startup.VersionLoggerListener.log Server version number: 9.0.96.0
18-Dec-2025 07:07:21.854 INFO [main] org.apache.catalina.startup.VersionLoggerListener.log OS Name:               Linux
18-Dec-2025 07:07:21.854 INFO [main] org.apache.catalina.startup.VersionLoggerListener.log OS Version:            6.8.0-1043-aws
18-Dec-2025 07:07:21.854 INFO [main] org.apache.catalina.startup.VersionLoggerListener.log Architecture:          amd64
18-Dec-2025 07:07:21.854 INFO [main] org.apache.catalina.startup.VersionLoggerListener.log Java Home:             /usr/lib/jvm/java-17-openjdk-amd64
18-Dec-2025 07:07:21.855 INFO [main] org.apache.catalina.startup.VersionLoggerListener.log JVM Version:           17.0.17+10-Ubuntu-122.04
18-Dec-2025 07:07:21.855 INFO [main] org.apache.catalina.startup.VersionLoggerListener.log JVM Vendor:            Ubuntu
18-Dec-2025 07:07:21.855 INFO [main] org.apache.catalina.startup.VersionLoggerListener.log CATALINA_BASE:         /opt/lms/tomcat
18-Dec-2025 07:07:21.855 INFO [main] org.apache.catalina.startup.VersionLoggerListener.log CATALINA_HOME:         /opt/lms/tomcat
18-Dec-2025 07:07:21.896 INFO [main] org.apache.catalina.startup.VersionLoggerListener.log Command line argument: --add-opens=java.base/java.lang=ALL-UNNAMED
18-Dec-2025 07:07:21.897 INFO [main] org.apache.catalina.startup.VersionLoggerListener.log Command line argument: --add-opens=java.base/java.io=ALL-UNNAMED
18-Dec-2025 07:07:21.898 INFO [main] org.apache.catalina.startup.VersionLoggerListener.log Command line argument: --add-opens=java.base/java.util=ALL-UNNAMED
18-Dec-2025 07:07:21.898 INFO [main] org.apache.catalina.startup.VersionLoggerListener.log Command line argument: --add-opens=java.base/java.util.concurrent=ALL-UNNAMED
18-Dec-2025 07:07:21.898 INFO [main] org.apache.catalina.startup.VersionLoggerListener.log Command line argument: --add-opens=java.rmi/sun.rmi.transport=ALL-UNNAMED
18-Dec-2025 07:07:21.898 INFO [main] org.apache.catalina.startup.VersionLoggerListener.log Command line argument: -Djava.util.logging.config.file=/opt/lms/tomcat/conf/logging.properties
18-Dec-2025 07:07:21.898 INFO [main] org.apache.catalina.startup.VersionLoggerListener.log Command line argument: -Djava.util.logging.manager=org.apache.juli.ClassLoaderLogManager
18-Dec-2025 07:07:21.899 INFO [main] org.apache.catalina.startup.VersionLoggerListener.log Command line argument: -Djdk.tls.ephemeralDHKeySize=2048
18-Dec-2025 07:07:21.899 INFO [main] org.apache.catalina.startup.VersionLoggerListener.log Command line argument: -Djava.protocol.handler.pkgs=org.apache.catalina.webresources
18-Dec-2025 07:07:21.899 INFO [main] org.apache.catalina.startup.VersionLoggerListener.log Command line argument: -Dorg.apache.catalina.security.SecurityListener.UMASK=0027
18-Dec-2025 07:07:21.899 INFO [main] org.apache.catalina.startup.VersionLoggerListener.log Command line argument: -Dignore.endorsed.dirs=
18-Dec-2025 07:07:21.899 INFO [main] org.apache.catalina.startup.VersionLoggerListener.log Command line argument: -Dcatalina.base=/opt/lms/tomcat
18-Dec-2025 07:07:21.899 INFO [main] org.apache.catalina.startup.VersionLoggerListener.log Command line argument: -Dcatalina.home=/opt/lms/tomcat
18-Dec-2025 07:07:21.899 INFO [main] org.apache.catalina.startup.VersionLoggerListener.log Command line argument: -Djava.io.tmpdir=/opt/lms/tomcat/temp
18-Dec-2025 07:07:21.904 INFO [main] org.apache.catalina.core.AprLifecycleListener.lifecycleEvent The Apache Tomcat Native library which allows using OpenSSL was not found on the java.library.path: [/usr/java/packages/lib:/usr/lib/x86_64-linux-gnu/jni:/lib/x86_64-linux-gnu:/usr/lib/x86_64-linux-gnu:/usr/lib/jni:/lib:/usr/lib]
18-Dec-2025 07:07:22.511 INFO [main] org.apache.coyote.AbstractProtocol.init Initializing ProtocolHandler ["http-nio-8001"]
18-Dec-2025 07:07:22.598 INFO [main] org.apache.catalina.startup.Catalina.load Server initialization in [1386] milliseconds
18-Dec-2025 07:07:22.710 INFO [main] org.apache.catalina.core.StandardService.startInternal Starting service [Catalina]
18-Dec-2025 07:07:22.710 INFO [main] org.apache.catalina.core.StandardEngine.startInternal Starting Servlet engine: [Apache Tomcat/9.0.96]
18-Dec-2025 07:07:22.758 INFO [main] org.apache.catalina.startup.HostConfig.deployWAR Deploying web application archive [/opt/lms/tomcat/webapps/ROOT.war]
18-Dec-2025 07:07:23.398 WARNING [main] org.apache.tomcat.util.descriptor.web.WebXml.setVersion Unknown version string [5.0]. Default version will be used.
18-Dec-2025 07:07:25.419 INFO [main] org.apache.jasper.servlet.TldScanner.scanJars At least one JAR was scanned for TLDs yet contained no TLDs. Enable debug logging for this logger for a complete list of JARs that were scanned but no TLDs were found in them. Skipping unneeded JARs during scanning can improve startup time and JSP compilation time.
18-Dec-2025 07:07:25.517 INFO [main] org.apache.catalina.startup.HostConfig.deployWAR Deployment of web application archive [/opt/lms/tomcat/webapps/ROOT.war] has finished in [2,757] ms
18-Dec-2025 07:07:25.518 INFO [main] org.apache.catalina.startup.HostConfig.deployDirectory Deploying web application directory [/opt/lms/tomcat/webapps/manager]
18-Dec-2025 07:07:25.617 INFO [main] org.apache.catalina.startup.HostConfig.deployDirectory Deployment of web application directory [/opt/lms/tomcat/webapps/manager] has finished in [98] ms
18-Dec-2025 07:07:25.617 INFO [main] org.apache.catalina.startup.HostConfig.deployDirectory Deploying web application directory [/opt/lms/tomcat/webapps/examples]
18-Dec-2025 07:07:26.156 INFO [main] org.apache.catalina.startup.HostConfig.deployDirectory Deployment of web application directory [/opt/lms/tomcat/webapps/examples] has finished in [538] ms
18-Dec-2025 07:07:26.156 INFO [main] org.apache.catalina.startup.HostConfig.deployDirectory Deploying web application directory [/opt/lms/tomcat/webapps/lms]
18-Dec-2025 07:07:26.298 WARNING [main] org.apache.tomcat.util.descriptor.web.WebXml.setVersion Unknown version string [5.0]. Default version will be used.
18-Dec-2025 07:07:28.794 INFO [main] org.apache.jasper.servlet.TldScanner.scanJars At least one JAR was scanned for TLDs yet contained no TLDs. Enable debug logging for this logger for a complete list of JARs that were scanned but no TLDs were found in them. Skipping unneeded JARs during scanning can improve startup time and JSP compilation time.
18-Dec-2025 07:07:28.808 INFO [main] org.apache.catalina.startup.HostConfig.deployDirectory Deployment of web application directory [/opt/lms/tomcat/webapps/lms] has finished in [2,648] ms
18-Dec-2025 07:07:28.809 INFO [main] org.apache.catalina.startup.HostConfig.deployDirectory Deploying web application directory [/opt/lms/tomcat/webapps/host-manager]
18-Dec-2025 07:07:28.858 INFO [main] org.apache.catalina.startup.HostConfig.deployDirectory Deployment of web application directory [/opt/lms/tomcat/webapps/host-manager] has finished in [49] ms
18-Dec-2025 07:07:28.863 INFO [main] org.apache.catalina.startup.HostConfig.deployDirectory Deploying web application directory [/opt/lms/tomcat/webapps/docs]
18-Dec-2025 07:07:28.918 INFO [main] org.apache.catalina.startup.HostConfig.deployDirectory Deployment of web application directory [/opt/lms/tomcat/webapps/docs] has finished in [54] ms
18-Dec-2025 07:07:28.930 INFO [main] org.apache.coyote.AbstractProtocol.start Starting ProtocolHandler ["http-nio-8001"]
18-Dec-2025 07:07:28.979 INFO [main] org.apache.catalina.startup.Catalina.start Server startup in [6380] milliseconds
18-Dec-2025 07:11:03.310 INFO [main] org.apache.catalina.core.StandardServer.await A valid shutdown command was received via the shutdown port. Stopping the Server instance.
18-Dec-2025 07:11:03.311 INFO [main] org.apache.coyote.AbstractProtocol.pause Pausing ProtocolHandler ["http-nio-8001"]
18-Dec-2025 07:11:03.324 INFO [main] org.apache.catalina.core.StandardService.stopInternal Stopping service [Catalina]
18-Dec-2025 07:11:03.437 INFO [main] org.apache.coyote.AbstractProtocol.stop Stopping ProtocolHandler ["http-nio-8001"]
18-Dec-2025 07:11:03.452 INFO [main] org.apache.coyote.AbstractProtocol.destroy Destroying ProtocolHandler ["http-nio-8001"]
NOTE: Picked up JDK_JAVA_OPTIONS:  --add-opens=java.base/java.lang=ALL-UNNAMED --add-opens=java.base/java.io=ALL-UNNAMED --add-opens=java.base/java.util=ALL-UNNAMED --add-opens=java.base/java.util.concurrent=ALL-UNNAMED --add-opens=java.rmi/sun.rmi.transport=ALL-UNNAMED
18-Dec-2025 07:11:07.138 INFO [main] org.apache.catalina.startup.VersionLoggerListener.log Server version name:   Apache Tomcat/9.0.96
18-Dec-2025 07:11:07.149 INFO [main] org.apache.catalina.startup.VersionLoggerListener.log Server built:          Oct 3 2024 19:44:30 UTC
18-Dec-2025 07:11:07.150 INFO [main] org.apache.catalina.startup.VersionLoggerListener.log Server version number: 9.0.96.0
18-Dec-2025 07:11:07.150 INFO [main] org.apache.catalina.startup.VersionLoggerListener.log OS Name:               Linux
18-Dec-2025 07:11:07.150 INFO [main] org.apache.catalina.startup.VersionLoggerListener.log OS Version:            6.8.0-1043-aws
18-Dec-2025 07:11:07.150 INFO [main] org.apache.catalina.startup.VersionLoggerListener.log Architecture:          amd64
18-Dec-2025 07:11:07.150 INFO [main] org.apache.catalina.startup.VersionLoggerListener.log Java Home:             /usr/lib/jvm/java-17-openjdk-amd64
18-Dec-2025 07:11:07.151 INFO [main] org.apache.catalina.startup.VersionLoggerListener.log JVM Version:           17.0.17+10-Ubuntu-122.04
18-Dec-2025 07:11:07.154 INFO [main] org.apache.catalina.startup.VersionLoggerListener.log JVM Vendor:            Ubuntu
18-Dec-2025 07:11:07.154 INFO [main] org.apache.catalina.startup.VersionLoggerListener.log CATALINA_BASE:         /opt/lms/tomcat
18-Dec-2025 07:11:07.154 INFO [main] org.apache.catalina.startup.VersionLoggerListener.log CATALINA_HOME:         /opt/lms/tomcat
18-Dec-2025 07:11:07.214 INFO [main] org.apache.catalina.startup.VersionLoggerListener.log Command line argument: --add-opens=java.base/java.lang=ALL-UNNAMED
18-Dec-2025 07:11:07.214 INFO [main] org.apache.catalina.startup.VersionLoggerListener.log Command line argument: --add-opens=java.base/java.io=ALL-UNNAMED
18-Dec-2025 07:11:07.214 INFO [main] org.apache.catalina.startup.VersionLoggerListener.log Command line argument: --add-opens=java.base/java.util=ALL-UNNAMED
18-Dec-2025 07:11:07.214 INFO [main] org.apache.catalina.startup.VersionLoggerListener.log Command line argument: --add-opens=java.base/java.util.concurrent=ALL-UNNAMED
18-Dec-2025 07:11:07.214 INFO [main] org.apache.catalina.startup.VersionLoggerListener.log Command line argument: --add-opens=java.rmi/sun.rmi.transport=ALL-UNNAMED
18-Dec-2025 07:11:07.215 INFO [main] org.apache.catalina.startup.VersionLoggerListener.log Command line argument: -Djava.util.logging.config.file=/opt/lms/tomcat/conf/logging.properties
18-Dec-2025 07:11:07.219 INFO [main] org.apache.catalina.startup.VersionLoggerListener.log Command line argument: -Djava.util.logging.manager=org.apache.juli.ClassLoaderLogManager
18-Dec-2025 07:11:07.219 INFO [main] org.apache.catalina.startup.VersionLoggerListener.log Command line argument: -Djdk.tls.ephemeralDHKeySize=2048
18-Dec-2025 07:11:07.219 INFO [main] org.apache.catalina.startup.VersionLoggerListener.log Command line argument: -Djava.protocol.handler.pkgs=org.apache.catalina.webresources
18-Dec-2025 07:11:07.220 INFO [main] org.apache.catalina.startup.VersionLoggerListener.log Command line argument: -Dorg.apache.catalina.security.SecurityListener.UMASK=0027
18-Dec-2025 07:11:07.220 INFO [main] org.apache.catalina.startup.VersionLoggerListener.log Command line argument: -Dignore.endorsed.dirs=
18-Dec-2025 07:11:07.220 INFO [main] org.apache.catalina.startup.VersionLoggerListener.log Command line argument: -Dcatalina.base=/opt/lms/tomcat
18-Dec-2025 07:11:07.220 INFO [main] org.apache.catalina.startup.VersionLoggerListener.log Command line argument: -Dcatalina.home=/opt/lms/tomcat
18-Dec-2025 07:11:07.220 INFO [main] org.apache.catalina.startup.VersionLoggerListener.log Command line argument: -Djava.io.tmpdir=/opt/lms/tomcat/temp
18-Dec-2025 07:11:07.225 INFO [main] org.apache.catalina.core.AprLifecycleListener.lifecycleEvent The Apache Tomcat Native library which allows using OpenSSL was not found on the java.library.path: [/usr/java/packages/lib:/usr/lib/x86_64-linux-gnu/jni:/lib/x86_64-linux-gnu:/usr/lib/x86_64-linux-gnu:/usr/lib/jni:/lib:/usr/lib]
18-Dec-2025 07:11:07.960 INFO [main] org.apache.coyote.AbstractProtocol.init Initializing ProtocolHandler ["http-nio-8001"]
18-Dec-2025 07:11:08.016 INFO [main] org.apache.catalina.startup.Catalina.load Server initialization in [1892] milliseconds
18-Dec-2025 07:11:08.153 INFO [main] org.apache.catalina.core.StandardService.startInternal Starting service [Catalina]
18-Dec-2025 07:11:08.153 INFO [main] org.apache.catalina.core.StandardEngine.startInternal Starting Servlet engine: [Apache Tomcat/9.0.96]
18-Dec-2025 07:11:08.188 INFO [main] org.apache.catalina.startup.HostConfig.deployWAR Deploying web application archive [/opt/lms/tomcat/webapps/ROOT.war]
18-Dec-2025 07:11:08.580 WARNING [main] org.apache.tomcat.util.descriptor.web.WebXml.setVersion Unknown version string [5.0]. Default version will be used.
18-Dec-2025 07:11:11.396 INFO [main] org.apache.jasper.servlet.TldScanner.scanJars At least one JAR was scanned for TLDs yet contained no TLDs. Enable debug logging for this logger for a complete list of JARs that were scanned but no TLDs were found in them. Skipping unneeded JARs during scanning can improve startup time and JSP compilation time.
18-Dec-2025 07:11:11.495 INFO [main] org.apache.catalina.startup.HostConfig.deployWAR Deployment of web application archive [/opt/lms/tomcat/webapps/ROOT.war] has finished in [3,305] ms
18-Dec-2025 07:11:11.495 INFO [main] org.apache.catalina.startup.HostConfig.deployDirectory Deploying web application directory [/opt/lms/tomcat/webapps/manager]
18-Dec-2025 07:11:11.551 INFO [main] org.apache.catalina.startup.HostConfig.deployDirectory Deployment of web application directory [/opt/lms/tomcat/webapps/manager] has finished in [56] ms
18-Dec-2025 07:11:11.551 INFO [main] org.apache.catalina.startup.HostConfig.deployDirectory Deploying web application directory [/opt/lms/tomcat/webapps/examples]
18-Dec-2025 07:11:12.009 INFO [main] org.apache.catalina.startup.HostConfig.deployDirectory Deployment of web application directory [/opt/lms/tomcat/webapps/examples] has finished in [456] ms
18-Dec-2025 07:11:12.010 INFO [main] org.apache.catalina.startup.HostConfig.deployDirectory Deploying web application directory [/opt/lms/tomcat/webapps/lms]
18-Dec-2025 07:11:12.146 WARNING [main] org.apache.tomcat.util.descriptor.web.WebXml.setVersion Unknown version string [5.0]. Default version will be used.
18-Dec-2025 07:11:13.835 INFO [main] org.apache.jasper.servlet.TldScanner.scanJars At least one JAR was scanned for TLDs yet contained no TLDs. Enable debug logging for this logger for a complete list of JARs that were scanned but no TLDs were found in them. Skipping unneeded JARs during scanning can improve startup time and JSP compilation time.
18-Dec-2025 07:11:13.851 INFO [main] org.apache.catalina.startup.HostConfig.deployDirectory Deployment of web application directory [/opt/lms/tomcat/webapps/lms] has finished in [1,841] ms
18-Dec-2025 07:11:13.852 INFO [main] org.apache.catalina.startup.HostConfig.deployDirectory Deploying web application directory [/opt/lms/tomcat/webapps/host-manager]
18-Dec-2025 07:11:13.894 INFO [main] org.apache.catalina.startup.HostConfig.deployDirectory Deployment of web application directory [/opt/lms/tomcat/webapps/host-manager] has finished in [42] ms
18-Dec-2025 07:11:13.894 INFO [main] org.apache.catalina.startup.HostConfig.deployDirectory Deploying web application directory [/opt/lms/tomcat/webapps/docs]
18-Dec-2025 07:11:13.939 INFO [main] org.apache.catalina.startup.HostConfig.deployDirectory Deployment of web application directory [/opt/lms/tomcat/webapps/docs] has finished in [45] ms
18-Dec-2025 07:11:13.945 INFO [main] org.apache.coyote.AbstractProtocol.start Starting ProtocolHandler ["http-nio-8001"]
18-Dec-2025 07:11:13.979 INFO [main] org.apache.catalina.startup.Catalina.start Server startup in [5962] milliseconds
18-Dec-2025 07:15:20.981 INFO [main] org.apache.catalina.core.StandardServer.await A valid shutdown command was received via the shutdown port. Stopping the Server instance.
18-Dec-2025 07:15:21.184 INFO [main] org.apache.coyote.AbstractProtocol.pause Pausing ProtocolHandler ["http-nio-8001"]
18-Dec-2025 07:15:21.666 INFO [main] org.apache.catalina.core.StandardService.stopInternal Stopping service [Catalina]
18-Dec-2025 07:15:22.915 INFO [main] org.apache.coyote.AbstractProtocol.stop Stopping ProtocolHandler ["http-nio-8001"]
18-Dec-2025 07:15:23.230 INFO [main] org.apache.coyote.AbstractProtocol.destroy Destroying ProtocolHandler ["http-nio-8001"]
NOTE: Picked up JDK_JAVA_OPTIONS:  --add-opens=java.base/java.lang=ALL-UNNAMED --add-opens=java.base/java.io=ALL-UNNAMED --add-opens=java.base/java.util=ALL-UNNAMED --add-opens=java.base/java.util.concurrent=ALL-UNNAMED --add-opens=java.rmi/sun.rmi.transport=ALL-UNNAMED
29-Dec-2025 06:56:31.743 INFO [main] org.apache.catalina.startup.VersionLoggerListener.log Server version name:   Apache Tomcat/9.0.96
29-Dec-2025 06:56:31.750 INFO [main] org.apache.catalina.startup.VersionLoggerListener.log Server built:          Oct 3 2024 19:44:30 UTC
29-Dec-2025 06:56:31.750 INFO [main] org.apache.catalina.startup.VersionLoggerListener.log Server version number: 9.0.96.0
29-Dec-2025 06:56:31.750 INFO [main] org.apache.catalina.startup.VersionLoggerListener.log OS Name:               Linux
29-Dec-2025 06:56:31.750 INFO [main] org.apache.catalina.startup.VersionLoggerListener.log OS Version:            6.8.0-1044-aws
29-Dec-2025 06:56:31.750 INFO [main] org.apache.catalina.startup.VersionLoggerListener.log Architecture:          amd64
29-Dec-2025 06:56:31.750 INFO [main] org.apache.catalina.startup.VersionLoggerListener.log Java Home:             /usr/lib/jvm/java-17-openjdk-amd64
29-Dec-2025 06:56:31.750 INFO [main] org.apache.catalina.startup.VersionLoggerListener.log JVM Version:           17.0.17+10-Ubuntu-122.04
29-Dec-2025 06:56:31.751 INFO [main] org.apache.catalina.startup.VersionLoggerListener.log JVM Vendor:            Ubuntu
29-Dec-2025 06:56:31.751 INFO [main] org.apache.catalina.startup.VersionLoggerListener.log CATALINA_BASE:         /opt/lms/tomcat
29-Dec-2025 06:56:31.751 INFO [main] org.apache.catalina.startup.VersionLoggerListener.log CATALINA_HOME:         /opt/lms/tomcat
29-Dec-2025 06:56:31.784 INFO [main] org.apache.catalina.startup.VersionLoggerListener.log Command line argument: --add-opens=java.base/java.lang=ALL-UNNAMED
29-Dec-2025 06:56:31.785 INFO [main] org.apache.catalina.startup.VersionLoggerListener.log Command line argument: --add-opens=java.base/java.io=ALL-UNNAMED
29-Dec-2025 06:56:31.785 INFO [main] org.apache.catalina.startup.VersionLoggerListener.log Command line argument: --add-opens=java.base/java.util=ALL-UNNAMED
29-Dec-2025 06:56:31.785 INFO [main] org.apache.catalina.startup.VersionLoggerListener.log Command line argument: --add-opens=java.base/java.util.concurrent=ALL-UNNAMED
29-Dec-2025 06:56:31.785 INFO [main] org.apache.catalina.startup.VersionLoggerListener.log Command line argument: --add-opens=java.rmi/sun.rmi.transport=ALL-UNNAMED
29-Dec-2025 06:56:31.785 INFO [main] org.apache.catalina.startup.VersionLoggerListener.log Command line argument: -Djava.util.logging.config.file=/opt/lms/tomcat/conf/logging.properties
29-Dec-2025 06:56:31.785 INFO [main] org.apache.catalina.startup.VersionLoggerListener.log Command line argument: -Djava.util.logging.manager=org.apache.juli.ClassLoaderLogManager
29-Dec-2025 06:56:31.785 INFO [main] org.apache.catalina.startup.VersionLoggerListener.log Command line argument: -Djdk.tls.ephemeralDHKeySize=2048
29-Dec-2025 06:56:31.785 INFO [main] org.apache.catalina.startup.VersionLoggerListener.log Command line argument: -Djava.protocol.handler.pkgs=org.apache.catalina.webresources
29-Dec-2025 06:56:31.785 INFO [main] org.apache.catalina.startup.VersionLoggerListener.log Command line argument: -Dorg.apache.catalina.security.SecurityListener.UMASK=0027
29-Dec-2025 06:56:31.785 INFO [main] org.apache.catalina.startup.VersionLoggerListener.log Command line argument: -Dignore.endorsed.dirs=
29-Dec-2025 06:56:31.785 INFO [main] org.apache.catalina.startup.VersionLoggerListener.log Command line argument: -Dcatalina.base=/opt/lms/tomcat
29-Dec-2025 06:56:31.785 INFO [main] org.apache.catalina.startup.VersionLoggerListener.log Command line argument: -Dcatalina.home=/opt/lms/tomcat
29-Dec-2025 06:56:31.786 INFO [main] org.apache.catalina.startup.VersionLoggerListener.log Command line argument: -Djava.io.tmpdir=/opt/lms/tomcat/temp
29-Dec-2025 06:56:31.794 INFO [main] org.apache.catalina.core.AprLifecycleListener.lifecycleEvent The Apache Tomcat Native library which allows using OpenSSL was not found on the java.library.path: [/usr/java/packages/lib:/usr/lib/x86_64-linux-gnu/jni:/lib/x86_64-linux-gnu:/usr/lib/x86_64-linux-gnu:/usr/lib/jni:/lib:/usr/lib]
29-Dec-2025 06:56:32.248 INFO [main] org.apache.coyote.AbstractProtocol.init Initializing ProtocolHandler ["http-nio-8001"]
29-Dec-2025 06:56:32.302 INFO [main] org.apache.catalina.startup.Catalina.load Server initialization in [923] milliseconds
29-Dec-2025 06:56:32.392 INFO [main] org.apache.catalina.core.StandardService.startInternal Starting service [Catalina]
29-Dec-2025 06:56:32.392 INFO [main] org.apache.catalina.core.StandardEngine.startInternal Starting Servlet engine: [Apache Tomcat/9.0.96]
29-Dec-2025 06:56:32.411 INFO [main] org.apache.catalina.startup.HostConfig.deployWAR Deploying web application archive [/opt/lms/tomcat/webapps/ROOT.war]
29-Dec-2025 06:56:32.696 WARNING [main] org.apache.tomcat.util.descriptor.web.WebXml.setVersion Unknown version string [5.0]. Default version will be used.
29-Dec-2025 06:56:34.576 INFO [main] org.apache.jasper.servlet.TldScanner.scanJars At least one JAR was scanned for TLDs yet contained no TLDs. Enable debug logging for this logger for a complete list of JARs that were scanned but no TLDs were found in them. Skipping unneeded JARs during scanning can improve startup time and JSP compilation time.
29-Dec-2025 06:56:34.629 INFO [main] org.apache.catalina.startup.HostConfig.deployWAR Deployment of web application archive [/opt/lms/tomcat/webapps/ROOT.war] has finished in [2,215] ms
29-Dec-2025 06:56:34.629 INFO [main] org.apache.catalina.startup.HostConfig.deployDirectory Deploying web application directory [/opt/lms/tomcat/webapps/manager]
29-Dec-2025 06:56:34.672 INFO [main] org.apache.catalina.startup.HostConfig.deployDirectory Deployment of web application directory [/opt/lms/tomcat/webapps/manager] has finished in [43] ms
29-Dec-2025 06:56:34.673 INFO [main] org.apache.catalina.startup.HostConfig.deployDirectory Deploying web application directory [/opt/lms/tomcat/webapps/examples]
29-Dec-2025 06:56:35.010 INFO [main] org.apache.catalina.startup.HostConfig.deployDirectory Deployment of web application directory [/opt/lms/tomcat/webapps/examples] has finished in [338] ms
29-Dec-2025 06:56:35.011 INFO [main] org.apache.catalina.startup.HostConfig.deployDirectory Deploying web application directory [/opt/lms/tomcat/webapps/lms]
29-Dec-2025 06:56:35.139 WARNING [main] org.apache.tomcat.util.descriptor.web.WebXml.setVersion Unknown version string [5.0]. Default version will be used.
29-Dec-2025 06:56:36.427 INFO [main] org.apache.jasper.servlet.TldScanner.scanJars At least one JAR was scanned for TLDs yet contained no TLDs. Enable debug logging for this logger for a complete list of JARs that were scanned but no TLDs were found in them. Skipping unneeded JARs during scanning can improve startup time and JSP compilation time.
29-Dec-2025 06:56:36.435 INFO [main] org.apache.catalina.startup.HostConfig.deployDirectory Deployment of web application directory [/opt/lms/tomcat/webapps/lms] has finished in [1,424] ms
29-Dec-2025 06:56:36.436 INFO [main] org.apache.catalina.startup.HostConfig.deployDirectory Deploying web application directory [/opt/lms/tomcat/webapps/host-manager]
29-Dec-2025 06:56:36.472 INFO [main] org.apache.catalina.startup.HostConfig.deployDirectory Deployment of web application directory [/opt/lms/tomcat/webapps/host-manager] has finished in [36] ms
29-Dec-2025 06:56:36.473 INFO [main] org.apache.catalina.startup.HostConfig.deployDirectory Deploying web application directory [/opt/lms/tomcat/webapps/docs]
29-Dec-2025 06:56:36.499 INFO [main] org.apache.catalina.startup.HostConfig.deployDirectory Deployment of web application directory [/opt/lms/tomcat/webapps/docs] has finished in [27] ms
29-Dec-2025 06:56:36.504 INFO [main] org.apache.coyote.AbstractProtocol.start Starting ProtocolHandler ["http-nio-8001"]
29-Dec-2025 06:56:36.520 INFO [main] org.apache.catalina.startup.Catalina.start Server startup in [4215] milliseconds
NOTE: Picked up JDK_JAVA_OPTIONS:  --add-opens=java.base/java.lang=ALL-UNNAMED --add-opens=java.base/java.io=ALL-UNNAMED --add-opens=java.base/java.util=ALL-UNNAMED --add-opens=java.base/java.util.concurrent=ALL-UNNAMED --add-opens=java.rmi/sun.rmi.transport=ALL-UNNAMED
07-Jan-2026 09:19:31.014 INFO [main] org.apache.catalina.startup.VersionLoggerListener.log Server version name:   Apache Tomcat/9.0.96
07-Jan-2026 09:19:31.018 INFO [main] org.apache.catalina.startup.VersionLoggerListener.log Server built:          Oct 3 2024 19:44:30 UTC
07-Jan-2026 09:19:31.018 INFO [main] org.apache.catalina.startup.VersionLoggerListener.log Server version number: 9.0.96.0
07-Jan-2026 09:19:31.018 INFO [main] org.apache.catalina.startup.VersionLoggerListener.log OS Name:               Linux
07-Jan-2026 09:19:31.019 INFO [main] org.apache.catalina.startup.VersionLoggerListener.log OS Version:            6.8.0-1044-aws
07-Jan-2026 09:19:31.019 INFO [main] org.apache.catalina.startup.VersionLoggerListener.log Architecture:          amd64
07-Jan-2026 09:19:31.019 INFO [main] org.apache.catalina.startup.VersionLoggerListener.log Java Home:             /usr/lib/jvm/java-11-openjdk-amd64
07-Jan-2026 09:19:31.019 INFO [main] org.apache.catalina.startup.VersionLoggerListener.log JVM Version:           11.0.29+7-post-Ubuntu-1ubuntu122.04
07-Jan-2026 09:19:31.019 INFO [main] org.apache.catalina.startup.VersionLoggerListener.log JVM Vendor:            Ubuntu
07-Jan-2026 09:19:31.019 INFO [main] org.apache.catalina.startup.VersionLoggerListener.log CATALINA_BASE:         /opt/lms/tomcat
07-Jan-2026 09:19:31.019 INFO [main] org.apache.catalina.startup.VersionLoggerListener.log CATALINA_HOME:         /opt/lms/tomcat
07-Jan-2026 09:19:31.055 INFO [main] org.apache.catalina.startup.VersionLoggerListener.log Command line argument: --add-opens=java.base/java.lang=ALL-UNNAMED
07-Jan-2026 09:19:31.055 INFO [main] org.apache.catalina.startup.VersionLoggerListener.log Command line argument: --add-opens=java.base/java.io=ALL-UNNAMED
07-Jan-2026 09:19:31.055 INFO [main] org.apache.catalina.startup.VersionLoggerListener.log Command line argument: --add-opens=java.base/java.util=ALL-UNNAMED
07-Jan-2026 09:19:31.055 INFO [main] org.apache.catalina.startup.VersionLoggerListener.log Command line argument: --add-opens=java.base/java.util.concurrent=ALL-UNNAMED
07-Jan-2026 09:19:31.056 INFO [main] org.apache.catalina.startup.VersionLoggerListener.log Command line argument: --add-opens=java.rmi/sun.rmi.transport=ALL-UNNAMED
07-Jan-2026 09:19:31.056 INFO [main] org.apache.catalina.startup.VersionLoggerListener.log Command line argument: -Djava.util.logging.config.file=/opt/lms/tomcat/conf/logging.properties
07-Jan-2026 09:19:31.056 INFO [main] org.apache.catalina.startup.VersionLoggerListener.log Command line argument: -Djava.util.logging.manager=org.apache.juli.ClassLoaderLogManager
07-Jan-2026 09:19:31.057 INFO [main] org.apache.catalina.startup.VersionLoggerListener.log Command line argument: -Djdk.tls.ephemeralDHKeySize=2048
07-Jan-2026 09:19:31.058 INFO [main] org.apache.catalina.startup.VersionLoggerListener.log Command line argument: -Djava.protocol.handler.pkgs=org.apache.catalina.webresources
07-Jan-2026 09:19:31.058 INFO [main] org.apache.catalina.startup.VersionLoggerListener.log Command line argument: -Dorg.apache.catalina.security.SecurityListener.UMASK=0027
07-Jan-2026 09:19:31.058 INFO [main] org.apache.catalina.startup.VersionLoggerListener.log Command line argument: -Dignore.endorsed.dirs=
07-Jan-2026 09:19:31.058 INFO [main] org.apache.catalina.startup.VersionLoggerListener.log Command line argument: -Dcatalina.base=/opt/lms/tomcat
07-Jan-2026 09:19:31.059 INFO [main] org.apache.catalina.startup.VersionLoggerListener.log Command line argument: -Dcatalina.home=/opt/lms/tomcat
07-Jan-2026 09:19:31.059 INFO [main] org.apache.catalina.startup.VersionLoggerListener.log Command line argument: -Djava.io.tmpdir=/opt/lms/tomcat/temp
07-Jan-2026 09:19:31.066 INFO [main] org.apache.catalina.core.AprLifecycleListener.lifecycleEvent The Apache Tomcat Native library which allows using OpenSSL was not found on the java.library.path: [/usr/java/packages/lib:/usr/lib/x86_64-linux-gnu/jni:/lib/x86_64-linux-gnu:/usr/lib/x86_64-linux-gnu:/usr/lib/jni:/lib:/usr/lib]
07-Jan-2026 09:19:31.584 INFO [main] org.apache.coyote.AbstractProtocol.init Initializing ProtocolHandler ["http-nio-8001"]
07-Jan-2026 09:19:31.622 SEVERE [main] org.apache.catalina.util.LifecycleBase.handleSubClassException Failed to initialize component [Connector["http-nio-8001"]]
	org.apache.catalina.LifecycleException: Protocol handler initialization failed
		at org.apache.catalina.connector.Connector.initInternal(Connector.java:1027)
		at org.apache.catalina.util.LifecycleBase.init(LifecycleBase.java:122)
		at org.apache.catalina.core.StandardService.initInternal(StandardService.java:525)
		at org.apache.catalina.util.LifecycleBase.init(LifecycleBase.java:122)
		at org.apache.catalina.core.StandardServer.initInternal(StandardServer.java:986)
		at org.apache.catalina.util.LifecycleBase.init(LifecycleBase.java:122)
		at org.apache.catalina.startup.Catalina.load(Catalina.java:686)
		at org.apache.catalina.startup.Catalina.load(Catalina.java:709)
		at java.base/jdk.internal.reflect.NativeMethodAccessorImpl.invoke0(Native Method)
		at java.base/jdk.internal.reflect.NativeMethodAccessorImpl.invoke(NativeMethodAccessorImpl.java:62)
		at java.base/jdk.internal.reflect.DelegatingMethodAccessorImpl.invoke(DelegatingMethodAccessorImpl.java:43)
		at java.base/java.lang.reflect.Method.invoke(Method.java:566)
		at org.apache.catalina.startup.Bootstrap.load(Bootstrap.java:302)
		at org.apache.catalina.startup.Bootstrap.main(Bootstrap.java:472)
	Caused by: java.net.BindException: Address already in use
		at java.base/sun.nio.ch.Net.bind0(Native Method)
		at java.base/sun.nio.ch.Net.bind(Net.java:459)
		at java.base/sun.nio.ch.Net.bind(Net.java:448)
		at java.base/sun.nio.ch.ServerSocketChannelImpl.bind(ServerSocketChannelImpl.java:227)
		at org.apache.tomcat.util.net.NioEndpoint.initServerSocket(NioEndpoint.java:268)
		at org.apache.tomcat.util.net.NioEndpoint.bind(NioEndpoint.java:223)
		at org.apache.tomcat.util.net.AbstractEndpoint.bindWithCleanup(AbstractEndpoint.java:1373)
		at org.apache.tomcat.util.net.AbstractEndpoint.init(AbstractEndpoint.java:1386)
		at org.apache.coyote.AbstractProtocol.init(AbstractProtocol.java:663)
		at org.apache.coyote.http11.AbstractHttp11Protocol.init(AbstractHttp11Protocol.java:77)
		at org.apache.catalina.connector.Connector.initInternal(Connector.java:1025)
		... 13 more
07-Jan-2026 09:19:31.624 INFO [main] org.apache.catalina.startup.Catalina.load Server initialization in [1004] milliseconds
07-Jan-2026 09:19:31.722 INFO [main] org.apache.catalina.core.StandardService.startInternal Starting service [Catalina]
07-Jan-2026 09:19:31.722 INFO [main] org.apache.catalina.core.StandardEngine.startInternal Starting Servlet engine: [Apache Tomcat/9.0.96]
07-Jan-2026 09:19:31.744 INFO [main] org.apache.catalina.startup.HostConfig.deployWAR Deploying web application archive [/opt/lms/tomcat/webapps/ROOT.war]
07-Jan-2026 09:19:31.976 WARNING [main] org.apache.tomcat.util.descriptor.web.WebXml.setVersion Unknown version string [5.0]. Default version will be used.
07-Jan-2026 09:19:34.702 INFO [main] org.apache.jasper.servlet.TldScanner.scanJars At least one JAR was scanned for TLDs yet contained no TLDs. Enable debug logging for this logger for a complete list of JARs that were scanned but no TLDs were found in them. Skipping unneeded JARs during scanning can improve startup time and JSP compilation time.
07-Jan-2026 09:19:34.807 INFO [main] org.apache.catalina.startup.HostConfig.deployWAR Deployment of web application archive [/opt/lms/tomcat/webapps/ROOT.war] has finished in [3,062] ms
07-Jan-2026 09:19:34.808 INFO [main] org.apache.catalina.startup.HostConfig.deployDirectory Deploying web application directory [/opt/lms/tomcat/webapps/manager]
07-Jan-2026 09:19:34.908 INFO [main] org.apache.catalina.startup.HostConfig.deployDirectory Deployment of web application directory [/opt/lms/tomcat/webapps/manager] has finished in [100] ms
07-Jan-2026 09:19:34.909 INFO [main] org.apache.catalina.startup.HostConfig.deployDirectory Deploying web application directory [/opt/lms/tomcat/webapps/examples]
07-Jan-2026 09:19:35.265 INFO [main] org.apache.catalina.startup.HostConfig.deployDirectory Deployment of web application directory [/opt/lms/tomcat/webapps/examples] has finished in [356] ms
07-Jan-2026 09:19:35.266 INFO [main] org.apache.catalina.startup.HostConfig.deployDirectory Deploying web application directory [/opt/lms/tomcat/webapps/lms]
07-Jan-2026 09:19:35.414 WARNING [main] org.apache.tomcat.util.descriptor.web.WebXml.setVersion Unknown version string [5.0]. Default version will be used.
07-Jan-2026 09:19:36.917 INFO [main] org.apache.jasper.servlet.TldScanner.scanJars At least one JAR was scanned for TLDs yet contained no TLDs. Enable debug logging for this logger for a complete list of JARs that were scanned but no TLDs were found in them. Skipping unneeded JARs during scanning can improve startup time and JSP compilation time.
07-Jan-2026 09:19:36.928 INFO [main] org.apache.catalina.startup.HostConfig.deployDirectory Deployment of web application directory [/opt/lms/tomcat/webapps/lms] has finished in [1,662] ms
07-Jan-2026 09:19:36.929 INFO [main] org.apache.catalina.startup.HostConfig.deployDirectory Deploying web application directory [/opt/lms/tomcat/webapps/host-manager]
07-Jan-2026 09:19:36.966 INFO [main] org.apache.catalina.startup.HostConfig.deployDirectory Deployment of web application directory [/opt/lms/tomcat/webapps/host-manager] has finished in [37] ms
07-Jan-2026 09:19:36.967 INFO [main] org.apache.catalina.startup.HostConfig.deployDirectory Deploying web application directory [/opt/lms/tomcat/webapps/docs]
07-Jan-2026 09:19:37.005 INFO [main] org.apache.catalina.startup.HostConfig.deployDirectory Deployment of web application directory [/opt/lms/tomcat/webapps/docs] has finished in [39] ms
07-Jan-2026 09:19:37.028 INFO [main] org.apache.catalina.startup.Catalina.start Server startup in [5404] milliseconds
07-Jan-2026 09:19:37.042 SEVERE [main] org.apache.catalina.core.StandardServer.await Failed to create server shutdown socket on address [localhost] and port [8005] (base port [8005] and offset [0])
	java.net.BindException: Address already in use (Bind failed)
		at java.base/java.net.PlainSocketImpl.socketBind(Native Method)
		at java.base/java.net.AbstractPlainSocketImpl.bind(AbstractPlainSocketImpl.java:452)
		at java.base/java.net.ServerSocket.bind(ServerSocket.java:395)
		at java.base/java.net.ServerSocket.<init>(ServerSocket.java:257)
		at org.apache.catalina.core.StandardServer.await(StandardServer.java:537)
		at org.apache.catalina.startup.Catalina.await(Catalina.java:825)
		at org.apache.catalina.startup.Catalina.start(Catalina.java:773)
		at java.base/jdk.internal.reflect.NativeMethodAccessorImpl.invoke0(Native Method)
		at java.base/jdk.internal.reflect.NativeMethodAccessorImpl.invoke(NativeMethodAccessorImpl.java:62)
		at java.base/jdk.internal.reflect.DelegatingMethodAccessorImpl.invoke(DelegatingMethodAccessorImpl.java:43)
		at java.base/java.lang.reflect.Method.invoke(Method.java:566)
		at org.apache.catalina.startup.Bootstrap.start(Bootstrap.java:345)
		at org.apache.catalina.startup.Bootstrap.main(Bootstrap.java:473)
07-Jan-2026 09:19:37.043 INFO [main] org.apache.coyote.AbstractProtocol.pause Pausing ProtocolHandler ["http-nio-8001"]
07-Jan-2026 09:19:37.043 INFO [main] org.apache.catalina.core.StandardService.stopInternal Stopping service [Catalina]
07-Jan-2026 09:19:37.087 INFO [main] org.apache.coyote.AbstractProtocol.stop Stopping ProtocolHandler ["http-nio-8001"]
07-Jan-2026 09:19:37.092 INFO [main] org.apache.coyote.AbstractProtocol.destroy Destroying ProtocolHandler ["http-nio-8001"]
07-Jan-2026 09:19:37.686 INFO [main] org.apache.catalina.core.StandardServer.await A valid shutdown command was received via the shutdown port. Stopping the Server instance.
07-Jan-2026 09:19:37.715 INFO [main] org.apache.coyote.AbstractProtocol.pause Pausing ProtocolHandler ["http-nio-8001"]
07-Jan-2026 09:19:37.748 INFO [main] org.apache.catalina.core.StandardService.stopInternal Stopping service [Catalina]
07-Jan-2026 09:19:38.000 INFO [main] org.apache.coyote.AbstractProtocol.stop Stopping ProtocolHandler ["http-nio-8001"]
07-Jan-2026 09:19:38.031 INFO [main] org.apache.coyote.AbstractProtocol.destroy Destroying ProtocolHandler ["http-nio-8001"]
NOTE: Picked up JDK_JAVA_OPTIONS:  --add-opens=java.base/java.lang=ALL-UNNAMED --add-opens=java.base/java.io=ALL-UNNAMED --add-opens=java.base/java.util=ALL-UNNAMED --add-opens=java.base/java.util.concurrent=ALL-UNNAMED --add-opens=java.rmi/sun.rmi.transport=ALL-UNNAMED
07-Jan-2026 09:19:48.413 INFO [main] org.apache.catalina.startup.VersionLoggerListener.log Server version name:   Apache Tomcat/9.0.96
07-Jan-2026 09:19:48.419 INFO [main] org.apache.catalina.startup.VersionLoggerListener.log Server built:          Oct 3 2024 19:44:30 UTC
07-Jan-2026 09:19:48.419 INFO [main] org.apache.catalina.startup.VersionLoggerListener.log Server version number: 9.0.96.0
07-Jan-2026 09:19:48.421 INFO [main] org.apache.catalina.startup.VersionLoggerListener.log OS Name:               Linux
07-Jan-2026 09:19:48.421 INFO [main] org.apache.catalina.startup.VersionLoggerListener.log OS Version:            6.8.0-1044-aws
07-Jan-2026 09:19:48.422 INFO [main] org.apache.catalina.startup.VersionLoggerListener.log Architecture:          amd64
07-Jan-2026 09:19:48.422 INFO [main] org.apache.catalina.startup.VersionLoggerListener.log Java Home:             /usr/lib/jvm/java-11-openjdk-amd64
07-Jan-2026 09:19:48.423 INFO [main] org.apache.catalina.startup.VersionLoggerListener.log JVM Version:           11.0.29+7-post-Ubuntu-1ubuntu122.04
07-Jan-2026 09:19:48.423 INFO [main] org.apache.catalina.startup.VersionLoggerListener.log JVM Vendor:            Ubuntu
07-Jan-2026 09:19:48.423 INFO [main] org.apache.catalina.startup.VersionLoggerListener.log CATALINA_BASE:         /opt/lms/tomcat
07-Jan-2026 09:19:48.423 INFO [main] org.apache.catalina.startup.VersionLoggerListener.log CATALINA_HOME:         /opt/lms/tomcat
07-Jan-2026 09:19:48.456 INFO [main] org.apache.catalina.startup.VersionLoggerListener.log Command line argument: --add-opens=java.base/java.lang=ALL-UNNAMED
07-Jan-2026 09:19:48.456 INFO [main] org.apache.catalina.startup.VersionLoggerListener.log Command line argument: --add-opens=java.base/java.io=ALL-UNNAMED
07-Jan-2026 09:19:48.457 INFO [main] org.apache.catalina.startup.VersionLoggerListener.log Command line argument: --add-opens=java.base/java.util=ALL-UNNAMED
07-Jan-2026 09:19:48.457 INFO [main] org.apache.catalina.startup.VersionLoggerListener.log Command line argument: --add-opens=java.base/java.util.concurrent=ALL-UNNAMED
07-Jan-2026 09:19:48.457 INFO [main] org.apache.catalina.startup.VersionLoggerListener.log Command line argument: --add-opens=java.rmi/sun.rmi.transport=ALL-UNNAMED
07-Jan-2026 09:19:48.457 INFO [main] org.apache.catalina.startup.VersionLoggerListener.log Command line argument: -Djava.util.logging.config.file=/opt/lms/tomcat/conf/logging.properties
07-Jan-2026 09:19:48.457 INFO [main] org.apache.catalina.startup.VersionLoggerListener.log Command line argument: -Djava.util.logging.manager=org.apache.juli.ClassLoaderLogManager
07-Jan-2026 09:19:48.457 INFO [main] org.apache.catalina.startup.VersionLoggerListener.log Command line argument: -Djdk.tls.ephemeralDHKeySize=2048
07-Jan-2026 09:19:48.457 INFO [main] org.apache.catalina.startup.VersionLoggerListener.log Command line argument: -Djava.protocol.handler.pkgs=org.apache.catalina.webresources
07-Jan-2026 09:19:48.457 INFO [main] org.apache.catalina.startup.VersionLoggerListener.log Command line argument: -Dorg.apache.catalina.security.SecurityListener.UMASK=0027
07-Jan-2026 09:19:48.457 INFO [main] org.apache.catalina.startup.VersionLoggerListener.log Command line argument: -Dignore.endorsed.dirs=
07-Jan-2026 09:19:48.457 INFO [main] org.apache.catalina.startup.VersionLoggerListener.log Command line argument: -Dcatalina.base=/opt/lms/tomcat
07-Jan-2026 09:19:48.457 INFO [main] org.apache.catalina.startup.VersionLoggerListener.log Command line argument: -Dcatalina.home=/opt/lms/tomcat
07-Jan-2026 09:19:48.457 INFO [main] org.apache.catalina.startup.VersionLoggerListener.log Command line argument: -Djava.io.tmpdir=/opt/lms/tomcat/temp
07-Jan-2026 09:19:48.459 INFO [main] org.apache.catalina.core.AprLifecycleListener.lifecycleEvent The Apache Tomcat Native library which allows using OpenSSL was not found on the java.library.path: [/usr/java/packages/lib:/usr/lib/x86_64-linux-gnu/jni:/lib/x86_64-linux-gnu:/usr/lib/x86_64-linux-gnu:/usr/lib/jni:/lib:/usr/lib]
07-Jan-2026 09:19:49.097 INFO [main] org.apache.coyote.AbstractProtocol.init Initializing ProtocolHandler ["http-nio-8001"]
07-Jan-2026 09:19:49.155 INFO [main] org.apache.catalina.startup.Catalina.load Server initialization in [1122] milliseconds
07-Jan-2026 09:19:49.297 INFO [main] org.apache.catalina.core.StandardService.startInternal Starting service [Catalina]
07-Jan-2026 09:19:49.298 INFO [main] org.apache.catalina.core.StandardEngine.startInternal Starting Servlet engine: [Apache Tomcat/9.0.96]
07-Jan-2026 09:19:49.324 INFO [main] org.apache.catalina.startup.HostConfig.deployWAR Deploying web application archive [/opt/lms/tomcat/webapps/ROOT.war]
07-Jan-2026 09:19:49.738 WARNING [main] org.apache.tomcat.util.descriptor.web.WebXml.setVersion Unknown version string [5.0]. Default version will be used.
07-Jan-2026 09:19:51.745 INFO [main] org.apache.jasper.servlet.TldScanner.scanJars At least one JAR was scanned for TLDs yet contained no TLDs. Enable debug logging for this logger for a complete list of JARs that were scanned but no TLDs were found in them. Skipping unneeded JARs during scanning can improve startup time and JSP compilation time.
07-Jan-2026 09:19:51.787 INFO [main] org.apache.catalina.startup.HostConfig.deployWAR Deployment of web application archive [/opt/lms/tomcat/webapps/ROOT.war] has finished in [2,461] ms
07-Jan-2026 09:19:51.788 INFO [main] org.apache.catalina.startup.HostConfig.deployDirectory Deploying web application directory [/opt/lms/tomcat/webapps/manager]
07-Jan-2026 09:19:51.850 INFO [main] org.apache.catalina.startup.HostConfig.deployDirectory Deployment of web application directory [/opt/lms/tomcat/webapps/manager] has finished in [63] ms
07-Jan-2026 09:19:51.851 INFO [main] org.apache.catalina.startup.HostConfig.deployDirectory Deploying web application directory [/opt/lms/tomcat/webapps/examples]
07-Jan-2026 09:19:52.096 INFO [main] org.apache.catalina.startup.HostConfig.deployDirectory Deployment of web application directory [/opt/lms/tomcat/webapps/examples] has finished in [244] ms
07-Jan-2026 09:19:52.096 INFO [main] org.apache.catalina.startup.HostConfig.deployDirectory Deploying web application directory [/opt/lms/tomcat/webapps/lms]
07-Jan-2026 09:19:52.153 WARNING [main] org.apache.tomcat.util.descriptor.web.WebXml.setVersion Unknown version string [5.0]. Default version will be used.
07-Jan-2026 09:19:53.277 INFO [main] org.apache.jasper.servlet.TldScanner.scanJars At least one JAR was scanned for TLDs yet contained no TLDs. Enable debug logging for this logger for a complete list of JARs that were scanned but no TLDs were found in them. Skipping unneeded JARs during scanning can improve startup time and JSP compilation time.
07-Jan-2026 09:19:53.282 INFO [main] org.apache.catalina.startup.HostConfig.deployDirectory Deployment of web application directory [/opt/lms/tomcat/webapps/lms] has finished in [1,185] ms
07-Jan-2026 09:19:53.282 INFO [main] org.apache.catalina.startup.HostConfig.deployDirectory Deploying web application directory [/opt/lms/tomcat/webapps/host-manager]
07-Jan-2026 09:19:53.309 INFO [main] org.apache.catalina.startup.HostConfig.deployDirectory Deployment of web application directory [/opt/lms/tomcat/webapps/host-manager] has finished in [27] ms
07-Jan-2026 09:19:53.309 INFO [main] org.apache.catalina.startup.HostConfig.deployDirectory Deploying web application directory [/opt/lms/tomcat/webapps/docs]
07-Jan-2026 09:19:53.343 INFO [main] org.apache.catalina.startup.HostConfig.deployDirectory Deployment of web application directory [/opt/lms/tomcat/webapps/docs] has finished in [34] ms
07-Jan-2026 09:19:53.348 INFO [main] org.apache.coyote.AbstractProtocol.start Starting ProtocolHandler ["http-nio-8001"]
07-Jan-2026 09:19:53.366 INFO [main] org.apache.catalina.startup.Catalina.start Server startup in [4208] milliseconds
NOTE: Picked up JDK_JAVA_OPTIONS:  --add-opens=java.base/java.lang=ALL-UNNAMED --add-opens=java.base/java.io=ALL-UNNAMED --add-opens=java.base/java.util=ALL-UNNAMED --add-opens=java.base/java.util.concurrent=ALL-UNNAMED --add-opens=java.rmi/sun.rmi.transport=ALL-UNNAMED
07-Jan-2026 14:40:48.402 INFO [main] org.apache.catalina.startup.VersionLoggerListener.log Server version name:   Apache Tomcat/9.0.96
07-Jan-2026 14:40:48.405 INFO [main] org.apache.catalina.startup.VersionLoggerListener.log Server built:          Oct 3 2024 19:44:30 UTC
07-Jan-2026 14:40:48.406 INFO [main] org.apache.catalina.startup.VersionLoggerListener.log Server version number: 9.0.96.0
07-Jan-2026 14:40:48.406 INFO [main] org.apache.catalina.startup.VersionLoggerListener.log OS Name:               Linux
07-Jan-2026 14:40:48.406 INFO [main] org.apache.catalina.startup.VersionLoggerListener.log OS Version:            6.8.0-1044-aws
07-Jan-2026 14:40:48.406 INFO [main] org.apache.catalina.startup.VersionLoggerListener.log Architecture:          amd64
07-Jan-2026 14:40:48.406 INFO [main] org.apache.catalina.startup.VersionLoggerListener.log Java Home:             /usr/lib/jvm/java-11-openjdk-amd64
07-Jan-2026 14:40:48.407 INFO [main] org.apache.catalina.startup.VersionLoggerListener.log JVM Version:           11.0.29+7-post-Ubuntu-1ubuntu122.04
07-Jan-2026 14:40:48.407 INFO [main] org.apache.catalina.startup.VersionLoggerListener.log JVM Vendor:            Ubuntu
07-Jan-2026 14:40:48.407 INFO [main] org.apache.catalina.startup.VersionLoggerListener.log CATALINA_BASE:         /opt/lms/tomcat
07-Jan-2026 14:40:48.407 INFO [main] org.apache.catalina.startup.VersionLoggerListener.log CATALINA_HOME:         /opt/lms/tomcat
07-Jan-2026 14:40:48.442 INFO [main] org.apache.catalina.startup.VersionLoggerListener.log Command line argument: --add-opens=java.base/java.lang=ALL-UNNAMED
07-Jan-2026 14:40:48.442 INFO [main] org.apache.catalina.startup.VersionLoggerListener.log Command line argument: --add-opens=java.base/java.io=ALL-UNNAMED
07-Jan-2026 14:40:48.442 INFO [main] org.apache.catalina.startup.VersionLoggerListener.log Command line argument: --add-opens=java.base/java.util=ALL-UNNAMED
07-Jan-2026 14:40:48.443 INFO [main] org.apache.catalina.startup.VersionLoggerListener.log Command line argument: --add-opens=java.base/java.util.concurrent=ALL-UNNAMED
07-Jan-2026 14:40:48.443 INFO [main] org.apache.catalina.startup.VersionLoggerListener.log Command line argument: --add-opens=java.rmi/sun.rmi.transport=ALL-UNNAMED
07-Jan-2026 14:40:48.443 INFO [main] org.apache.catalina.startup.VersionLoggerListener.log Command line argument: -Djava.util.logging.config.file=/opt/lms/tomcat/conf/logging.properties
07-Jan-2026 14:40:48.443 INFO [main] org.apache.catalina.startup.VersionLoggerListener.log Command line argument: -Djava.util.logging.manager=org.apache.juli.ClassLoaderLogManager
07-Jan-2026 14:40:48.443 INFO [main] org.apache.catalina.startup.VersionLoggerListener.log Command line argument: -Djdk.tls.ephemeralDHKeySize=2048
07-Jan-2026 14:40:48.443 INFO [main] org.apache.catalina.startup.VersionLoggerListener.log Command line argument: -Djava.protocol.handler.pkgs=org.apache.catalina.webresources
07-Jan-2026 14:40:48.443 INFO [main] org.apache.catalina.startup.VersionLoggerListener.log Command line argument: -Dorg.apache.catalina.security.SecurityListener.UMASK=0027
07-Jan-2026 14:40:48.443 INFO [main] org.apache.catalina.startup.VersionLoggerListener.log Command line argument: -Dignore.endorsed.dirs=
07-Jan-2026 14:40:48.443 INFO [main] org.apache.catalina.startup.VersionLoggerListener.log Command line argument: -Dcatalina.base=/opt/lms/tomcat
07-Jan-2026 14:40:48.444 INFO [main] org.apache.catalina.startup.VersionLoggerListener.log Command line argument: -Dcatalina.home=/opt/lms/tomcat
07-Jan-2026 14:40:48.444 INFO [main] org.apache.catalina.startup.VersionLoggerListener.log Command line argument: -Djava.io.tmpdir=/opt/lms/tomcat/temp
07-Jan-2026 14:40:48.449 INFO [main] org.apache.catalina.core.AprLifecycleListener.lifecycleEvent The Apache Tomcat Native library which allows using OpenSSL was not found on the java.library.path: [/usr/java/packages/lib:/usr/lib/x86_64-linux-gnu/jni:/lib/x86_64-linux-gnu:/usr/lib/x86_64-linux-gnu:/usr/lib/jni:/lib:/usr/lib]
07-Jan-2026 14:40:48.970 INFO [main] org.apache.coyote.AbstractProtocol.init Initializing ProtocolHandler ["http-nio-8001"]
07-Jan-2026 14:40:49.042 INFO [main] org.apache.catalina.startup.Catalina.load Server initialization in [1065] milliseconds
07-Jan-2026 14:40:49.151 INFO [main] org.apache.catalina.core.StandardService.startInternal Starting service [Catalina]
07-Jan-2026 14:40:49.153 INFO [main] org.apache.catalina.core.StandardEngine.startInternal Starting Servlet engine: [Apache Tomcat/9.0.96]
07-Jan-2026 14:40:49.180 INFO [main] org.apache.catalina.startup.HostConfig.deployWAR Deploying web application archive [/opt/lms/tomcat/webapps/ROOT.war]
07-Jan-2026 14:40:49.559 WARNING [main] org.apache.tomcat.util.descriptor.web.WebXml.setVersion Unknown version string [5.0]. Default version will be used.
07-Jan-2026 14:40:51.479 INFO [main] org.apache.jasper.servlet.TldScanner.scanJars At least one JAR was scanned for TLDs yet contained no TLDs. Enable debug logging for this logger for a complete list of JARs that were scanned but no TLDs were found in them. Skipping unneeded JARs during scanning can improve startup time and JSP compilation time.
07-Jan-2026 14:40:51.542 INFO [main] org.apache.catalina.startup.HostConfig.deployWAR Deployment of web application archive [/opt/lms/tomcat/webapps/ROOT.war] has finished in [2,362] ms
07-Jan-2026 14:40:51.543 INFO [main] org.apache.catalina.startup.HostConfig.deployDirectory Deploying web application directory [/opt/lms/tomcat/webapps/manager]
07-Jan-2026 14:40:51.608 INFO [main] org.apache.catalina.startup.HostConfig.deployDirectory Deployment of web application directory [/opt/lms/tomcat/webapps/manager] has finished in [65] ms
07-Jan-2026 14:40:51.609 INFO [main] org.apache.catalina.startup.HostConfig.deployDirectory Deploying web application directory [/opt/lms/tomcat/webapps/examples]
07-Jan-2026 14:40:51.902 INFO [main] org.apache.catalina.startup.HostConfig.deployDirectory Deployment of web application directory [/opt/lms/tomcat/webapps/examples] has finished in [294] ms
07-Jan-2026 14:40:51.902 INFO [main] org.apache.catalina.startup.HostConfig.deployDirectory Deploying web application directory [/opt/lms/tomcat/webapps/lms]
07-Jan-2026 14:40:52.014 WARNING [main] org.apache.tomcat.util.descriptor.web.WebXml.setVersion Unknown version string [5.0]. Default version will be used.
07-Jan-2026 14:40:53.236 INFO [main] org.apache.jasper.servlet.TldScanner.scanJars At least one JAR was scanned for TLDs yet contained no TLDs. Enable debug logging for this logger for a complete list of JARs that were scanned but no TLDs were found in them. Skipping unneeded JARs during scanning can improve startup time and JSP compilation time.
07-Jan-2026 14:40:53.247 INFO [main] org.apache.catalina.startup.HostConfig.deployDirectory Deployment of web application directory [/opt/lms/tomcat/webapps/lms] has finished in [1,345] ms
07-Jan-2026 14:40:53.247 INFO [main] org.apache.catalina.startup.HostConfig.deployDirectory Deploying web application directory [/opt/lms/tomcat/webapps/host-manager]
07-Jan-2026 14:40:53.282 INFO [main] org.apache.catalina.startup.HostConfig.deployDirectory Deployment of web application directory [/opt/lms/tomcat/webapps/host-manager] has finished in [33] ms
07-Jan-2026 14:40:53.282 INFO [main] org.apache.catalina.startup.HostConfig.deployDirectory Deploying web application directory [/opt/lms/tomcat/webapps/docs]
07-Jan-2026 14:40:53.314 INFO [main] org.apache.catalina.startup.HostConfig.deployDirectory Deployment of web application directory [/opt/lms/tomcat/webapps/docs] has finished in [31] ms
07-Jan-2026 14:40:53.319 INFO [main] org.apache.coyote.AbstractProtocol.start Starting ProtocolHandler ["http-nio-8001"]
07-Jan-2026 14:40:53.336 INFO [main] org.apache.catalina.startup.Catalina.start Server startup in [4292] milliseconds
07-Jan-2026 16:52:54.011 INFO [Catalina-utility-2] org.apache.catalina.startup.HostConfig.undeploy Undeploying context []
07-Jan-2026 16:52:54.037 SEVERE [Catalina-utility-2] org.apache.catalina.startup.ExpandWar.deleteDir [/opt/lms/tomcat/webapps/ROOT] could not be completely deleted. The presence of the remaining files may cause problems
07-Jan-2026 16:52:54.038 SEVERE [Catalina-utility-2] org.apache.catalina.startup.ExpandWar.delete [/opt/lms/tomcat/webapps/ROOT] could not be completely deleted. The presence of the remaining files may cause problems
07-Jan-2026 16:52:54.038 INFO [Catalina-utility-2] org.apache.catalina.startup.HostConfig.deployDirectory Deploying web application directory [/opt/lms/tomcat/webapps/ROOT]
07-Jan-2026 16:52:54.059 INFO [Catalina-utility-2] org.apache.catalina.startup.HostConfig.deployDirectory Deployment of web application directory [/opt/lms/tomcat/webapps/ROOT] has finished in [21] ms
07-Jan-2026 16:52:56.392 INFO [main] org.apache.catalina.core.StandardServer.await A valid shutdown command was received via the shutdown port. Stopping the Server instance.
07-Jan-2026 16:52:56.393 INFO [main] org.apache.coyote.AbstractProtocol.pause Pausing ProtocolHandler ["http-nio-8001"]
07-Jan-2026 16:52:56.406 INFO [main] org.apache.catalina.core.StandardService.stopInternal Stopping service [Catalina]
07-Jan-2026 16:52:56.455 INFO [main] org.apache.coyote.AbstractProtocol.stop Stopping ProtocolHandler ["http-nio-8001"]
07-Jan-2026 16:52:56.465 INFO [main] org.apache.coyote.AbstractProtocol.destroy Destroying ProtocolHandler ["http-nio-8001"]
NOTE: Picked up JDK_JAVA_OPTIONS:  --add-opens=java.base/java.lang=ALL-UNNAMED --add-opens=java.base/java.io=ALL-UNNAMED --add-opens=java.base/java.util=ALL-UNNAMED --add-opens=java.base/java.util.concurrent=ALL-UNNAMED --add-opens=java.rmi/sun.rmi.transport=ALL-UNNAMED
07-Jan-2026 16:52:57.082 INFO [main] org.apache.catalina.startup.VersionLoggerListener.log Server version name:   Apache Tomcat/9.0.96
07-Jan-2026 16:52:57.090 INFO [main] org.apache.catalina.startup.VersionLoggerListener.log Server built:          Oct 3 2024 19:44:30 UTC
07-Jan-2026 16:52:57.090 INFO [main] org.apache.catalina.startup.VersionLoggerListener.log Server version number: 9.0.96.0
07-Jan-2026 16:52:57.090 INFO [main] org.apache.catalina.startup.VersionLoggerListener.log OS Name:               Linux
07-Jan-2026 16:52:57.090 INFO [main] org.apache.catalina.startup.VersionLoggerListener.log OS Version:            6.8.0-1044-aws
07-Jan-2026 16:52:57.091 INFO [main] org.apache.catalina.startup.VersionLoggerListener.log Architecture:          amd64
07-Jan-2026 16:52:57.091 INFO [main] org.apache.catalina.startup.VersionLoggerListener.log Java Home:             /usr/lib/jvm/java-11-openjdk-amd64
07-Jan-2026 16:52:57.091 INFO [main] org.apache.catalina.startup.VersionLoggerListener.log JVM Version:           11.0.29+7-post-Ubuntu-1ubuntu122.04
07-Jan-2026 16:52:57.091 INFO [main] org.apache.catalina.startup.VersionLoggerListener.log JVM Vendor:            Ubuntu
07-Jan-2026 16:52:57.093 INFO [main] org.apache.catalina.startup.VersionLoggerListener.log CATALINA_BASE:         /opt/lms/tomcat
07-Jan-2026 16:52:57.093 INFO [main] org.apache.catalina.startup.VersionLoggerListener.log CATALINA_HOME:         /opt/lms/tomcat
07-Jan-2026 16:52:57.110 INFO [main] org.apache.catalina.startup.VersionLoggerListener.log Command line argument: --add-opens=java.base/java.lang=ALL-UNNAMED
07-Jan-2026 16:52:57.110 INFO [main] org.apache.catalina.startup.VersionLoggerListener.log Command line argument: --add-opens=java.base/java.io=ALL-UNNAMED
07-Jan-2026 16:52:57.111 INFO [main] org.apache.catalina.startup.VersionLoggerListener.log Command line argument: --add-opens=java.base/java.util=ALL-UNNAMED
07-Jan-2026 16:52:57.111 INFO [main] org.apache.catalina.startup.VersionLoggerListener.log Command line argument: --add-opens=java.base/java.util.concurrent=ALL-UNNAMED
07-Jan-2026 16:52:57.111 INFO [main] org.apache.catalina.startup.VersionLoggerListener.log Command line argument: --add-opens=java.rmi/sun.rmi.transport=ALL-UNNAMED
07-Jan-2026 16:52:57.111 INFO [main] org.apache.catalina.startup.VersionLoggerListener.log Command line argument: -Djava.util.logging.config.file=/opt/lms/tomcat/conf/logging.properties
07-Jan-2026 16:52:57.111 INFO [main] org.apache.catalina.startup.VersionLoggerListener.log Command line argument: -Djava.util.logging.manager=org.apache.juli.ClassLoaderLogManager
07-Jan-2026 16:52:57.111 INFO [main] org.apache.catalina.startup.VersionLoggerListener.log Command line argument: -Djdk.tls.ephemeralDHKeySize=2048
07-Jan-2026 16:52:57.111 INFO [main] org.apache.catalina.startup.VersionLoggerListener.log Command line argument: -Djava.protocol.handler.pkgs=org.apache.catalina.webresources
07-Jan-2026 16:52:57.111 INFO [main] org.apache.catalina.startup.VersionLoggerListener.log Command line argument: -Dorg.apache.catalina.security.SecurityListener.UMASK=0027
07-Jan-2026 16:52:57.111 INFO [main] org.apache.catalina.startup.VersionLoggerListener.log Command line argument: -Dignore.endorsed.dirs=
07-Jan-2026 16:52:57.112 INFO [main] org.apache.catalina.startup.VersionLoggerListener.log Command line argument: -Dcatalina.base=/opt/lms/tomcat
07-Jan-2026 16:52:57.112 INFO [main] org.apache.catalina.startup.VersionLoggerListener.log Command line argument: -Dcatalina.home=/opt/lms/tomcat
07-Jan-2026 16:52:57.112 INFO [main] org.apache.catalina.startup.VersionLoggerListener.log Command line argument: -Djava.io.tmpdir=/opt/lms/tomcat/temp
07-Jan-2026 16:52:57.123 INFO [main] org.apache.catalina.core.AprLifecycleListener.lifecycleEvent The Apache Tomcat Native library which allows using OpenSSL was not found on the java.library.path: [/usr/java/packages/lib:/usr/lib/x86_64-linux-gnu/jni:/lib/x86_64-linux-gnu:/usr/lib/x86_64-linux-gnu:/usr/lib/jni:/lib:/usr/lib]
07-Jan-2026 16:52:57.705 INFO [main] org.apache.coyote.AbstractProtocol.init Initializing ProtocolHandler ["http-nio-8001"]
07-Jan-2026 16:52:57.755 INFO [main] org.apache.catalina.startup.Catalina.load Server initialization in [981] milliseconds
07-Jan-2026 16:52:57.852 INFO [main] org.apache.catalina.core.StandardService.startInternal Starting service [Catalina]
07-Jan-2026 16:52:57.852 INFO [main] org.apache.catalina.core.StandardEngine.startInternal Starting Servlet engine: [Apache Tomcat/9.0.96]
07-Jan-2026 16:52:57.861 INFO [main] org.apache.catalina.startup.HostConfig.deployDirectory Deploying web application directory [/opt/lms/tomcat/webapps/manager]
07-Jan-2026 16:52:58.280 INFO [main] org.apache.catalina.startup.HostConfig.deployDirectory Deployment of web application directory [/opt/lms/tomcat/webapps/manager] has finished in [418] ms
07-Jan-2026 16:52:58.280 INFO [main] org.apache.catalina.startup.HostConfig.deployDirectory Deploying web application directory [/opt/lms/tomcat/webapps/examples]
07-Jan-2026 16:52:58.592 INFO [main] org.apache.catalina.startup.HostConfig.deployDirectory Deployment of web application directory [/opt/lms/tomcat/webapps/examples] has finished in [312] ms
07-Jan-2026 16:52:58.592 INFO [main] org.apache.catalina.startup.HostConfig.deployDirectory Deploying web application directory [/opt/lms/tomcat/webapps/ROOT]
07-Jan-2026 16:52:58.642 INFO [main] org.apache.catalina.startup.HostConfig.deployDirectory Deployment of web application directory [/opt/lms/tomcat/webapps/ROOT] has finished in [50] ms
07-Jan-2026 16:52:58.642 INFO [main] org.apache.catalina.startup.HostConfig.deployDirectory Deploying web application directory [/opt/lms/tomcat/webapps/lms]
07-Jan-2026 16:52:58.715 WARNING [main] org.apache.tomcat.util.descriptor.web.WebXml.setVersion Unknown version string [5.0]. Default version will be used.
07-Jan-2026 16:53:00.095 INFO [main] org.apache.jasper.servlet.TldScanner.scanJars At least one JAR was scanned for TLDs yet contained no TLDs. Enable debug logging for this logger for a complete list of JARs that were scanned but no TLDs were found in them. Skipping unneeded JARs during scanning can improve startup time and JSP compilation time.
07-Jan-2026 16:53:00.099 INFO [main] org.apache.catalina.startup.HostConfig.deployDirectory Deployment of web application directory [/opt/lms/tomcat/webapps/lms] has finished in [1,457] ms
07-Jan-2026 16:53:00.099 INFO [main] org.apache.catalina.startup.HostConfig.deployDirectory Deploying web application directory [/opt/lms/tomcat/webapps/host-manager]
07-Jan-2026 16:53:00.121 INFO [main] org.apache.catalina.startup.HostConfig.deployDirectory Deployment of web application directory [/opt/lms/tomcat/webapps/host-manager] has finished in [21] ms
07-Jan-2026 16:53:00.121 INFO [main] org.apache.catalina.startup.HostConfig.deployDirectory Deploying web application directory [/opt/lms/tomcat/webapps/docs]
07-Jan-2026 16:53:00.140 INFO [main] org.apache.catalina.startup.HostConfig.deployDirectory Deployment of web application directory [/opt/lms/tomcat/webapps/docs] has finished in [19] ms
07-Jan-2026 16:53:00.145 INFO [main] org.apache.coyote.AbstractProtocol.start Starting ProtocolHandler ["http-nio-8001"]
07-Jan-2026 16:53:00.163 INFO [main] org.apache.catalina.startup.Catalina.start Server startup in [2406] milliseconds
07-Jan-2026 16:54:11.505 INFO [main] org.apache.catalina.core.StandardServer.await A valid shutdown command was received via the shutdown port. Stopping the Server instance.
07-Jan-2026 16:54:11.505 INFO [main] org.apache.coyote.AbstractProtocol.pause Pausing ProtocolHandler ["http-nio-8001"]
07-Jan-2026 16:54:11.509 INFO [main] org.apache.catalina.core.StandardService.stopInternal Stopping service [Catalina]
07-Jan-2026 16:54:11.534 INFO [main] org.apache.coyote.AbstractProtocol.stop Stopping ProtocolHandler ["http-nio-8001"]
07-Jan-2026 16:54:11.549 INFO [main] org.apache.coyote.AbstractProtocol.destroy Destroying ProtocolHandler ["http-nio-8001"]
NOTE: Picked up JDK_JAVA_OPTIONS:  --add-opens=java.base/java.lang=ALL-UNNAMED --add-opens=java.base/java.io=ALL-UNNAMED --add-opens=java.base/java.util=ALL-UNNAMED --add-opens=java.base/java.util.concurrent=ALL-UNNAMED --add-opens=java.rmi/sun.rmi.transport=ALL-UNNAMED
07-Jan-2026 16:54:12.188 INFO [main] org.apache.catalina.startup.VersionLoggerListener.log Server version name:   Apache Tomcat/9.0.96
07-Jan-2026 16:54:12.193 INFO [main] org.apache.catalina.startup.VersionLoggerListener.log Server built:          Oct 3 2024 19:44:30 UTC
07-Jan-2026 16:54:12.193 INFO [main] org.apache.catalina.startup.VersionLoggerListener.log Server version number: 9.0.96.0
07-Jan-2026 16:54:12.193 INFO [main] org.apache.catalina.startup.VersionLoggerListener.log OS Name:               Linux
07-Jan-2026 16:54:12.193 INFO [main] org.apache.catalina.startup.VersionLoggerListener.log OS Version:            6.8.0-1044-aws
07-Jan-2026 16:54:12.194 INFO [main] org.apache.catalina.startup.VersionLoggerListener.log Architecture:          amd64
07-Jan-2026 16:54:12.194 INFO [main] org.apache.catalina.startup.VersionLoggerListener.log Java Home:             /usr/lib/jvm/java-11-openjdk-amd64
07-Jan-2026 16:54:12.194 INFO [main] org.apache.catalina.startup.VersionLoggerListener.log JVM Version:           11.0.29+7-post-Ubuntu-1ubuntu122.04
07-Jan-2026 16:54:12.194 INFO [main] org.apache.catalina.startup.VersionLoggerListener.log JVM Vendor:            Ubuntu
07-Jan-2026 16:54:12.195 INFO [main] org.apache.catalina.startup.VersionLoggerListener.log CATALINA_BASE:         /opt/lms/tomcat
07-Jan-2026 16:54:12.195 INFO [main] org.apache.catalina.startup.VersionLoggerListener.log CATALINA_HOME:         /opt/lms/tomcat
07-Jan-2026 16:54:12.214 INFO [main] org.apache.catalina.startup.VersionLoggerListener.log Command line argument: --add-opens=java.base/java.lang=ALL-UNNAMED
07-Jan-2026 16:54:12.215 INFO [main] org.apache.catalina.startup.VersionLoggerListener.log Command line argument: --add-opens=java.base/java.io=ALL-UNNAMED
07-Jan-2026 16:54:12.215 INFO [main] org.apache.catalina.startup.VersionLoggerListener.log Command line argument: --add-opens=java.base/java.util=ALL-UNNAMED
07-Jan-2026 16:54:12.215 INFO [main] org.apache.catalina.startup.VersionLoggerListener.log Command line argument: --add-opens=java.base/java.util.concurrent=ALL-UNNAMED
07-Jan-2026 16:54:12.215 INFO [main] org.apache.catalina.startup.VersionLoggerListener.log Command line argument: --add-opens=java.rmi/sun.rmi.transport=ALL-UNNAMED
07-Jan-2026 16:54:12.215 INFO [main] org.apache.catalina.startup.VersionLoggerListener.log Command line argument: -Djava.util.logging.config.file=/opt/lms/tomcat/conf/logging.properties
07-Jan-2026 16:54:12.215 INFO [main] org.apache.catalina.startup.VersionLoggerListener.log Command line argument: -Djava.util.logging.manager=org.apache.juli.ClassLoaderLogManager
07-Jan-2026 16:54:12.215 INFO [main] org.apache.catalina.startup.VersionLoggerListener.log Command line argument: -Djdk.tls.ephemeralDHKeySize=2048
07-Jan-2026 16:54:12.216 INFO [main] org.apache.catalina.startup.VersionLoggerListener.log Command line argument: -Djava.protocol.handler.pkgs=org.apache.catalina.webresources
07-Jan-2026 16:54:12.216 INFO [main] org.apache.catalina.startup.VersionLoggerListener.log Command line argument: -Dorg.apache.catalina.security.SecurityListener.UMASK=0027
07-Jan-2026 16:54:12.218 INFO [main] org.apache.catalina.startup.VersionLoggerListener.log Command line argument: -Dignore.endorsed.dirs=
07-Jan-2026 16:54:12.218 INFO [main] org.apache.catalina.startup.VersionLoggerListener.log Command line argument: -Dcatalina.base=/opt/lms/tomcat
07-Jan-2026 16:54:12.218 INFO [main] org.apache.catalina.startup.VersionLoggerListener.log Command line argument: -Dcatalina.home=/opt/lms/tomcat
07-Jan-2026 16:54:12.219 INFO [main] org.apache.catalina.startup.VersionLoggerListener.log Command line argument: -Djava.io.tmpdir=/opt/lms/tomcat/temp
07-Jan-2026 16:54:12.223 INFO [main] org.apache.catalina.core.AprLifecycleListener.lifecycleEvent The Apache Tomcat Native library which allows using OpenSSL was not found on the java.library.path: [/usr/java/packages/lib:/usr/lib/x86_64-linux-gnu/jni:/lib/x86_64-linux-gnu:/usr/lib/x86_64-linux-gnu:/usr/lib/jni:/lib:/usr/lib]
07-Jan-2026 16:54:12.785 INFO [main] org.apache.coyote.AbstractProtocol.init Initializing ProtocolHandler ["http-nio-8001"]
07-Jan-2026 16:54:12.845 INFO [main] org.apache.catalina.startup.Catalina.load Server initialization in [972] milliseconds
07-Jan-2026 16:54:12.956 INFO [main] org.apache.catalina.core.StandardService.startInternal Starting service [Catalina]
07-Jan-2026 16:54:12.956 INFO [main] org.apache.catalina.core.StandardEngine.startInternal Starting Servlet engine: [Apache Tomcat/9.0.96]
07-Jan-2026 16:54:12.969 INFO [main] org.apache.catalina.startup.HostConfig.deployDirectory Deploying web application directory [/opt/lms/tomcat/webapps/manager]
07-Jan-2026 16:54:13.423 INFO [main] org.apache.catalina.startup.HostConfig.deployDirectory Deployment of web application directory [/opt/lms/tomcat/webapps/manager] has finished in [454] ms
07-Jan-2026 16:54:13.424 INFO [main] org.apache.catalina.startup.HostConfig.deployDirectory Deploying web application directory [/opt/lms/tomcat/webapps/examples]
07-Jan-2026 16:54:13.809 INFO [main] org.apache.catalina.startup.HostConfig.deployDirectory Deployment of web application directory [/opt/lms/tomcat/webapps/examples] has finished in [385] ms
07-Jan-2026 16:54:13.809 INFO [main] org.apache.catalina.startup.HostConfig.deployDirectory Deploying web application directory [/opt/lms/tomcat/webapps/ROOT]
07-Jan-2026 16:54:13.887 WARNING [main] org.apache.tomcat.util.descriptor.web.WebXml.setVersion Unknown version string [5.0]. Default version will be used.
07-Jan-2026 16:54:15.246 INFO [main] org.apache.jasper.servlet.TldScanner.scanJars At least one JAR was scanned for TLDs yet contained no TLDs. Enable debug logging for this logger for a complete list of JARs that were scanned but no TLDs were found in them. Skipping unneeded JARs during scanning can improve startup time and JSP compilation time.
07-Jan-2026 16:54:15.263 INFO [main] org.apache.catalina.startup.HostConfig.deployDirectory Deployment of web application directory [/opt/lms/tomcat/webapps/ROOT] has finished in [1,453] ms
07-Jan-2026 16:54:15.263 INFO [main] org.apache.catalina.startup.HostConfig.deployDirectory Deploying web application directory [/opt/lms/tomcat/webapps/lms]
07-Jan-2026 16:54:15.325 WARNING [main] org.apache.tomcat.util.descriptor.web.WebXml.setVersion Unknown version string [5.0]. Default version will be used.
07-Jan-2026 16:54:16.462 INFO [main] org.apache.jasper.servlet.TldScanner.scanJars At least one JAR was scanned for TLDs yet contained no TLDs. Enable debug logging for this logger for a complete list of JARs that were scanned but no TLDs were found in them. Skipping unneeded JARs during scanning can improve startup time and JSP compilation time.
07-Jan-2026 16:54:16.470 INFO [main] org.apache.catalina.startup.HostConfig.deployDirectory Deployment of web application directory [/opt/lms/tomcat/webapps/lms] has finished in [1,206] ms
07-Jan-2026 16:54:16.471 INFO [main] org.apache.catalina.startup.HostConfig.deployDirectory Deploying web application directory [/opt/lms/tomcat/webapps/host-manager]
07-Jan-2026 16:54:16.495 INFO [main] org.apache.catalina.startup.HostConfig.deployDirectory Deployment of web application directory [/opt/lms/tomcat/webapps/host-manager] has finished in [25] ms
07-Jan-2026 16:54:16.496 INFO [main] org.apache.catalina.startup.HostConfig.deployDirectory Deploying web application directory [/opt/lms/tomcat/webapps/docs]
07-Jan-2026 16:54:16.514 INFO [main] org.apache.catalina.startup.HostConfig.deployDirectory Deployment of web application directory [/opt/lms/tomcat/webapps/docs] has finished in [18] ms
07-Jan-2026 16:54:16.519 INFO [main] org.apache.coyote.AbstractProtocol.start Starting ProtocolHandler ["http-nio-8001"]
07-Jan-2026 16:54:16.539 INFO [main] org.apache.catalina.startup.Catalina.start Server startup in [3691] milliseconds
07-Jan-2026 16:56:04.119 INFO [main] org.apache.catalina.core.StandardServer.await A valid shutdown command was received via the shutdown port. Stopping the Server instance.
07-Jan-2026 16:56:04.120 INFO [main] org.apache.coyote.AbstractProtocol.pause Pausing ProtocolHandler ["http-nio-8001"]
07-Jan-2026 16:56:04.128 INFO [main] org.apache.catalina.core.StandardService.stopInternal Stopping service [Catalina]
07-Jan-2026 16:56:04.176 INFO [main] org.apache.coyote.AbstractProtocol.stop Stopping ProtocolHandler ["http-nio-8001"]
07-Jan-2026 16:56:04.185 INFO [main] org.apache.coyote.AbstractProtocol.destroy Destroying ProtocolHandler ["http-nio-8001"]
NOTE: Picked up JDK_JAVA_OPTIONS:  --add-opens=java.base/java.lang=ALL-UNNAMED --add-opens=java.base/java.io=ALL-UNNAMED --add-opens=java.base/java.util=ALL-UNNAMED --add-opens=java.base/java.util.concurrent=ALL-UNNAMED --add-opens=java.rmi/sun.rmi.transport=ALL-UNNAMED
07-Jan-2026 16:56:04.879 INFO [main] org.apache.catalina.startup.VersionLoggerListener.log Server version name:   Apache Tomcat/9.0.96
07-Jan-2026 16:56:04.884 INFO [main] org.apache.catalina.startup.VersionLoggerListener.log Server built:          Oct 3 2024 19:44:30 UTC
07-Jan-2026 16:56:04.884 INFO [main] org.apache.catalina.startup.VersionLoggerListener.log Server version number: 9.0.96.0
07-Jan-2026 16:56:04.884 INFO [main] org.apache.catalina.startup.VersionLoggerListener.log OS Name:               Linux
07-Jan-2026 16:56:04.885 INFO [main] org.apache.catalina.startup.VersionLoggerListener.log OS Version:            6.8.0-1044-aws
07-Jan-2026 16:56:04.885 INFO [main] org.apache.catalina.startup.VersionLoggerListener.log Architecture:          amd64
07-Jan-2026 16:56:04.885 INFO [main] org.apache.catalina.startup.VersionLoggerListener.log Java Home:             /usr/lib/jvm/java-11-openjdk-amd64
07-Jan-2026 16:56:04.885 INFO [main] org.apache.catalina.startup.VersionLoggerListener.log JVM Version:           11.0.29+7-post-Ubuntu-1ubuntu122.04
07-Jan-2026 16:56:04.885 INFO [main] org.apache.catalina.startup.VersionLoggerListener.log JVM Vendor:            Ubuntu
07-Jan-2026 16:56:04.885 INFO [main] org.apache.catalina.startup.VersionLoggerListener.log CATALINA_BASE:         /opt/lms/tomcat
07-Jan-2026 16:56:04.885 INFO [main] org.apache.catalina.startup.VersionLoggerListener.log CATALINA_HOME:         /opt/lms/tomcat
07-Jan-2026 16:56:04.900 INFO [main] org.apache.catalina.startup.VersionLoggerListener.log Command line argument: --add-opens=java.base/java.lang=ALL-UNNAMED
07-Jan-2026 16:56:04.900 INFO [main] org.apache.catalina.startup.VersionLoggerListener.log Command line argument: --add-opens=java.base/java.io=ALL-UNNAMED
07-Jan-2026 16:56:04.901 INFO [main] org.apache.catalina.startup.VersionLoggerListener.log Command line argument: --add-opens=java.base/java.util=ALL-UNNAMED
07-Jan-2026 16:56:04.901 INFO [main] org.apache.catalina.startup.VersionLoggerListener.log Command line argument: --add-opens=java.base/java.util.concurrent=ALL-UNNAMED
07-Jan-2026 16:56:04.901 INFO [main] org.apache.catalina.startup.VersionLoggerListener.log Command line argument: --add-opens=java.rmi/sun.rmi.transport=ALL-UNNAMED
07-Jan-2026 16:56:04.901 INFO [main] org.apache.catalina.startup.VersionLoggerListener.log Command line argument: -Djava.util.logging.config.file=/opt/lms/tomcat/conf/logging.properties
07-Jan-2026 16:56:04.901 INFO [main] org.apache.catalina.startup.VersionLoggerListener.log Command line argument: -Djava.util.logging.manager=org.apache.juli.ClassLoaderLogManager
07-Jan-2026 16:56:04.901 INFO [main] org.apache.catalina.startup.VersionLoggerListener.log Command line argument: -Djdk.tls.ephemeralDHKeySize=2048
07-Jan-2026 16:56:04.901 INFO [main] org.apache.catalina.startup.VersionLoggerListener.log Command line argument: -Djava.protocol.handler.pkgs=org.apache.catalina.webresources
07-Jan-2026 16:56:04.902 INFO [main] org.apache.catalina.startup.VersionLoggerListener.log Command line argument: -Dorg.apache.catalina.security.SecurityListener.UMASK=0027
07-Jan-2026 16:56:04.902 INFO [main] org.apache.catalina.startup.VersionLoggerListener.log Command line argument: -Dignore.endorsed.dirs=
07-Jan-2026 16:56:04.902 INFO [main] org.apache.catalina.startup.VersionLoggerListener.log Command line argument: -Dcatalina.base=/opt/lms/tomcat
07-Jan-2026 16:56:04.902 INFO [main] org.apache.catalina.startup.VersionLoggerListener.log Command line argument: -Dcatalina.home=/opt/lms/tomcat
07-Jan-2026 16:56:04.902 INFO [main] org.apache.catalina.startup.VersionLoggerListener.log Command line argument: -Djava.io.tmpdir=/opt/lms/tomcat/temp
07-Jan-2026 16:56:04.906 INFO [main] org.apache.catalina.core.AprLifecycleListener.lifecycleEvent The Apache Tomcat Native library which allows using OpenSSL was not found on the java.library.path: [/usr/java/packages/lib:/usr/lib/x86_64-linux-gnu/jni:/lib/x86_64-linux-gnu:/usr/lib/x86_64-linux-gnu:/usr/lib/jni:/lib:/usr/lib]
07-Jan-2026 16:56:05.422 INFO [main] org.apache.coyote.AbstractProtocol.init Initializing ProtocolHandler ["http-nio-8001"]
07-Jan-2026 16:56:05.485 INFO [main] org.apache.catalina.startup.Catalina.load Server initialization in [965] milliseconds
07-Jan-2026 16:56:05.603 INFO [main] org.apache.catalina.core.StandardService.startInternal Starting service [Catalina]
07-Jan-2026 16:56:05.603 INFO [main] org.apache.catalina.core.StandardEngine.startInternal Starting Servlet engine: [Apache Tomcat/9.0.96]
07-Jan-2026 16:56:05.611 INFO [main] org.apache.catalina.startup.HostConfig.deployDirectory Deploying web application directory [/opt/lms/tomcat/webapps/manager]
07-Jan-2026 16:56:06.052 INFO [main] org.apache.catalina.startup.HostConfig.deployDirectory Deployment of web application directory [/opt/lms/tomcat/webapps/manager] has finished in [441] ms
07-Jan-2026 16:56:06.053 INFO [main] org.apache.catalina.startup.HostConfig.deployDirectory Deploying web application directory [/opt/lms/tomcat/webapps/examples]
07-Jan-2026 16:56:06.413 INFO [main] org.apache.catalina.startup.HostConfig.deployDirectory Deployment of web application directory [/opt/lms/tomcat/webapps/examples] has finished in [359] ms
07-Jan-2026 16:56:06.413 INFO [main] org.apache.catalina.startup.HostConfig.deployDirectory Deploying web application directory [/opt/lms/tomcat/webapps/ROOT]
07-Jan-2026 16:56:06.470 WARNING [main] org.apache.tomcat.util.descriptor.web.WebXml.setVersion Unknown version string [5.0]. Default version will be used.
07-Jan-2026 16:56:07.860 INFO [main] org.apache.jasper.servlet.TldScanner.scanJars At least one JAR was scanned for TLDs yet contained no TLDs. Enable debug logging for this logger for a complete list of JARs that were scanned but no TLDs were found in them. Skipping unneeded JARs during scanning can improve startup time and JSP compilation time.
07-Jan-2026 16:56:07.876 INFO [main] org.apache.catalina.startup.HostConfig.deployDirectory Deployment of web application directory [/opt/lms/tomcat/webapps/ROOT] has finished in [1,463] ms
07-Jan-2026 16:56:07.877 INFO [main] org.apache.catalina.startup.HostConfig.deployDirectory Deploying web application directory [/opt/lms/tomcat/webapps/lms]
07-Jan-2026 16:56:07.935 WARNING [main] org.apache.tomcat.util.descriptor.web.WebXml.setVersion Unknown version string [5.0]. Default version will be used.
07-Jan-2026 16:56:08.694 INFO [main] org.apache.jasper.servlet.TldScanner.scanJars At least one JAR was scanned for TLDs yet contained no TLDs. Enable debug logging for this logger for a complete list of JARs that were scanned but no TLDs were found in them. Skipping unneeded JARs during scanning can improve startup time and JSP compilation time.
07-Jan-2026 16:56:08.697 INFO [main] org.apache.catalina.startup.HostConfig.deployDirectory Deployment of web application directory [/opt/lms/tomcat/webapps/lms] has finished in [820] ms
07-Jan-2026 16:56:08.697 INFO [main] org.apache.catalina.startup.HostConfig.deployDirectory Deploying web application directory [/opt/lms/tomcat/webapps/host-manager]
07-Jan-2026 16:56:08.712 INFO [main] org.apache.catalina.startup.HostConfig.deployDirectory Deployment of web application directory [/opt/lms/tomcat/webapps/host-manager] has finished in [15] ms
07-Jan-2026 16:56:08.712 INFO [main] org.apache.catalina.startup.HostConfig.deployDirectory Deploying web application directory [/opt/lms/tomcat/webapps/docs]
07-Jan-2026 16:56:08.729 INFO [main] org.apache.catalina.startup.HostConfig.deployDirectory Deployment of web application directory [/opt/lms/tomcat/webapps/docs] has finished in [17] ms
07-Jan-2026 16:56:08.733 INFO [main] org.apache.coyote.AbstractProtocol.start Starting ProtocolHandler ["http-nio-8001"]
07-Jan-2026 16:56:08.745 INFO [main] org.apache.catalina.startup.Catalina.start Server startup in [3257] milliseconds
07-Jan-2026 16:56:59.251 INFO [Catalina-utility-1] org.apache.catalina.startup.HostConfig.undeploy Undeploying context []
07-Jan-2026 16:57:09.769 INFO [Catalina-utility-1] org.apache.catalina.startup.HostConfig.undeploy Undeploying context [/lms]
07-Jan-2026 16:57:09.779 INFO [Catalina-utility-1] org.apache.catalina.startup.HostConfig.deployDirectory Deploying web application directory [/opt/lms/tomcat/webapps/ROOT]
07-Jan-2026 16:57:09.804 WARNING [Catalina-utility-1] org.apache.tomcat.util.descriptor.web.WebXml.setVersion Unknown version string [5.0]. Default version will be used.
07-Jan-2026 16:57:10.580 INFO [Catalina-utility-1] org.apache.jasper.servlet.TldScanner.scanJars At least one JAR was scanned for TLDs yet contained no TLDs. Enable debug logging for this logger for a complete list of JARs that were scanned but no TLDs were found in them. Skipping unneeded JARs during scanning can improve startup time and JSP compilation time.
07-Jan-2026 16:57:10.584 INFO [Catalina-utility-1] org.apache.catalina.startup.HostConfig.deployDirectory Deployment of web application directory [/opt/lms/tomcat/webapps/ROOT] has finished in [805] ms
07-Jan-2026 16:57:16.718 INFO [main] org.apache.catalina.core.StandardServer.await A valid shutdown command was received via the shutdown port. Stopping the Server instance.
07-Jan-2026 16:57:16.719 INFO [main] org.apache.coyote.AbstractProtocol.pause Pausing ProtocolHandler ["http-nio-8001"]
07-Jan-2026 16:57:16.722 INFO [main] org.apache.catalina.core.StandardService.stopInternal Stopping service [Catalina]
NOTE: Picked up JDK_JAVA_OPTIONS:  --add-opens=java.base/java.lang=ALL-UNNAMED --add-opens=java.base/java.io=ALL-UNNAMED --add-opens=java.base/java.util=ALL-UNNAMED --add-opens=java.base/java.util.concurrent=ALL-UNNAMED --add-opens=java.rmi/sun.rmi.transport=ALL-UNNAMED
07-Jan-2026 16:57:17.654 INFO [main] org.apache.catalina.startup.VersionLoggerListener.log Server version name:   Apache Tomcat/9.0.96
07-Jan-2026 16:57:17.659 INFO [main] org.apache.catalina.startup.VersionLoggerListener.log Server built:          Oct 3 2024 19:44:30 UTC
07-Jan-2026 16:57:17.659 INFO [main] org.apache.catalina.startup.VersionLoggerListener.log Server version number: 9.0.96.0
07-Jan-2026 16:57:17.659 INFO [main] org.apache.catalina.startup.VersionLoggerListener.log OS Name:               Linux
07-Jan-2026 16:57:17.659 INFO [main] org.apache.catalina.startup.VersionLoggerListener.log OS Version:            6.8.0-1044-aws
07-Jan-2026 16:57:17.659 INFO [main] org.apache.catalina.startup.VersionLoggerListener.log Architecture:          amd64
07-Jan-2026 16:57:17.659 INFO [main] org.apache.catalina.startup.VersionLoggerListener.log Java Home:             /usr/lib/jvm/java-11-openjdk-amd64
07-Jan-2026 16:57:17.660 INFO [main] org.apache.catalina.startup.VersionLoggerListener.log JVM Version:           11.0.29+7-post-Ubuntu-1ubuntu122.04
07-Jan-2026 16:57:17.660 INFO [main] org.apache.catalina.startup.VersionLoggerListener.log JVM Vendor:            Ubuntu
07-Jan-2026 16:57:17.660 INFO [main] org.apache.catalina.startup.VersionLoggerListener.log CATALINA_BASE:         /opt/lms/tomcat
07-Jan-2026 16:57:17.660 INFO [main] org.apache.catalina.startup.VersionLoggerListener.log CATALINA_HOME:         /opt/lms/tomcat
07-Jan-2026 16:57:17.686 INFO [main] org.apache.catalina.startup.VersionLoggerListener.log Command line argument: --add-opens=java.base/java.lang=ALL-UNNAMED
07-Jan-2026 16:57:17.688 INFO [main] org.apache.catalina.startup.VersionLoggerListener.log Command line argument: --add-opens=java.base/java.io=ALL-UNNAMED
07-Jan-2026 16:57:17.688 INFO [main] org.apache.catalina.startup.VersionLoggerListener.log Command line argument: --add-opens=java.base/java.util=ALL-UNNAMED
07-Jan-2026 16:57:17.689 INFO [main] org.apache.catalina.startup.VersionLoggerListener.log Command line argument: --add-opens=java.base/java.util.concurrent=ALL-UNNAMED
07-Jan-2026 16:57:17.689 INFO [main] org.apache.catalina.startup.VersionLoggerListener.log Command line argument: --add-opens=java.rmi/sun.rmi.transport=ALL-UNNAMED
07-Jan-2026 16:57:17.689 INFO [main] org.apache.catalina.startup.VersionLoggerListener.log Command line argument: -Djava.util.logging.config.file=/opt/lms/tomcat/conf/logging.properties
07-Jan-2026 16:57:17.689 INFO [main] org.apache.catalina.startup.VersionLoggerListener.log Command line argument: -Djava.util.logging.manager=org.apache.juli.ClassLoaderLogManager
07-Jan-2026 16:57:17.689 INFO [main] org.apache.catalina.startup.VersionLoggerListener.log Command line argument: -Djdk.tls.ephemeralDHKeySize=2048
07-Jan-2026 16:57:17.689 INFO [main] org.apache.catalina.startup.VersionLoggerListener.log Command line argument: -Djava.protocol.handler.pkgs=org.apache.catalina.webresources
07-Jan-2026 16:57:17.689 INFO [main] org.apache.catalina.startup.VersionLoggerListener.log Command line argument: -Dorg.apache.catalina.security.SecurityListener.UMASK=0027
07-Jan-2026 16:57:17.689 INFO [main] org.apache.catalina.startup.VersionLoggerListener.log Command line argument: -Dignore.endorsed.dirs=
07-Jan-2026 16:57:17.690 INFO [main] org.apache.catalina.startup.VersionLoggerListener.log Command line argument: -Dcatalina.base=/opt/lms/tomcat
07-Jan-2026 16:57:17.690 INFO [main] org.apache.catalina.startup.VersionLoggerListener.log Command line argument: -Dcatalina.home=/opt/lms/tomcat
07-Jan-2026 16:57:17.690 INFO [main] org.apache.catalina.startup.VersionLoggerListener.log Command line argument: -Djava.io.tmpdir=/opt/lms/tomcat/temp
07-Jan-2026 16:57:17.694 INFO [main] org.apache.catalina.core.AprLifecycleListener.lifecycleEvent The Apache Tomcat Native library which allows using OpenSSL was not found on the java.library.path: [/usr/java/packages/lib:/usr/lib/x86_64-linux-gnu/jni:/lib/x86_64-linux-gnu:/usr/lib/x86_64-linux-gnu:/usr/lib/jni:/lib:/usr/lib]
07-Jan-2026 16:57:18.284 INFO [main] org.apache.coyote.AbstractProtocol.init Initializing ProtocolHandler ["http-nio-8001"]
07-Jan-2026 16:57:18.361 INFO [main] org.apache.catalina.startup.Catalina.load Server initialization in [1022] milliseconds
07-Jan-2026 16:57:18.465 INFO [main] org.apache.catalina.core.StandardService.startInternal Starting service [Catalina]
07-Jan-2026 16:57:18.466 INFO [main] org.apache.catalina.core.StandardEngine.startInternal Starting Servlet engine: [Apache Tomcat/9.0.96]
07-Jan-2026 16:57:18.475 INFO [main] org.apache.catalina.startup.HostConfig.deployDirectory Deploying web application directory [/opt/lms/tomcat/webapps/manager]
07-Jan-2026 16:57:18.887 INFO [main] org.apache.catalina.startup.HostConfig.deployDirectory Deployment of web application directory [/opt/lms/tomcat/webapps/manager] has finished in [412] ms
07-Jan-2026 16:57:18.887 INFO [main] org.apache.catalina.startup.HostConfig.deployDirectory Deploying web application directory [/opt/lms/tomcat/webapps/examples]
07-Jan-2026 16:57:19.263 INFO [main] org.apache.catalina.startup.HostConfig.deployDirectory Deployment of web application directory [/opt/lms/tomcat/webapps/examples] has finished in [375] ms
07-Jan-2026 16:57:19.263 INFO [main] org.apache.catalina.startup.HostConfig.deployDirectory Deploying web application directory [/opt/lms/tomcat/webapps/ROOT]
07-Jan-2026 16:57:19.319 WARNING [main] org.apache.tomcat.util.descriptor.web.WebXml.setVersion Unknown version string [5.0]. Default version will be used.
07-Jan-2026 16:57:20.824 INFO [main] org.apache.jasper.servlet.TldScanner.scanJars At least one JAR was scanned for TLDs yet contained no TLDs. Enable debug logging for this logger for a complete list of JARs that were scanned but no TLDs were found in them. Skipping unneeded JARs during scanning can improve startup time and JSP compilation time.
07-Jan-2026 16:57:20.844 INFO [main] org.apache.catalina.startup.HostConfig.deployDirectory Deployment of web application directory [/opt/lms/tomcat/webapps/ROOT] has finished in [1,581] ms
07-Jan-2026 16:57:20.845 INFO [main] org.apache.catalina.startup.HostConfig.deployDirectory Deploying web application directory [/opt/lms/tomcat/webapps/host-manager]
07-Jan-2026 16:57:20.880 INFO [main] org.apache.catalina.startup.HostConfig.deployDirectory Deployment of web application directory [/opt/lms/tomcat/webapps/host-manager] has finished in [35] ms
07-Jan-2026 16:57:20.881 INFO [main] org.apache.catalina.startup.HostConfig.deployDirectory Deploying web application directory [/opt/lms/tomcat/webapps/docs]
07-Jan-2026 16:57:20.906 INFO [main] org.apache.catalina.startup.HostConfig.deployDirectory Deployment of web application directory [/opt/lms/tomcat/webapps/docs] has finished in [25] ms
07-Jan-2026 16:57:20.913 INFO [main] org.apache.coyote.AbstractProtocol.start Starting ProtocolHandler ["http-nio-8001"]
07-Jan-2026 16:57:20.934 INFO [main] org.apache.catalina.startup.Catalina.start Server startup in [2570] milliseconds
07-Jan-2026 16:58:41.437 INFO [Catalina-utility-2] org.apache.catalina.startup.HostConfig.undeploy Undeploying context []
07-Jan-2026 17:09:06.468 INFO [main] org.apache.catalina.core.StandardServer.await A valid shutdown command was received via the shutdown port. Stopping the Server instance.
07-Jan-2026 17:09:06.468 INFO [main] org.apache.coyote.AbstractProtocol.pause Pausing ProtocolHandler ["http-nio-8001"]
07-Jan-2026 17:09:06.477 INFO [main] org.apache.catalina.core.StandardService.stopInternal Stopping service [Catalina]
07-Jan-2026 17:09:06.509 INFO [main] org.apache.coyote.AbstractProtocol.stop Stopping ProtocolHandler ["http-nio-8001"]
NOTE: Picked up JDK_JAVA_OPTIONS:  --add-opens=java.base/java.lang=ALL-UNNAMED --add-opens=java.base/java.io=ALL-UNNAMED --add-opens=java.base/java.util=ALL-UNNAMED --add-opens=java.base/java.util.concurrent=ALL-UNNAMED --add-opens=java.rmi/sun.rmi.transport=ALL-UNNAMED
07-Jan-2026 17:09:43.713 INFO [main] org.apache.catalina.startup.VersionLoggerListener.log Server version name:   Apache Tomcat/9.0.96
07-Jan-2026 17:09:43.718 INFO [main] org.apache.catalina.startup.VersionLoggerListener.log Server built:          Oct 3 2024 19:44:30 UTC
07-Jan-2026 17:09:43.719 INFO [main] org.apache.catalina.startup.VersionLoggerListener.log Server version number: 9.0.96.0
07-Jan-2026 17:09:43.719 INFO [main] org.apache.catalina.startup.VersionLoggerListener.log OS Name:               Linux
07-Jan-2026 17:09:43.719 INFO [main] org.apache.catalina.startup.VersionLoggerListener.log OS Version:            6.8.0-1044-aws
07-Jan-2026 17:09:43.719 INFO [main] org.apache.catalina.startup.VersionLoggerListener.log Architecture:          amd64
07-Jan-2026 17:09:43.719 INFO [main] org.apache.catalina.startup.VersionLoggerListener.log Java Home:             /usr/lib/jvm/java-11-openjdk-amd64
07-Jan-2026 17:09:43.719 INFO [main] org.apache.catalina.startup.VersionLoggerListener.log JVM Version:           11.0.29+7-post-Ubuntu-1ubuntu122.04
07-Jan-2026 17:09:43.720 INFO [main] org.apache.catalina.startup.VersionLoggerListener.log JVM Vendor:            Ubuntu
07-Jan-2026 17:09:43.720 INFO [main] org.apache.catalina.startup.VersionLoggerListener.log CATALINA_BASE:         /opt/lms/tomcat
07-Jan-2026 17:09:43.720 INFO [main] org.apache.catalina.startup.VersionLoggerListener.log CATALINA_HOME:         /opt/lms/tomcat
07-Jan-2026 17:09:43.736 INFO [main] org.apache.catalina.startup.VersionLoggerListener.log Command line argument: --add-opens=java.base/java.lang=ALL-UNNAMED
07-Jan-2026 17:09:43.736 INFO [main] org.apache.catalina.startup.VersionLoggerListener.log Command line argument: --add-opens=java.base/java.io=ALL-UNNAMED
07-Jan-2026 17:09:43.737 INFO [main] org.apache.catalina.startup.VersionLoggerListener.log Command line argument: --add-opens=java.base/java.util=ALL-UNNAMED
07-Jan-2026 17:09:43.737 INFO [main] org.apache.catalina.startup.VersionLoggerListener.log Command line argument: --add-opens=java.base/java.util.concurrent=ALL-UNNAMED
07-Jan-2026 17:09:43.737 INFO [main] org.apache.catalina.startup.VersionLoggerListener.log Command line argument: --add-opens=java.rmi/sun.rmi.transport=ALL-UNNAMED
07-Jan-2026 17:09:43.737 INFO [main] org.apache.catalina.startup.VersionLoggerListener.log Command line argument: -Djava.util.logging.config.file=/opt/lms/tomcat/conf/logging.properties
07-Jan-2026 17:09:43.737 INFO [main] org.apache.catalina.startup.VersionLoggerListener.log Command line argument: -Djava.util.logging.manager=org.apache.juli.ClassLoaderLogManager
07-Jan-2026 17:09:43.737 INFO [main] org.apache.catalina.startup.VersionLoggerListener.log Command line argument: -Djdk.tls.ephemeralDHKeySize=2048
07-Jan-2026 17:09:43.738 INFO [main] org.apache.catalina.startup.VersionLoggerListener.log Command line argument: -Djava.protocol.handler.pkgs=org.apache.catalina.webresources
07-Jan-2026 17:09:43.738 INFO [main] org.apache.catalina.startup.VersionLoggerListener.log Command line argument: -Dorg.apache.catalina.security.SecurityListener.UMASK=0027
07-Jan-2026 17:09:43.738 INFO [main] org.apache.catalina.startup.VersionLoggerListener.log Command line argument: -Dignore.endorsed.dirs=
07-Jan-2026 17:09:43.738 INFO [main] org.apache.catalina.startup.VersionLoggerListener.log Command line argument: -Dcatalina.base=/opt/lms/tomcat
07-Jan-2026 17:09:43.738 INFO [main] org.apache.catalina.startup.VersionLoggerListener.log Command line argument: -Dcatalina.home=/opt/lms/tomcat
07-Jan-2026 17:09:43.738 INFO [main] org.apache.catalina.startup.VersionLoggerListener.log Command line argument: -Djava.io.tmpdir=/opt/lms/tomcat/temp
07-Jan-2026 17:09:43.741 INFO [main] org.apache.catalina.core.AprLifecycleListener.lifecycleEvent The Apache Tomcat Native library which allows using OpenSSL was not found on the java.library.path: [/usr/java/packages/lib:/usr/lib/x86_64-linux-gnu/jni:/lib/x86_64-linux-gnu:/usr/lib/x86_64-linux-gnu:/usr/lib/jni:/lib:/usr/lib]
07-Jan-2026 17:09:44.280 INFO [main] org.apache.coyote.AbstractProtocol.init Initializing ProtocolHandler ["http-nio-8001"]
07-Jan-2026 17:09:44.312 INFO [main] org.apache.catalina.startup.Catalina.load Server initialization in [944] milliseconds
07-Jan-2026 17:09:44.418 INFO [main] org.apache.catalina.core.StandardService.startInternal Starting service [Catalina]
07-Jan-2026 17:09:44.419 INFO [main] org.apache.catalina.core.StandardEngine.startInternal Starting Servlet engine: [Apache Tomcat/9.0.96]
07-Jan-2026 17:09:44.428 INFO [main] org.apache.catalina.startup.HostConfig.deployDirectory Deploying web application directory [/opt/lms/tomcat/webapps/manager]
07-Jan-2026 17:09:44.847 INFO [main] org.apache.catalina.startup.HostConfig.deployDirectory Deployment of web application directory [/opt/lms/tomcat/webapps/manager] has finished in [418] ms
07-Jan-2026 17:09:44.847 INFO [main] org.apache.catalina.startup.HostConfig.deployDirectory Deploying web application directory [/opt/lms/tomcat/webapps/examples]
07-Jan-2026 17:09:45.204 INFO [main] org.apache.catalina.startup.HostConfig.deployDirectory Deployment of web application directory [/opt/lms/tomcat/webapps/examples] has finished in [357] ms
07-Jan-2026 17:09:45.205 INFO [main] org.apache.catalina.startup.HostConfig.deployDirectory Deploying web application directory [/opt/lms/tomcat/webapps/host-manager]
07-Jan-2026 17:09:45.233 INFO [main] org.apache.catalina.startup.HostConfig.deployDirectory Deployment of web application directory [/opt/lms/tomcat/webapps/host-manager] has finished in [29] ms
07-Jan-2026 17:09:45.234 INFO [main] org.apache.catalina.startup.HostConfig.deployDirectory Deploying web application directory [/opt/lms/tomcat/webapps/docs]
07-Jan-2026 17:09:45.260 INFO [main] org.apache.catalina.startup.HostConfig.deployDirectory Deployment of web application directory [/opt/lms/tomcat/webapps/docs] has finished in [26] ms
07-Jan-2026 17:09:45.265 INFO [main] org.apache.coyote.AbstractProtocol.start Starting ProtocolHandler ["http-nio-8001"]
07-Jan-2026 17:09:45.280 INFO [main] org.apache.catalina.startup.Catalina.start Server startup in [967] milliseconds
14-Jan-2026 05:52:09.955 INFO [Catalina-utility-1] org.apache.catalina.startup.HostConfig.deployWAR Deploying web application archive [/opt/lms/tomcat/webapps/ROOT.war]
14-Jan-2026 05:52:11.495 INFO [Catalina-utility-1] org.apache.catalina.startup.HostConfig.deployWAR Deployment of web application archive [/opt/lms/tomcat/webapps/ROOT.war] has finished in [1,569] ms
NOTE: Picked up JDK_JAVA_OPTIONS:  --add-opens=java.base/java.lang=ALL-UNNAMED --add-opens=java.base/java.io=ALL-UNNAMED --add-opens=java.base/java.util=ALL-UNNAMED --add-opens=java.base/java.util.concurrent=ALL-UNNAMED --add-opens=java.rmi/sun.rmi.transport=ALL-UNNAMED
15-Jan-2026 15:22:56.269 INFO [main] org.apache.catalina.startup.VersionLoggerListener.log Server version name:   Apache Tomcat/9.0.96
15-Jan-2026 15:22:56.272 INFO [main] org.apache.catalina.startup.VersionLoggerListener.log Server built:          Oct 3 2024 19:44:30 UTC
15-Jan-2026 15:22:56.272 INFO [main] org.apache.catalina.startup.VersionLoggerListener.log Server version number: 9.0.96.0
15-Jan-2026 15:22:56.272 INFO [main] org.apache.catalina.startup.VersionLoggerListener.log OS Name:               Linux
15-Jan-2026 15:22:56.272 INFO [main] org.apache.catalina.startup.VersionLoggerListener.log OS Version:            6.8.0-1044-aws
15-Jan-2026 15:22:56.272 INFO [main] org.apache.catalina.startup.VersionLoggerListener.log Architecture:          amd64
15-Jan-2026 15:22:56.272 INFO [main] org.apache.catalina.startup.VersionLoggerListener.log Java Home:             /usr/lib/jvm/java-11-openjdk-amd64
15-Jan-2026 15:22:56.272 INFO [main] org.apache.catalina.startup.VersionLoggerListener.log JVM Version:           11.0.29+7-post-Ubuntu-1ubuntu122.04
15-Jan-2026 15:22:56.273 INFO [main] org.apache.catalina.startup.VersionLoggerListener.log JVM Vendor:            Ubuntu
15-Jan-2026 15:22:56.273 INFO [main] org.apache.catalina.startup.VersionLoggerListener.log CATALINA_BASE:         /opt/lms/tomcat
15-Jan-2026 15:22:56.273 INFO [main] org.apache.catalina.startup.VersionLoggerListener.log CATALINA_HOME:         /opt/lms/tomcat
15-Jan-2026 15:22:56.307 INFO [main] org.apache.catalina.startup.VersionLoggerListener.log Command line argument: --add-opens=java.base/java.lang=ALL-UNNAMED
15-Jan-2026 15:22:56.307 INFO [main] org.apache.catalina.startup.VersionLoggerListener.log Command line argument: --add-opens=java.base/java.io=ALL-UNNAMED
15-Jan-2026 15:22:56.307 INFO [main] org.apache.catalina.startup.VersionLoggerListener.log Command line argument: --add-opens=java.base/java.util=ALL-UNNAMED
15-Jan-2026 15:22:56.308 INFO [main] org.apache.catalina.startup.VersionLoggerListener.log Command line argument: --add-opens=java.base/java.util.concurrent=ALL-UNNAMED
15-Jan-2026 15:22:56.308 INFO [main] org.apache.catalina.startup.VersionLoggerListener.log Command line argument: --add-opens=java.rmi/sun.rmi.transport=ALL-UNNAMED
15-Jan-2026 15:22:56.308 INFO [main] org.apache.catalina.startup.VersionLoggerListener.log Command line argument: -Djava.util.logging.config.file=/opt/lms/tomcat/conf/logging.properties
15-Jan-2026 15:22:56.308 INFO [main] org.apache.catalina.startup.VersionLoggerListener.log Command line argument: -Djava.util.logging.manager=org.apache.juli.ClassLoaderLogManager
15-Jan-2026 15:22:56.309 INFO [main] org.apache.catalina.startup.VersionLoggerListener.log Command line argument: -Djdk.tls.ephemeralDHKeySize=2048
15-Jan-2026 15:22:56.309 INFO [main] org.apache.catalina.startup.VersionLoggerListener.log Command line argument: -Djava.protocol.handler.pkgs=org.apache.catalina.webresources
15-Jan-2026 15:22:56.309 INFO [main] org.apache.catalina.startup.VersionLoggerListener.log Command line argument: -Dorg.apache.catalina.security.SecurityListener.UMASK=0027
15-Jan-2026 15:22:56.309 INFO [main] org.apache.catalina.startup.VersionLoggerListener.log Command line argument: -Dignore.endorsed.dirs=
15-Jan-2026 15:22:56.310 INFO [main] org.apache.catalina.startup.VersionLoggerListener.log Command line argument: -Dcatalina.base=/opt/lms/tomcat
15-Jan-2026 15:22:56.310 INFO [main] org.apache.catalina.startup.VersionLoggerListener.log Command line argument: -Dcatalina.home=/opt/lms/tomcat
15-Jan-2026 15:22:56.310 INFO [main] org.apache.catalina.startup.VersionLoggerListener.log Command line argument: -Djava.io.tmpdir=/opt/lms/tomcat/temp
15-Jan-2026 15:22:56.324 INFO [main] org.apache.catalina.core.AprLifecycleListener.lifecycleEvent An older version [1.2.31] of the Apache Tomcat Native library is installed, while Tomcat recommends a minimum version of [1.3.0]
15-Jan-2026 15:22:56.324 INFO [main] org.apache.catalina.core.AprLifecycleListener.lifecycleEvent Loaded Apache Tomcat Native library [1.2.31] using APR version [1.7.0].
15-Jan-2026 15:22:56.324 INFO [main] org.apache.catalina.core.AprLifecycleListener.lifecycleEvent APR capabilities: IPv6 [true], sendfile [true], accept filters [false], random [true], UDS [true].
15-Jan-2026 15:22:56.324 INFO [main] org.apache.catalina.core.AprLifecycleListener.lifecycleEvent APR/OpenSSL configuration: useAprConnector [false], useOpenSSL [true]
15-Jan-2026 15:22:56.330 INFO [main] org.apache.catalina.core.AprLifecycleListener.initializeSSL OpenSSL successfully initialized [OpenSSL 3.0.2 15 Mar 2022]
15-Jan-2026 15:22:57.030 INFO [main] org.apache.coyote.AbstractProtocol.init Initializing ProtocolHandler ["http-nio-8001"]
15-Jan-2026 15:22:57.108 INFO [main] org.apache.catalina.startup.Catalina.load Server initialization in [1277] milliseconds
15-Jan-2026 15:22:57.256 INFO [main] org.apache.catalina.core.StandardService.startInternal Starting service [Catalina]
15-Jan-2026 15:22:57.256 INFO [main] org.apache.catalina.core.StandardEngine.startInternal Starting Servlet engine: [Apache Tomcat/9.0.96]
15-Jan-2026 15:22:57.286 INFO [main] org.apache.catalina.startup.HostConfig.deployWAR Deploying web application archive [/opt/lms/tomcat/webapps/ROOT.war]
15-Jan-2026 15:22:57.832 INFO [main] org.apache.catalina.startup.HostConfig.deployWAR Deployment of web application archive [/opt/lms/tomcat/webapps/ROOT.war] has finished in [546] ms
15-Jan-2026 15:22:57.833 INFO [main] org.apache.catalina.startup.HostConfig.deployDirectory Deploying web application directory [/opt/lms/tomcat/webapps/manager]
15-Jan-2026 15:22:57.937 INFO [main] org.apache.catalina.startup.HostConfig.deployDirectory Deployment of web application directory [/opt/lms/tomcat/webapps/manager] has finished in [103] ms
15-Jan-2026 15:22:57.937 INFO [main] org.apache.catalina.startup.HostConfig.deployDirectory Deploying web application directory [/opt/lms/tomcat/webapps/examples]
15-Jan-2026 15:22:58.446 INFO [main] org.apache.catalina.startup.HostConfig.deployDirectory Deployment of web application directory [/opt/lms/tomcat/webapps/examples] has finished in [509] ms
15-Jan-2026 15:22:58.449 INFO [main] org.apache.catalina.startup.HostConfig.deployDirectory Deploying web application directory [/opt/lms/tomcat/webapps/host-manager]
15-Jan-2026 15:22:58.490 INFO [main] org.apache.catalina.startup.HostConfig.deployDirectory Deployment of web application directory [/opt/lms/tomcat/webapps/host-manager] has finished in [41] ms
15-Jan-2026 15:22:58.491 INFO [main] org.apache.catalina.startup.HostConfig.deployDirectory Deploying web application directory [/opt/lms/tomcat/webapps/docs]
15-Jan-2026 15:22:58.529 INFO [main] org.apache.catalina.startup.HostConfig.deployDirectory Deployment of web application directory [/opt/lms/tomcat/webapps/docs] has finished in [38] ms
15-Jan-2026 15:22:58.535 INFO [main] org.apache.coyote.AbstractProtocol.start Starting ProtocolHandler ["http-nio-8001"]
15-Jan-2026 15:22:58.556 INFO [main] org.apache.catalina.startup.Catalina.start Server startup in [1447] milliseconds
NOTE: Picked up JDK_JAVA_OPTIONS:  --add-opens=java.base/java.lang=ALL-UNNAMED --add-opens=java.base/java.io=ALL-UNNAMED --add-opens=java.base/java.util=ALL-UNNAMED --add-opens=java.base/java.util.concurrent=ALL-UNNAMED --add-opens=java.rmi/sun.rmi.transport=ALL-UNNAMED
15-Jan-2026 15:26:45.380 INFO [main] org.apache.catalina.startup.VersionLoggerListener.log Server version name:   Apache Tomcat/9.0.96
15-Jan-2026 15:26:45.386 INFO [main] org.apache.catalina.startup.VersionLoggerListener.log Server built:          Oct 3 2024 19:44:30 UTC
15-Jan-2026 15:26:45.386 INFO [main] org.apache.catalina.startup.VersionLoggerListener.log Server version number: 9.0.96.0
15-Jan-2026 15:26:45.386 INFO [main] org.apache.catalina.startup.VersionLoggerListener.log OS Name:               Linux
15-Jan-2026 15:26:45.386 INFO [main] org.apache.catalina.startup.VersionLoggerListener.log OS Version:            6.8.0-1044-aws
15-Jan-2026 15:26:45.386 INFO [main] org.apache.catalina.startup.VersionLoggerListener.log Architecture:          amd64
15-Jan-2026 15:26:45.386 INFO [main] org.apache.catalina.startup.VersionLoggerListener.log Java Home:             /usr/lib/jvm/java-11-openjdk-amd64
15-Jan-2026 15:26:45.386 INFO [main] org.apache.catalina.startup.VersionLoggerListener.log JVM Version:           11.0.29+7-post-Ubuntu-1ubuntu122.04
15-Jan-2026 15:26:45.386 INFO [main] org.apache.catalina.startup.VersionLoggerListener.log JVM Vendor:            Ubuntu
15-Jan-2026 15:26:45.386 INFO [main] org.apache.catalina.startup.VersionLoggerListener.log CATALINA_BASE:         /opt/lms/tomcat
15-Jan-2026 15:26:45.386 INFO [main] org.apache.catalina.startup.VersionLoggerListener.log CATALINA_HOME:         /opt/lms/tomcat
15-Jan-2026 15:26:45.417 INFO [main] org.apache.catalina.startup.VersionLoggerListener.log Command line argument: --add-opens=java.base/java.lang=ALL-UNNAMED
15-Jan-2026 15:26:45.417 INFO [main] org.apache.catalina.startup.VersionLoggerListener.log Command line argument: --add-opens=java.base/java.io=ALL-UNNAMED
15-Jan-2026 15:26:45.417 INFO [main] org.apache.catalina.startup.VersionLoggerListener.log Command line argument: --add-opens=java.base/java.util=ALL-UNNAMED
15-Jan-2026 15:26:45.417 INFO [main] org.apache.catalina.startup.VersionLoggerListener.log Command line argument: --add-opens=java.base/java.util.concurrent=ALL-UNNAMED
15-Jan-2026 15:26:45.417 INFO [main] org.apache.catalina.startup.VersionLoggerListener.log Command line argument: --add-opens=java.rmi/sun.rmi.transport=ALL-UNNAMED
15-Jan-2026 15:26:45.418 INFO [main] org.apache.catalina.startup.VersionLoggerListener.log Command line argument: -Djava.util.logging.config.file=/opt/lms/tomcat/conf/logging.properties
15-Jan-2026 15:26:45.418 INFO [main] org.apache.catalina.startup.VersionLoggerListener.log Command line argument: -Djava.util.logging.manager=org.apache.juli.ClassLoaderLogManager
15-Jan-2026 15:26:45.418 INFO [main] org.apache.catalina.startup.VersionLoggerListener.log Command line argument: -Djdk.tls.ephemeralDHKeySize=2048
15-Jan-2026 15:26:45.418 INFO [main] org.apache.catalina.startup.VersionLoggerListener.log Command line argument: -Djava.protocol.handler.pkgs=org.apache.catalina.webresources
15-Jan-2026 15:26:45.418 INFO [main] org.apache.catalina.startup.VersionLoggerListener.log Command line argument: -Dorg.apache.catalina.security.SecurityListener.UMASK=0027
15-Jan-2026 15:26:45.418 INFO [main] org.apache.catalina.startup.VersionLoggerListener.log Command line argument: -Dignore.endorsed.dirs=
15-Jan-2026 15:26:45.418 INFO [main] org.apache.catalina.startup.VersionLoggerListener.log Command line argument: -Dcatalina.base=/opt/lms/tomcat
15-Jan-2026 15:26:45.419 INFO [main] org.apache.catalina.startup.VersionLoggerListener.log Command line argument: -Dcatalina.home=/opt/lms/tomcat
15-Jan-2026 15:26:45.419 INFO [main] org.apache.catalina.startup.VersionLoggerListener.log Command line argument: -Djava.io.tmpdir=/opt/lms/tomcat/temp
15-Jan-2026 15:26:45.431 INFO [main] org.apache.catalina.core.AprLifecycleListener.lifecycleEvent An older version [1.2.31] of the Apache Tomcat Native library is installed, while Tomcat recommends a minimum version of [1.3.0]
15-Jan-2026 15:26:45.432 INFO [main] org.apache.catalina.core.AprLifecycleListener.lifecycleEvent Loaded Apache Tomcat Native library [1.2.31] using APR version [1.7.0].
15-Jan-2026 15:26:45.432 INFO [main] org.apache.catalina.core.AprLifecycleListener.lifecycleEvent APR capabilities: IPv6 [true], sendfile [true], accept filters [false], random [true], UDS [true].
15-Jan-2026 15:26:45.432 INFO [main] org.apache.catalina.core.AprLifecycleListener.lifecycleEvent APR/OpenSSL configuration: useAprConnector [false], useOpenSSL [true]
15-Jan-2026 15:26:45.439 INFO [main] org.apache.catalina.core.AprLifecycleListener.initializeSSL OpenSSL successfully initialized [OpenSSL 3.0.2 15 Mar 2022]
15-Jan-2026 15:26:46.159 INFO [main] org.apache.coyote.AbstractProtocol.init Initializing ProtocolHandler ["http-nio-8001"]
15-Jan-2026 15:26:46.233 INFO [main] org.apache.catalina.startup.Catalina.load Server initialization in [1349] milliseconds
15-Jan-2026 15:26:46.375 INFO [main] org.apache.catalina.core.StandardService.startInternal Starting service [Catalina]
15-Jan-2026 15:26:46.376 INFO [main] org.apache.catalina.core.StandardEngine.startInternal Starting Servlet engine: [Apache Tomcat/9.0.96]
15-Jan-2026 15:26:46.405 INFO [main] org.apache.catalina.startup.HostConfig.deployWAR Deploying web application archive [/opt/lms/tomcat/webapps/ROOT.war]
15-Jan-2026 15:26:46.979 INFO [main] org.apache.catalina.startup.HostConfig.deployWAR Deployment of web application archive [/opt/lms/tomcat/webapps/ROOT.war] has finished in [573] ms
15-Jan-2026 15:26:46.981 INFO [main] org.apache.catalina.startup.HostConfig.deployDirectory Deploying web application directory [/opt/lms/tomcat/webapps/manager]
15-Jan-2026 15:26:47.066 INFO [main] org.apache.catalina.startup.HostConfig.deployDirectory Deployment of web application directory [/opt/lms/tomcat/webapps/manager] has finished in [86] ms
15-Jan-2026 15:26:47.067 INFO [main] org.apache.catalina.startup.HostConfig.deployDirectory Deploying web application directory [/opt/lms/tomcat/webapps/examples]
15-Jan-2026 15:26:47.438 INFO [main] org.apache.catalina.startup.HostConfig.deployDirectory Deployment of web application directory [/opt/lms/tomcat/webapps/examples] has finished in [372] ms
15-Jan-2026 15:26:47.438 INFO [main] org.apache.catalina.startup.HostConfig.deployDirectory Deploying web application directory [/opt/lms/tomcat/webapps/host-manager]
15-Jan-2026 15:26:47.462 INFO [main] org.apache.catalina.startup.HostConfig.deployDirectory Deployment of web application directory [/opt/lms/tomcat/webapps/host-manager] has finished in [23] ms
15-Jan-2026 15:26:47.462 INFO [main] org.apache.catalina.startup.HostConfig.deployDirectory Deploying web application directory [/opt/lms/tomcat/webapps/docs]
15-Jan-2026 15:26:47.494 INFO [main] org.apache.catalina.startup.HostConfig.deployDirectory Deployment of web application directory [/opt/lms/tomcat/webapps/docs] has finished in [32] ms
15-Jan-2026 15:26:47.498 INFO [main] org.apache.coyote.AbstractProtocol.start Starting ProtocolHandler ["http-nio-8001"]
15-Jan-2026 15:26:47.519 INFO [main] org.apache.catalina.startup.Catalina.start Server startup in [1285] milliseconds
NOTE: Picked up JDK_JAVA_OPTIONS:  --add-opens=java.base/java.lang=ALL-UNNAMED --add-opens=java.base/java.io=ALL-UNNAMED --add-opens=java.base/java.util=ALL-UNNAMED --add-opens=java.base/java.util.concurrent=ALL-UNNAMED --add-opens=java.rmi/sun.rmi.transport=ALL-UNNAMED
15-Jan-2026 15:41:43.240 INFO [main] org.apache.catalina.startup.VersionLoggerListener.log Server version name:   Apache Tomcat/9.0.96
15-Jan-2026 15:41:43.251 INFO [main] org.apache.catalina.startup.VersionLoggerListener.log Server built:          Oct 3 2024 19:44:30 UTC
15-Jan-2026 15:41:43.251 INFO [main] org.apache.catalina.startup.VersionLoggerListener.log Server version number: 9.0.96.0
15-Jan-2026 15:41:43.251 INFO [main] org.apache.catalina.startup.VersionLoggerListener.log OS Name:               Linux
15-Jan-2026 15:41:43.252 INFO [main] org.apache.catalina.startup.VersionLoggerListener.log OS Version:            6.8.0-1044-aws
15-Jan-2026 15:41:43.252 INFO [main] org.apache.catalina.startup.VersionLoggerListener.log Architecture:          amd64
15-Jan-2026 15:41:43.252 INFO [main] org.apache.catalina.startup.VersionLoggerListener.log Java Home:             /usr/lib/jvm/java-11-openjdk-amd64
15-Jan-2026 15:41:43.252 INFO [main] org.apache.catalina.startup.VersionLoggerListener.log JVM Version:           11.0.29+7-post-Ubuntu-1ubuntu122.04
15-Jan-2026 15:41:43.252 INFO [main] org.apache.catalina.startup.VersionLoggerListener.log JVM Vendor:            Ubuntu
15-Jan-2026 15:41:43.255 INFO [main] org.apache.catalina.startup.VersionLoggerListener.log CATALINA_BASE:         /opt/lms/tomcat
15-Jan-2026 15:41:43.255 INFO [main] org.apache.catalina.startup.VersionLoggerListener.log CATALINA_HOME:         /opt/lms/tomcat
15-Jan-2026 15:41:43.293 INFO [main] org.apache.catalina.startup.VersionLoggerListener.log Command line argument: --add-opens=java.base/java.lang=ALL-UNNAMED
15-Jan-2026 15:41:43.293 INFO [main] org.apache.catalina.startup.VersionLoggerListener.log Command line argument: --add-opens=java.base/java.io=ALL-UNNAMED
15-Jan-2026 15:41:43.293 INFO [main] org.apache.catalina.startup.VersionLoggerListener.log Command line argument: --add-opens=java.base/java.util=ALL-UNNAMED
15-Jan-2026 15:41:43.300 INFO [main] org.apache.catalina.startup.VersionLoggerListener.log Command line argument: --add-opens=java.base/java.util.concurrent=ALL-UNNAMED
15-Jan-2026 15:41:43.300 INFO [main] org.apache.catalina.startup.VersionLoggerListener.log Command line argument: --add-opens=java.rmi/sun.rmi.transport=ALL-UNNAMED
15-Jan-2026 15:41:43.301 INFO [main] org.apache.catalina.startup.VersionLoggerListener.log Command line argument: -Djava.util.logging.config.file=/opt/lms/tomcat/conf/logging.properties
15-Jan-2026 15:41:43.301 INFO [main] org.apache.catalina.startup.VersionLoggerListener.log Command line argument: -Djava.util.logging.manager=org.apache.juli.ClassLoaderLogManager
15-Jan-2026 15:41:43.301 INFO [main] org.apache.catalina.startup.VersionLoggerListener.log Command line argument: -Djdk.tls.ephemeralDHKeySize=2048
15-Jan-2026 15:41:43.301 INFO [main] org.apache.catalina.startup.VersionLoggerListener.log Command line argument: -Djava.protocol.handler.pkgs=org.apache.catalina.webresources
15-Jan-2026 15:41:43.301 INFO [main] org.apache.catalina.startup.VersionLoggerListener.log Command line argument: -Dorg.apache.catalina.security.SecurityListener.UMASK=0027
15-Jan-2026 15:41:43.301 INFO [main] org.apache.catalina.startup.VersionLoggerListener.log Command line argument: -Dignore.endorsed.dirs=
15-Jan-2026 15:41:43.301 INFO [main] org.apache.catalina.startup.VersionLoggerListener.log Command line argument: -Dcatalina.base=/opt/lms/tomcat
15-Jan-2026 15:41:43.302 INFO [main] org.apache.catalina.startup.VersionLoggerListener.log Command line argument: -Dcatalina.home=/opt/lms/tomcat
15-Jan-2026 15:41:43.302 INFO [main] org.apache.catalina.startup.VersionLoggerListener.log Command line argument: -Djava.io.tmpdir=/opt/lms/tomcat/temp
15-Jan-2026 15:41:43.317 INFO [main] org.apache.catalina.core.AprLifecycleListener.lifecycleEvent An older version [1.2.31] of the Apache Tomcat Native library is installed, while Tomcat recommends a minimum version of [1.3.0]
15-Jan-2026 15:41:43.317 INFO [main] org.apache.catalina.core.AprLifecycleListener.lifecycleEvent Loaded Apache Tomcat Native library [1.2.31] using APR version [1.7.0].
15-Jan-2026 15:41:43.317 INFO [main] org.apache.catalina.core.AprLifecycleListener.lifecycleEvent APR capabilities: IPv6 [true], sendfile [true], accept filters [false], random [true], UDS [true].
15-Jan-2026 15:41:43.318 INFO [main] org.apache.catalina.core.AprLifecycleListener.lifecycleEvent APR/OpenSSL configuration: useAprConnector [false], useOpenSSL [true]
15-Jan-2026 15:41:43.328 INFO [main] org.apache.catalina.core.AprLifecycleListener.initializeSSL OpenSSL successfully initialized [OpenSSL 3.0.2 15 Mar 2022]
15-Jan-2026 15:41:44.584 INFO [main] org.apache.coyote.AbstractProtocol.init Initializing ProtocolHandler ["http-nio-8001"]
15-Jan-2026 15:41:44.676 INFO [main] org.apache.catalina.startup.Catalina.load Server initialization in [2225] milliseconds
15-Jan-2026 15:41:44.886 INFO [main] org.apache.catalina.core.StandardService.startInternal Starting service [Catalina]
15-Jan-2026 15:41:44.887 INFO [main] org.apache.catalina.core.StandardEngine.startInternal Starting Servlet engine: [Apache Tomcat/9.0.96]
15-Jan-2026 15:41:44.930 INFO [main] org.apache.catalina.startup.HostConfig.deployWAR Deploying web application archive [/opt/lms/tomcat/webapps/ROOT.war]
15-Jan-2026 15:41:45.883 INFO [main] org.apache.catalina.startup.HostConfig.deployWAR Deployment of web application archive [/opt/lms/tomcat/webapps/ROOT.war] has finished in [950] ms
15-Jan-2026 15:41:45.887 INFO [main] org.apache.catalina.startup.HostConfig.deployDirectory Deploying web application directory [/opt/lms/tomcat/webapps/manager]
15-Jan-2026 15:41:46.068 INFO [main] org.apache.catalina.startup.HostConfig.deployDirectory Deployment of web application directory [/opt/lms/tomcat/webapps/manager] has finished in [179] ms
15-Jan-2026 15:41:46.069 INFO [main] org.apache.catalina.startup.HostConfig.deployDirectory Deploying web application directory [/opt/lms/tomcat/webapps/examples]
15-Jan-2026 15:41:46.875 INFO [main] org.apache.catalina.startup.HostConfig.deployDirectory Deployment of web application directory [/opt/lms/tomcat/webapps/examples] has finished in [806] ms
15-Jan-2026 15:41:46.875 INFO [main] org.apache.catalina.startup.HostConfig.deployDirectory Deploying web application directory [/opt/lms/tomcat/webapps/host-manager]
15-Jan-2026 15:41:46.952 INFO [main] org.apache.catalina.startup.HostConfig.deployDirectory Deployment of web application directory [/opt/lms/tomcat/webapps/host-manager] has finished in [77] ms
15-Jan-2026 15:41:46.954 INFO [main] org.apache.catalina.startup.HostConfig.deployDirectory Deploying web application directory [/opt/lms/tomcat/webapps/docs]
15-Jan-2026 15:41:47.005 INFO [main] org.apache.catalina.startup.HostConfig.deployDirectory Deployment of web application directory [/opt/lms/tomcat/webapps/docs] has finished in [52] ms
15-Jan-2026 15:41:47.015 INFO [main] org.apache.coyote.AbstractProtocol.start Starting ProtocolHandler ["http-nio-8001"]
15-Jan-2026 15:41:47.061 INFO [main] org.apache.catalina.startup.Catalina.start Server startup in [2384] milliseconds
NOTE: Picked up JDK_JAVA_OPTIONS:  --add-opens=java.base/java.lang=ALL-UNNAMED --add-opens=java.base/java.io=ALL-UNNAMED --add-opens=java.base/java.util=ALL-UNNAMED --add-opens=java.base/java.util.concurrent=ALL-UNNAMED --add-opens=java.rmi/sun.rmi.transport=ALL-UNNAMED
15-Jan-2026 15:46:56.293 INFO [main] org.apache.catalina.startup.VersionLoggerListener.log Server version name:   Apache Tomcat/9.0.96
15-Jan-2026 15:46:56.308 INFO [main] org.apache.catalina.startup.VersionLoggerListener.log Server built:          Oct 3 2024 19:44:30 UTC
15-Jan-2026 15:46:56.309 INFO [main] org.apache.catalina.startup.VersionLoggerListener.log Server version number: 9.0.96.0
15-Jan-2026 15:46:56.309 INFO [main] org.apache.catalina.startup.VersionLoggerListener.log OS Name:               Linux
15-Jan-2026 15:46:56.309 INFO [main] org.apache.catalina.startup.VersionLoggerListener.log OS Version:            6.8.0-1044-aws
15-Jan-2026 15:46:56.309 INFO [main] org.apache.catalina.startup.VersionLoggerListener.log Architecture:          amd64
15-Jan-2026 15:46:56.309 INFO [main] org.apache.catalina.startup.VersionLoggerListener.log Java Home:             /usr/lib/jvm/java-11-openjdk-amd64
15-Jan-2026 15:46:56.310 INFO [main] org.apache.catalina.startup.VersionLoggerListener.log JVM Version:           11.0.29+7-post-Ubuntu-1ubuntu122.04
15-Jan-2026 15:46:56.310 INFO [main] org.apache.catalina.startup.VersionLoggerListener.log JVM Vendor:            Ubuntu
15-Jan-2026 15:46:56.310 INFO [main] org.apache.catalina.startup.VersionLoggerListener.log CATALINA_BASE:         /opt/lms/tomcat
15-Jan-2026 15:46:56.310 INFO [main] org.apache.catalina.startup.VersionLoggerListener.log CATALINA_HOME:         /opt/lms/tomcat
15-Jan-2026 15:46:56.361 INFO [main] org.apache.catalina.startup.VersionLoggerListener.log Command line argument: --add-opens=java.base/java.lang=ALL-UNNAMED
15-Jan-2026 15:46:56.361 INFO [main] org.apache.catalina.startup.VersionLoggerListener.log Command line argument: --add-opens=java.base/java.io=ALL-UNNAMED
15-Jan-2026 15:46:56.369 INFO [main] org.apache.catalina.startup.VersionLoggerListener.log Command line argument: --add-opens=java.base/java.util=ALL-UNNAMED
15-Jan-2026 15:46:56.369 INFO [main] org.apache.catalina.startup.VersionLoggerListener.log Command line argument: --add-opens=java.base/java.util.concurrent=ALL-UNNAMED
15-Jan-2026 15:46:56.369 INFO [main] org.apache.catalina.startup.VersionLoggerListener.log Command line argument: --add-opens=java.rmi/sun.rmi.transport=ALL-UNNAMED
15-Jan-2026 15:46:56.369 INFO [main] org.apache.catalina.startup.VersionLoggerListener.log Command line argument: -Djava.util.logging.config.file=/opt/lms/tomcat/conf/logging.properties
15-Jan-2026 15:46:56.369 INFO [main] org.apache.catalina.startup.VersionLoggerListener.log Command line argument: -Djava.util.logging.manager=org.apache.juli.ClassLoaderLogManager
15-Jan-2026 15:46:56.370 INFO [main] org.apache.catalina.startup.VersionLoggerListener.log Command line argument: -Djdk.tls.ephemeralDHKeySize=2048
15-Jan-2026 15:46:56.370 INFO [main] org.apache.catalina.startup.VersionLoggerListener.log Command line argument: -Djava.protocol.handler.pkgs=org.apache.catalina.webresources
15-Jan-2026 15:46:56.370 INFO [main] org.apache.catalina.startup.VersionLoggerListener.log Command line argument: -Dorg.apache.catalina.security.SecurityListener.UMASK=0027
15-Jan-2026 15:46:56.370 INFO [main] org.apache.catalina.startup.VersionLoggerListener.log Command line argument: -Dignore.endorsed.dirs=
15-Jan-2026 15:46:56.376 INFO [main] org.apache.catalina.startup.VersionLoggerListener.log Command line argument: -Dcatalina.base=/opt/lms/tomcat
15-Jan-2026 15:46:56.376 INFO [main] org.apache.catalina.startup.VersionLoggerListener.log Command line argument: -Dcatalina.home=/opt/lms/tomcat
15-Jan-2026 15:46:56.377 INFO [main] org.apache.catalina.startup.VersionLoggerListener.log Command line argument: -Djava.io.tmpdir=/opt/lms/tomcat/temp
15-Jan-2026 15:46:56.401 INFO [main] org.apache.catalina.core.AprLifecycleListener.lifecycleEvent An older version [1.2.31] of the Apache Tomcat Native library is installed, while Tomcat recommends a minimum version of [1.3.0]
15-Jan-2026 15:46:56.402 INFO [main] org.apache.catalina.core.AprLifecycleListener.lifecycleEvent Loaded Apache Tomcat Native library [1.2.31] using APR version [1.7.0].
15-Jan-2026 15:46:56.406 INFO [main] org.apache.catalina.core.AprLifecycleListener.lifecycleEvent APR capabilities: IPv6 [true], sendfile [true], accept filters [false], random [true], UDS [true].
15-Jan-2026 15:46:56.406 INFO [main] org.apache.catalina.core.AprLifecycleListener.lifecycleEvent APR/OpenSSL configuration: useAprConnector [false], useOpenSSL [true]
15-Jan-2026 15:46:56.422 INFO [main] org.apache.catalina.core.AprLifecycleListener.initializeSSL OpenSSL successfully initialized [OpenSSL 3.0.2 15 Mar 2022]
15-Jan-2026 15:46:57.697 INFO [main] org.apache.coyote.AbstractProtocol.init Initializing ProtocolHandler ["http-nio-8001"]
15-Jan-2026 15:46:57.801 INFO [main] org.apache.catalina.startup.Catalina.load Server initialization in [2365] milliseconds
15-Jan-2026 15:46:58.049 INFO [main] org.apache.catalina.core.StandardService.startInternal Starting service [Catalina]
15-Jan-2026 15:46:58.050 INFO [main] org.apache.catalina.core.StandardEngine.startInternal Starting Servlet engine: [Apache Tomcat/9.0.96]
15-Jan-2026 15:46:58.072 INFO [main] org.apache.catalina.startup.HostConfig.deployWAR Deploying web application archive [/opt/lms/tomcat/webapps/ROOT.war]
15-Jan-2026 15:46:59.074 INFO [main] org.apache.catalina.startup.HostConfig.deployWAR Deployment of web application archive [/opt/lms/tomcat/webapps/ROOT.war] has finished in [1,001] ms
15-Jan-2026 15:46:59.079 INFO [main] org.apache.catalina.startup.HostConfig.deployDirectory Deploying web application directory [/opt/lms/tomcat/webapps/manager]
15-Jan-2026 15:46:59.248 INFO [main] org.apache.catalina.startup.HostConfig.deployDirectory Deployment of web application directory [/opt/lms/tomcat/webapps/manager] has finished in [168] ms
15-Jan-2026 15:46:59.248 INFO [main] org.apache.catalina.startup.HostConfig.deployDirectory Deploying web application directory [/opt/lms/tomcat/webapps/examples]
15-Jan-2026 15:46:59.960 INFO [main] org.apache.catalina.startup.HostConfig.deployDirectory Deployment of web application directory [/opt/lms/tomcat/webapps/examples] has finished in [712] ms
15-Jan-2026 15:46:59.962 INFO [main] org.apache.catalina.startup.HostConfig.deployDirectory Deploying web application directory [/opt/lms/tomcat/webapps/host-manager]
15-Jan-2026 15:47:00.038 INFO [main] org.apache.catalina.startup.HostConfig.deployDirectory Deployment of web application directory [/opt/lms/tomcat/webapps/host-manager] has finished in [76] ms
15-Jan-2026 15:47:00.040 INFO [main] org.apache.catalina.startup.HostConfig.deployDirectory Deploying web application directory [/opt/lms/tomcat/webapps/docs]
15-Jan-2026 15:47:00.126 INFO [main] org.apache.catalina.startup.HostConfig.deployDirectory Deployment of web application directory [/opt/lms/tomcat/webapps/docs] has finished in [85] ms
15-Jan-2026 15:47:00.142 INFO [main] org.apache.coyote.AbstractProtocol.start Starting ProtocolHandler ["http-nio-8001"]
15-Jan-2026 15:47:00.179 INFO [main] org.apache.catalina.startup.Catalina.start Server startup in [2377] milliseconds
NOTE: Picked up JDK_JAVA_OPTIONS:  --add-opens=java.base/java.lang=ALL-UNNAMED --add-opens=java.base/java.io=ALL-UNNAMED --add-opens=java.base/java.util=ALL-UNNAMED --add-opens=java.base/java.util.concurrent=ALL-UNNAMED --add-opens=java.rmi/sun.rmi.transport=ALL-UNNAMED
15-Jan-2026 15:51:22.095 INFO [main] org.apache.catalina.startup.VersionLoggerListener.log Server version name:   Apache Tomcat/9.0.96
15-Jan-2026 15:51:22.106 INFO [main] org.apache.catalina.startup.VersionLoggerListener.log Server built:          Oct 3 2024 19:44:30 UTC
15-Jan-2026 15:51:22.107 INFO [main] org.apache.catalina.startup.VersionLoggerListener.log Server version number: 9.0.96.0
15-Jan-2026 15:51:22.107 INFO [main] org.apache.catalina.startup.VersionLoggerListener.log OS Name:               Linux
15-Jan-2026 15:51:22.107 INFO [main] org.apache.catalina.startup.VersionLoggerListener.log OS Version:            6.8.0-1044-aws
15-Jan-2026 15:51:22.107 INFO [main] org.apache.catalina.startup.VersionLoggerListener.log Architecture:          amd64
15-Jan-2026 15:51:22.107 INFO [main] org.apache.catalina.startup.VersionLoggerListener.log Java Home:             /usr/lib/jvm/java-11-openjdk-amd64
15-Jan-2026 15:51:22.107 INFO [main] org.apache.catalina.startup.VersionLoggerListener.log JVM Version:           11.0.29+7-post-Ubuntu-1ubuntu122.04
15-Jan-2026 15:51:22.108 INFO [main] org.apache.catalina.startup.VersionLoggerListener.log JVM Vendor:            Ubuntu
15-Jan-2026 15:51:22.108 INFO [main] org.apache.catalina.startup.VersionLoggerListener.log CATALINA_BASE:         /opt/lms/tomcat
15-Jan-2026 15:51:22.108 INFO [main] org.apache.catalina.startup.VersionLoggerListener.log CATALINA_HOME:         /opt/lms/tomcat
15-Jan-2026 15:51:22.149 INFO [main] org.apache.catalina.startup.VersionLoggerListener.log Command line argument: --add-opens=java.base/java.lang=ALL-UNNAMED
15-Jan-2026 15:51:22.150 INFO [main] org.apache.catalina.startup.VersionLoggerListener.log Command line argument: --add-opens=java.base/java.io=ALL-UNNAMED
15-Jan-2026 15:51:22.150 INFO [main] org.apache.catalina.startup.VersionLoggerListener.log Command line argument: --add-opens=java.base/java.util=ALL-UNNAMED
15-Jan-2026 15:51:22.150 INFO [main] org.apache.catalina.startup.VersionLoggerListener.log Command line argument: --add-opens=java.base/java.util.concurrent=ALL-UNNAMED
15-Jan-2026 15:51:22.150 INFO [main] org.apache.catalina.startup.VersionLoggerListener.log Command line argument: --add-opens=java.rmi/sun.rmi.transport=ALL-UNNAMED
15-Jan-2026 15:51:22.150 INFO [main] org.apache.catalina.startup.VersionLoggerListener.log Command line argument: -Djava.util.logging.config.file=/opt/lms/tomcat/conf/logging.properties
15-Jan-2026 15:51:22.150 INFO [main] org.apache.catalina.startup.VersionLoggerListener.log Command line argument: -Djava.util.logging.manager=org.apache.juli.ClassLoaderLogManager
15-Jan-2026 15:51:22.150 INFO [main] org.apache.catalina.startup.VersionLoggerListener.log Command line argument: -Djdk.tls.ephemeralDHKeySize=2048
15-Jan-2026 15:51:22.151 INFO [main] org.apache.catalina.startup.VersionLoggerListener.log Command line argument: -Djava.protocol.handler.pkgs=org.apache.catalina.webresources
15-Jan-2026 15:51:22.151 INFO [main] org.apache.catalina.startup.VersionLoggerListener.log Command line argument: -Dorg.apache.catalina.security.SecurityListener.UMASK=0027
15-Jan-2026 15:51:22.151 INFO [main] org.apache.catalina.startup.VersionLoggerListener.log Command line argument: -Dignore.endorsed.dirs=
15-Jan-2026 15:51:22.151 INFO [main] org.apache.catalina.startup.VersionLoggerListener.log Command line argument: -Dcatalina.base=/opt/lms/tomcat
15-Jan-2026 15:51:22.151 INFO [main] org.apache.catalina.startup.VersionLoggerListener.log Command line argument: -Dcatalina.home=/opt/lms/tomcat
15-Jan-2026 15:51:22.156 INFO [main] org.apache.catalina.startup.VersionLoggerListener.log Command line argument: -Djava.io.tmpdir=/opt/lms/tomcat/temp
15-Jan-2026 15:51:22.173 INFO [main] org.apache.catalina.core.AprLifecycleListener.lifecycleEvent An older version [1.2.31] of the Apache Tomcat Native library is installed, while Tomcat recommends a minimum version of [1.3.0]
15-Jan-2026 15:51:22.173 INFO [main] org.apache.catalina.core.AprLifecycleListener.lifecycleEvent Loaded Apache Tomcat Native library [1.2.31] using APR version [1.7.0].
15-Jan-2026 15:51:22.173 INFO [main] org.apache.catalina.core.AprLifecycleListener.lifecycleEvent APR capabilities: IPv6 [true], sendfile [true], accept filters [false], random [true], UDS [true].
15-Jan-2026 15:51:22.173 INFO [main] org.apache.catalina.core.AprLifecycleListener.lifecycleEvent APR/OpenSSL configuration: useAprConnector [false], useOpenSSL [true]
15-Jan-2026 15:51:22.188 INFO [main] org.apache.catalina.core.AprLifecycleListener.initializeSSL OpenSSL successfully initialized [OpenSSL 3.0.2 15 Mar 2022]
15-Jan-2026 15:51:23.463 INFO [main] org.apache.coyote.AbstractProtocol.init Initializing ProtocolHandler ["http-nio-8001"]
15-Jan-2026 15:51:23.557 INFO [main] org.apache.catalina.startup.Catalina.load Server initialization in [2220] milliseconds
15-Jan-2026 15:51:23.757 INFO [main] org.apache.catalina.core.StandardService.startInternal Starting service [Catalina]
15-Jan-2026 15:51:23.759 INFO [main] org.apache.catalina.core.StandardEngine.startInternal Starting Servlet engine: [Apache Tomcat/9.0.96]
15-Jan-2026 15:51:23.803 INFO [main] org.apache.catalina.startup.HostConfig.deployWAR Deploying web application archive [/opt/lms/tomcat/webapps/ROOT.war]
15-Jan-2026 15:51:24.719 INFO [main] org.apache.catalina.startup.HostConfig.deployWAR Deployment of web application archive [/opt/lms/tomcat/webapps/ROOT.war] has finished in [912] ms
15-Jan-2026 15:51:24.720 INFO [main] org.apache.catalina.startup.HostConfig.deployDirectory Deploying web application directory [/opt/lms/tomcat/webapps/manager]
15-Jan-2026 15:51:24.882 INFO [main] org.apache.catalina.startup.HostConfig.deployDirectory Deployment of web application directory [/opt/lms/tomcat/webapps/manager] has finished in [163] ms
15-Jan-2026 15:51:24.882 INFO [main] org.apache.catalina.startup.HostConfig.deployDirectory Deploying web application directory [/opt/lms/tomcat/webapps/examples]
15-Jan-2026 15:51:25.628 INFO [main] org.apache.catalina.startup.HostConfig.deployDirectory Deployment of web application directory [/opt/lms/tomcat/webapps/examples] has finished in [745] ms
15-Jan-2026 15:51:25.628 INFO [main] org.apache.catalina.startup.HostConfig.deployDirectory Deploying web application directory [/opt/lms/tomcat/webapps/host-manager]
15-Jan-2026 15:51:25.708 INFO [main] org.apache.catalina.startup.HostConfig.deployDirectory Deployment of web application directory [/opt/lms/tomcat/webapps/host-manager] has finished in [80] ms
15-Jan-2026 15:51:25.711 INFO [main] org.apache.catalina.startup.HostConfig.deployDirectory Deploying web application directory [/opt/lms/tomcat/webapps/docs]
15-Jan-2026 15:51:25.765 INFO [main] org.apache.catalina.startup.HostConfig.deployDirectory Deployment of web application directory [/opt/lms/tomcat/webapps/docs] has finished in [53] ms
15-Jan-2026 15:51:25.780 INFO [main] org.apache.coyote.AbstractProtocol.start Starting ProtocolHandler ["http-nio-8001"]
15-Jan-2026 15:51:25.813 INFO [main] org.apache.catalina.startup.Catalina.start Server startup in [2255] milliseconds
NOTE: Picked up JDK_JAVA_OPTIONS:  --add-opens=java.base/java.lang=ALL-UNNAMED --add-opens=java.base/java.io=ALL-UNNAMED --add-opens=java.base/java.util=ALL-UNNAMED --add-opens=java.base/java.util.concurrent=ALL-UNNAMED --add-opens=java.rmi/sun.rmi.transport=ALL-UNNAMED
15-Jan-2026 16:00:33.944 INFO [main] org.apache.catalina.startup.VersionLoggerListener.log Server version name:   Apache Tomcat/9.0.96
15-Jan-2026 16:00:33.959 INFO [main] org.apache.catalina.startup.VersionLoggerListener.log Server built:          Oct 3 2024 19:44:30 UTC
15-Jan-2026 16:00:33.960 INFO [main] org.apache.catalina.startup.VersionLoggerListener.log Server version number: 9.0.96.0
15-Jan-2026 16:00:33.960 INFO [main] org.apache.catalina.startup.VersionLoggerListener.log OS Name:               Linux
15-Jan-2026 16:00:33.960 INFO [main] org.apache.catalina.startup.VersionLoggerListener.log OS Version:            6.8.0-1044-aws
15-Jan-2026 16:00:33.964 INFO [main] org.apache.catalina.startup.VersionLoggerListener.log Architecture:          amd64
15-Jan-2026 16:00:33.964 INFO [main] org.apache.catalina.startup.VersionLoggerListener.log Java Home:             /usr/lib/jvm/java-11-openjdk-amd64
15-Jan-2026 16:00:33.964 INFO [main] org.apache.catalina.startup.VersionLoggerListener.log JVM Version:           11.0.29+7-post-Ubuntu-1ubuntu122.04
15-Jan-2026 16:00:33.964 INFO [main] org.apache.catalina.startup.VersionLoggerListener.log JVM Vendor:            Ubuntu
15-Jan-2026 16:00:33.964 INFO [main] org.apache.catalina.startup.VersionLoggerListener.log CATALINA_BASE:         /opt/lms/tomcat
15-Jan-2026 16:00:33.965 INFO [main] org.apache.catalina.startup.VersionLoggerListener.log CATALINA_HOME:         /opt/lms/tomcat
15-Jan-2026 16:00:34.005 INFO [main] org.apache.catalina.startup.VersionLoggerListener.log Command line argument: --add-opens=java.base/java.lang=ALL-UNNAMED
15-Jan-2026 16:00:34.006 INFO [main] org.apache.catalina.startup.VersionLoggerListener.log Command line argument: --add-opens=java.base/java.io=ALL-UNNAMED
15-Jan-2026 16:00:34.011 INFO [main] org.apache.catalina.startup.VersionLoggerListener.log Command line argument: --add-opens=java.base/java.util=ALL-UNNAMED
15-Jan-2026 16:00:34.012 INFO [main] org.apache.catalina.startup.VersionLoggerListener.log Command line argument: --add-opens=java.base/java.util.concurrent=ALL-UNNAMED
15-Jan-2026 16:00:34.012 INFO [main] org.apache.catalina.startup.VersionLoggerListener.log Command line argument: --add-opens=java.rmi/sun.rmi.transport=ALL-UNNAMED
15-Jan-2026 16:00:34.012 INFO [main] org.apache.catalina.startup.VersionLoggerListener.log Command line argument: -Djava.util.logging.config.file=/opt/lms/tomcat/conf/logging.properties
15-Jan-2026 16:00:34.012 INFO [main] org.apache.catalina.startup.VersionLoggerListener.log Command line argument: -Djava.util.logging.manager=org.apache.juli.ClassLoaderLogManager
15-Jan-2026 16:00:34.012 INFO [main] org.apache.catalina.startup.VersionLoggerListener.log Command line argument: -Djdk.tls.ephemeralDHKeySize=2048
15-Jan-2026 16:00:34.012 INFO [main] org.apache.catalina.startup.VersionLoggerListener.log Command line argument: -Djava.protocol.handler.pkgs=org.apache.catalina.webresources
15-Jan-2026 16:00:34.012 INFO [main] org.apache.catalina.startup.VersionLoggerListener.log Command line argument: -Dorg.apache.catalina.security.SecurityListener.UMASK=0027
15-Jan-2026 16:00:34.013 INFO [main] org.apache.catalina.startup.VersionLoggerListener.log Command line argument: -Dignore.endorsed.dirs=
15-Jan-2026 16:00:34.013 INFO [main] org.apache.catalina.startup.VersionLoggerListener.log Command line argument: -Dcatalina.base=/opt/lms/tomcat
15-Jan-2026 16:00:34.013 INFO [main] org.apache.catalina.startup.VersionLoggerListener.log Command line argument: -Dcatalina.home=/opt/lms/tomcat
15-Jan-2026 16:00:34.013 INFO [main] org.apache.catalina.startup.VersionLoggerListener.log Command line argument: -Djava.io.tmpdir=/opt/lms/tomcat/temp
15-Jan-2026 16:00:34.031 INFO [main] org.apache.catalina.core.AprLifecycleListener.lifecycleEvent An older version [1.2.31] of the Apache Tomcat Native library is installed, while Tomcat recommends a minimum version of [1.3.0]
15-Jan-2026 16:00:34.035 INFO [main] org.apache.catalina.core.AprLifecycleListener.lifecycleEvent Loaded Apache Tomcat Native library [1.2.31] using APR version [1.7.0].
15-Jan-2026 16:00:34.035 INFO [main] org.apache.catalina.core.AprLifecycleListener.lifecycleEvent APR capabilities: IPv6 [true], sendfile [true], accept filters [false], random [true], UDS [true].
15-Jan-2026 16:00:34.036 INFO [main] org.apache.catalina.core.AprLifecycleListener.lifecycleEvent APR/OpenSSL configuration: useAprConnector [false], useOpenSSL [true]
15-Jan-2026 16:00:34.047 INFO [main] org.apache.catalina.core.AprLifecycleListener.initializeSSL OpenSSL successfully initialized [OpenSSL 3.0.2 15 Mar 2022]
15-Jan-2026 16:00:35.370 INFO [main] org.apache.coyote.AbstractProtocol.init Initializing ProtocolHandler ["http-nio-8001"]
15-Jan-2026 16:00:35.471 INFO [main] org.apache.catalina.startup.Catalina.load Server initialization in [2289] milliseconds
15-Jan-2026 16:00:35.698 INFO [main] org.apache.catalina.core.StandardService.startInternal Starting service [Catalina]
15-Jan-2026 16:00:35.700 INFO [main] org.apache.catalina.core.StandardEngine.startInternal Starting Servlet engine: [Apache Tomcat/9.0.96]
15-Jan-2026 16:00:35.751 INFO [main] org.apache.catalina.startup.HostConfig.deployWAR Deploying web application archive [/opt/lms/tomcat/webapps/ROOT.war]
15-Jan-2026 16:00:36.726 INFO [main] org.apache.catalina.startup.HostConfig.deployWAR Deployment of web application archive [/opt/lms/tomcat/webapps/ROOT.war] has finished in [974] ms
15-Jan-2026 16:00:36.731 INFO [main] org.apache.catalina.startup.HostConfig.deployDirectory Deploying web application directory [/opt/lms/tomcat/webapps/manager]
15-Jan-2026 16:00:36.877 INFO [main] org.apache.catalina.startup.HostConfig.deployDirectory Deployment of web application directory [/opt/lms/tomcat/webapps/manager] has finished in [144] ms
15-Jan-2026 16:00:36.878 INFO [main] org.apache.catalina.startup.HostConfig.deployDirectory Deploying web application directory [/opt/lms/tomcat/webapps/examples]
15-Jan-2026 16:00:37.602 INFO [main] org.apache.catalina.startup.HostConfig.deployDirectory Deployment of web application directory [/opt/lms/tomcat/webapps/examples] has finished in [725] ms
15-Jan-2026 16:00:37.603 INFO [main] org.apache.catalina.startup.HostConfig.deployDirectory Deploying web application directory [/opt/lms/tomcat/webapps/host-manager]
15-Jan-2026 16:00:37.689 INFO [main] org.apache.catalina.startup.HostConfig.deployDirectory Deployment of web application directory [/opt/lms/tomcat/webapps/host-manager] has finished in [86] ms
15-Jan-2026 16:00:37.694 INFO [main] org.apache.catalina.startup.HostConfig.deployDirectory Deploying web application directory [/opt/lms/tomcat/webapps/docs]
15-Jan-2026 16:00:37.781 INFO [main] org.apache.catalina.startup.HostConfig.deployDirectory Deployment of web application directory [/opt/lms/tomcat/webapps/docs] has finished in [87] ms
15-Jan-2026 16:00:37.794 INFO [main] org.apache.coyote.AbstractProtocol.start Starting ProtocolHandler ["http-nio-8001"]
15-Jan-2026 16:00:37.851 INFO [main] org.apache.catalina.startup.Catalina.start Server startup in [2380] milliseconds
NOTE: Picked up JDK_JAVA_OPTIONS:  --add-opens=java.base/java.lang=ALL-UNNAMED --add-opens=java.base/java.io=ALL-UNNAMED --add-opens=java.base/java.util=ALL-UNNAMED --add-opens=java.base/java.util.concurrent=ALL-UNNAMED --add-opens=java.rmi/sun.rmi.transport=ALL-UNNAMED
15-Jan-2026 16:08:13.936 INFO [main] org.apache.catalina.startup.VersionLoggerListener.log Server version name:   Apache Tomcat/9.0.96
15-Jan-2026 16:08:13.948 INFO [main] org.apache.catalina.startup.VersionLoggerListener.log Server built:          Oct 3 2024 19:44:30 UTC
15-Jan-2026 16:08:13.952 INFO [main] org.apache.catalina.startup.VersionLoggerListener.log Server version number: 9.0.96.0
15-Jan-2026 16:08:13.952 INFO [main] org.apache.catalina.startup.VersionLoggerListener.log OS Name:               Linux
15-Jan-2026 16:08:13.953 INFO [main] org.apache.catalina.startup.VersionLoggerListener.log OS Version:            6.8.0-1044-aws
15-Jan-2026 16:08:13.953 INFO [main] org.apache.catalina.startup.VersionLoggerListener.log Architecture:          amd64
15-Jan-2026 16:08:13.953 INFO [main] org.apache.catalina.startup.VersionLoggerListener.log Java Home:             /usr/lib/jvm/java-11-openjdk-amd64
15-Jan-2026 16:08:13.953 INFO [main] org.apache.catalina.startup.VersionLoggerListener.log JVM Version:           11.0.29+7-post-Ubuntu-1ubuntu122.04
15-Jan-2026 16:08:13.953 INFO [main] org.apache.catalina.startup.VersionLoggerListener.log JVM Vendor:            Ubuntu
15-Jan-2026 16:08:13.953 INFO [main] org.apache.catalina.startup.VersionLoggerListener.log CATALINA_BASE:         /opt/lms/tomcat
15-Jan-2026 16:08:13.953 INFO [main] org.apache.catalina.startup.VersionLoggerListener.log CATALINA_HOME:         /opt/lms/tomcat
15-Jan-2026 16:08:14.002 INFO [main] org.apache.catalina.startup.VersionLoggerListener.log Command line argument: --add-opens=java.base/java.lang=ALL-UNNAMED
15-Jan-2026 16:08:14.003 INFO [main] org.apache.catalina.startup.VersionLoggerListener.log Command line argument: --add-opens=java.base/java.io=ALL-UNNAMED
15-Jan-2026 16:08:14.010 INFO [main] org.apache.catalina.startup.VersionLoggerListener.log Command line argument: --add-opens=java.base/java.util=ALL-UNNAMED
15-Jan-2026 16:08:14.012 INFO [main] org.apache.catalina.startup.VersionLoggerListener.log Command line argument: --add-opens=java.base/java.util.concurrent=ALL-UNNAMED
15-Jan-2026 16:08:14.012 INFO [main] org.apache.catalina.startup.VersionLoggerListener.log Command line argument: --add-opens=java.rmi/sun.rmi.transport=ALL-UNNAMED
15-Jan-2026 16:08:14.012 INFO [main] org.apache.catalina.startup.VersionLoggerListener.log Command line argument: -Djava.util.logging.config.file=/opt/lms/tomcat/conf/logging.properties
15-Jan-2026 16:08:14.014 INFO [main] org.apache.catalina.startup.VersionLoggerListener.log Command line argument: -Djava.util.logging.manager=org.apache.juli.ClassLoaderLogManager
15-Jan-2026 16:08:14.014 INFO [main] org.apache.catalina.startup.VersionLoggerListener.log Command line argument: -Djdk.tls.ephemeralDHKeySize=2048
15-Jan-2026 16:08:14.014 INFO [main] org.apache.catalina.startup.VersionLoggerListener.log Command line argument: -Djava.protocol.handler.pkgs=org.apache.catalina.webresources
15-Jan-2026 16:08:14.016 INFO [main] org.apache.catalina.startup.VersionLoggerListener.log Command line argument: -Dorg.apache.catalina.security.SecurityListener.UMASK=0027
15-Jan-2026 16:08:14.016 INFO [main] org.apache.catalina.startup.VersionLoggerListener.log Command line argument: -Dignore.endorsed.dirs=
15-Jan-2026 16:08:14.016 INFO [main] org.apache.catalina.startup.VersionLoggerListener.log Command line argument: -Dcatalina.base=/opt/lms/tomcat
15-Jan-2026 16:08:14.017 INFO [main] org.apache.catalina.startup.VersionLoggerListener.log Command line argument: -Dcatalina.home=/opt/lms/tomcat
15-Jan-2026 16:08:14.017 INFO [main] org.apache.catalina.startup.VersionLoggerListener.log Command line argument: -Djava.io.tmpdir=/opt/lms/tomcat/temp
15-Jan-2026 16:08:14.032 INFO [main] org.apache.catalina.core.AprLifecycleListener.lifecycleEvent An older version [1.2.31] of the Apache Tomcat Native library is installed, while Tomcat recommends a minimum version of [1.3.0]
15-Jan-2026 16:08:14.033 INFO [main] org.apache.catalina.core.AprLifecycleListener.lifecycleEvent Loaded Apache Tomcat Native library [1.2.31] using APR version [1.7.0].
15-Jan-2026 16:08:14.033 INFO [main] org.apache.catalina.core.AprLifecycleListener.lifecycleEvent APR capabilities: IPv6 [true], sendfile [true], accept filters [false], random [true], UDS [true].
15-Jan-2026 16:08:14.033 INFO [main] org.apache.catalina.core.AprLifecycleListener.lifecycleEvent APR/OpenSSL configuration: useAprConnector [false], useOpenSSL [true]
15-Jan-2026 16:08:14.046 INFO [main] org.apache.catalina.core.AprLifecycleListener.initializeSSL OpenSSL successfully initialized [OpenSSL 3.0.2 15 Mar 2022]
15-Jan-2026 16:08:15.282 INFO [main] org.apache.coyote.AbstractProtocol.init Initializing ProtocolHandler ["http-nio-8001"]
15-Jan-2026 16:08:15.374 INFO [main] org.apache.catalina.startup.Catalina.load Server initialization in [2277] milliseconds
15-Jan-2026 16:08:15.586 INFO [main] org.apache.catalina.core.StandardService.startInternal Starting service [Catalina]
15-Jan-2026 16:08:15.587 INFO [main] org.apache.catalina.core.StandardEngine.startInternal Starting Servlet engine: [Apache Tomcat/9.0.96]
15-Jan-2026 16:08:15.633 INFO [main] org.apache.catalina.startup.HostConfig.deployWAR Deploying web application archive [/opt/lms/tomcat/webapps/ROOT.war]
15-Jan-2026 16:08:16.570 INFO [main] org.apache.catalina.startup.HostConfig.deployWAR Deployment of web application archive [/opt/lms/tomcat/webapps/ROOT.war] has finished in [937] ms
15-Jan-2026 16:08:16.575 INFO [main] org.apache.catalina.startup.HostConfig.deployDirectory Deploying web application directory [/opt/lms/tomcat/webapps/manager]
15-Jan-2026 16:08:16.714 INFO [main] org.apache.catalina.startup.HostConfig.deployDirectory Deployment of web application directory [/opt/lms/tomcat/webapps/manager] has finished in [138] ms
15-Jan-2026 16:08:16.714 INFO [main] org.apache.catalina.startup.HostConfig.deployDirectory Deploying web application directory [/opt/lms/tomcat/webapps/examples]
15-Jan-2026 16:08:17.430 INFO [main] org.apache.catalina.startup.HostConfig.deployDirectory Deployment of web application directory [/opt/lms/tomcat/webapps/examples] has finished in [715] ms
15-Jan-2026 16:08:17.430 INFO [main] org.apache.catalina.startup.HostConfig.deployDirectory Deploying web application directory [/opt/lms/tomcat/webapps/host-manager]
15-Jan-2026 16:08:17.531 INFO [main] org.apache.catalina.startup.HostConfig.deployDirectory Deployment of web application directory [/opt/lms/tomcat/webapps/host-manager] has finished in [100] ms
15-Jan-2026 16:08:17.535 INFO [main] org.apache.catalina.startup.HostConfig.deployDirectory Deploying web application directory [/opt/lms/tomcat/webapps/docs]
15-Jan-2026 16:08:17.588 INFO [main] org.apache.catalina.startup.HostConfig.deployDirectory Deployment of web application directory [/opt/lms/tomcat/webapps/docs] has finished in [52] ms
15-Jan-2026 16:08:17.600 INFO [main] org.apache.coyote.AbstractProtocol.start Starting ProtocolHandler ["http-nio-8001"]
15-Jan-2026 16:08:17.637 INFO [main] org.apache.catalina.startup.Catalina.start Server startup in [2260] milliseconds
NOTE: Picked up JDK_JAVA_OPTIONS:  --add-opens=java.base/java.lang=ALL-UNNAMED --add-opens=java.base/java.io=ALL-UNNAMED --add-opens=java.base/java.util=ALL-UNNAMED --add-opens=java.base/java.util.concurrent=ALL-UNNAMED --add-opens=java.rmi/sun.rmi.transport=ALL-UNNAMED
15-Jan-2026 16:33:29.099 INFO [main] org.apache.catalina.startup.VersionLoggerListener.log Server version name:   Apache Tomcat/9.0.96
15-Jan-2026 16:33:29.111 INFO [main] org.apache.catalina.startup.VersionLoggerListener.log Server built:          Oct 3 2024 19:44:30 UTC
15-Jan-2026 16:33:29.112 INFO [main] org.apache.catalina.startup.VersionLoggerListener.log Server version number: 9.0.96.0
15-Jan-2026 16:33:29.112 INFO [main] org.apache.catalina.startup.VersionLoggerListener.log OS Name:               Linux
15-Jan-2026 16:33:29.116 INFO [main] org.apache.catalina.startup.VersionLoggerListener.log OS Version:            6.8.0-1044-aws
15-Jan-2026 16:33:29.116 INFO [main] org.apache.catalina.startup.VersionLoggerListener.log Architecture:          amd64
15-Jan-2026 16:33:29.116 INFO [main] org.apache.catalina.startup.VersionLoggerListener.log Java Home:             /usr/lib/jvm/java-11-openjdk-amd64
15-Jan-2026 16:33:29.116 INFO [main] org.apache.catalina.startup.VersionLoggerListener.log JVM Version:           11.0.29+7-post-Ubuntu-1ubuntu122.04
15-Jan-2026 16:33:29.116 INFO [main] org.apache.catalina.startup.VersionLoggerListener.log JVM Vendor:            Ubuntu
15-Jan-2026 16:33:29.116 INFO [main] org.apache.catalina.startup.VersionLoggerListener.log CATALINA_BASE:         /opt/lms/tomcat
15-Jan-2026 16:33:29.117 INFO [main] org.apache.catalina.startup.VersionLoggerListener.log CATALINA_HOME:         /opt/lms/tomcat
15-Jan-2026 16:33:29.147 INFO [main] org.apache.catalina.startup.VersionLoggerListener.log Command line argument: --add-opens=java.base/java.lang=ALL-UNNAMED
15-Jan-2026 16:33:29.148 INFO [main] org.apache.catalina.startup.VersionLoggerListener.log Command line argument: --add-opens=java.base/java.io=ALL-UNNAMED
15-Jan-2026 16:33:29.148 INFO [main] org.apache.catalina.startup.VersionLoggerListener.log Command line argument: --add-opens=java.base/java.util=ALL-UNNAMED
15-Jan-2026 16:33:29.148 INFO [main] org.apache.catalina.startup.VersionLoggerListener.log Command line argument: --add-opens=java.base/java.util.concurrent=ALL-UNNAMED
15-Jan-2026 16:33:29.148 INFO [main] org.apache.catalina.startup.VersionLoggerListener.log Command line argument: --add-opens=java.rmi/sun.rmi.transport=ALL-UNNAMED
15-Jan-2026 16:33:29.153 INFO [main] org.apache.catalina.startup.VersionLoggerListener.log Command line argument: -Djava.util.logging.config.file=/opt/lms/tomcat/conf/logging.properties
15-Jan-2026 16:33:29.153 INFO [main] org.apache.catalina.startup.VersionLoggerListener.log Command line argument: -Djava.util.logging.manager=org.apache.juli.ClassLoaderLogManager
15-Jan-2026 16:33:29.153 INFO [main] org.apache.catalina.startup.VersionLoggerListener.log Command line argument: -Djdk.tls.ephemeralDHKeySize=2048
15-Jan-2026 16:33:29.153 INFO [main] org.apache.catalina.startup.VersionLoggerListener.log Command line argument: -Djava.protocol.handler.pkgs=org.apache.catalina.webresources
15-Jan-2026 16:33:29.153 INFO [main] org.apache.catalina.startup.VersionLoggerListener.log Command line argument: -Dorg.apache.catalina.security.SecurityListener.UMASK=0027
15-Jan-2026 16:33:29.153 INFO [main] org.apache.catalina.startup.VersionLoggerListener.log Command line argument: -Dignore.endorsed.dirs=
15-Jan-2026 16:33:29.153 INFO [main] org.apache.catalina.startup.VersionLoggerListener.log Command line argument: -Dcatalina.base=/opt/lms/tomcat
15-Jan-2026 16:33:29.154 INFO [main] org.apache.catalina.startup.VersionLoggerListener.log Command line argument: -Dcatalina.home=/opt/lms/tomcat
15-Jan-2026 16:33:29.154 INFO [main] org.apache.catalina.startup.VersionLoggerListener.log Command line argument: -Djava.io.tmpdir=/opt/lms/tomcat/temp
15-Jan-2026 16:33:29.172 INFO [main] org.apache.catalina.core.AprLifecycleListener.lifecycleEvent An older version [1.2.31] of the Apache Tomcat Native library is installed, while Tomcat recommends a minimum version of [1.3.0]
15-Jan-2026 16:33:29.172 INFO [main] org.apache.catalina.core.AprLifecycleListener.lifecycleEvent Loaded Apache Tomcat Native library [1.2.31] using APR version [1.7.0].
15-Jan-2026 16:33:29.173 INFO [main] org.apache.catalina.core.AprLifecycleListener.lifecycleEvent APR capabilities: IPv6 [true], sendfile [true], accept filters [false], random [true], UDS [true].
15-Jan-2026 16:33:29.173 INFO [main] org.apache.catalina.core.AprLifecycleListener.lifecycleEvent APR/OpenSSL configuration: useAprConnector [false], useOpenSSL [true]
15-Jan-2026 16:33:29.188 INFO [main] org.apache.catalina.core.AprLifecycleListener.initializeSSL OpenSSL successfully initialized [OpenSSL 3.0.2 15 Mar 2022]
15-Jan-2026 16:33:30.395 INFO [main] org.apache.coyote.AbstractProtocol.init Initializing ProtocolHandler ["http-nio-8001"]
15-Jan-2026 16:33:30.490 INFO [main] org.apache.catalina.startup.Catalina.load Server initialization in [2144] milliseconds
15-Jan-2026 16:33:30.691 INFO [main] org.apache.catalina.core.StandardService.startInternal Starting service [Catalina]
15-Jan-2026 16:33:30.692 INFO [main] org.apache.catalina.core.StandardEngine.startInternal Starting Servlet engine: [Apache Tomcat/9.0.96]
15-Jan-2026 16:33:30.734 INFO [main] org.apache.catalina.startup.HostConfig.deployWAR Deploying web application archive [/opt/lms/tomcat/webapps/ROOT.war]
15-Jan-2026 16:33:31.681 INFO [main] org.apache.catalina.startup.HostConfig.deployWAR Deployment of web application archive [/opt/lms/tomcat/webapps/ROOT.war] has finished in [946] ms
15-Jan-2026 16:33:31.682 INFO [main] org.apache.catalina.startup.HostConfig.deployDirectory Deploying web application directory [/opt/lms/tomcat/webapps/manager]
15-Jan-2026 16:33:31.822 INFO [main] org.apache.catalina.startup.HostConfig.deployDirectory Deployment of web application directory [/opt/lms/tomcat/webapps/manager] has finished in [140] ms
15-Jan-2026 16:33:31.823 INFO [main] org.apache.catalina.startup.HostConfig.deployDirectory Deploying web application directory [/opt/lms/tomcat/webapps/examples]
15-Jan-2026 16:33:32.571 INFO [main] org.apache.catalina.startup.HostConfig.deployDirectory Deployment of web application directory [/opt/lms/tomcat/webapps/examples] has finished in [748] ms
15-Jan-2026 16:33:32.575 INFO [main] org.apache.catalina.startup.HostConfig.deployDirectory Deploying web application directory [/opt/lms/tomcat/webapps/host-manager]
15-Jan-2026 16:33:32.652 INFO [main] org.apache.catalina.startup.HostConfig.deployDirectory Deployment of web application directory [/opt/lms/tomcat/webapps/host-manager] has finished in [77] ms
15-Jan-2026 16:33:32.652 INFO [main] org.apache.catalina.startup.HostConfig.deployDirectory Deploying web application directory [/opt/lms/tomcat/webapps/docs]
15-Jan-2026 16:33:32.711 INFO [main] org.apache.catalina.startup.HostConfig.deployDirectory Deployment of web application directory [/opt/lms/tomcat/webapps/docs] has finished in [59] ms
15-Jan-2026 16:33:32.724 INFO [main] org.apache.coyote.AbstractProtocol.start Starting ProtocolHandler ["http-nio-8001"]
15-Jan-2026 16:33:32.805 INFO [main] org.apache.catalina.startup.Catalina.start Server startup in [2315] milliseconds
NOTE: Picked up JDK_JAVA_OPTIONS:  --add-opens=java.base/java.lang=ALL-UNNAMED --add-opens=java.base/java.io=ALL-UNNAMED --add-opens=java.base/java.util=ALL-UNNAMED --add-opens=java.base/java.util.concurrent=ALL-UNNAMED --add-opens=java.rmi/sun.rmi.transport=ALL-UNNAMED
15-Jan-2026 16:41:00.448 INFO [main] org.apache.catalina.startup.VersionLoggerListener.log Server version name:   Apache Tomcat/9.0.96
15-Jan-2026 16:41:00.462 INFO [main] org.apache.catalina.startup.VersionLoggerListener.log Server built:          Oct 3 2024 19:44:30 UTC
15-Jan-2026 16:41:00.462 INFO [main] org.apache.catalina.startup.VersionLoggerListener.log Server version number: 9.0.96.0
15-Jan-2026 16:41:00.462 INFO [main] org.apache.catalina.startup.VersionLoggerListener.log OS Name:               Linux
15-Jan-2026 16:41:00.462 INFO [main] org.apache.catalina.startup.VersionLoggerListener.log OS Version:            6.8.0-1044-aws
15-Jan-2026 16:41:00.462 INFO [main] org.apache.catalina.startup.VersionLoggerListener.log Architecture:          amd64
15-Jan-2026 16:41:00.462 INFO [main] org.apache.catalina.startup.VersionLoggerListener.log Java Home:             /usr/lib/jvm/java-11-openjdk-amd64
15-Jan-2026 16:41:00.463 INFO [main] org.apache.catalina.startup.VersionLoggerListener.log JVM Version:           11.0.29+7-post-Ubuntu-1ubuntu122.04
15-Jan-2026 16:41:00.463 INFO [main] org.apache.catalina.startup.VersionLoggerListener.log JVM Vendor:            Ubuntu
15-Jan-2026 16:41:00.463 INFO [main] org.apache.catalina.startup.VersionLoggerListener.log CATALINA_BASE:         /opt/lms/tomcat
15-Jan-2026 16:41:00.463 INFO [main] org.apache.catalina.startup.VersionLoggerListener.log CATALINA_HOME:         /opt/lms/tomcat
15-Jan-2026 16:41:00.509 INFO [main] org.apache.catalina.startup.VersionLoggerListener.log Command line argument: --add-opens=java.base/java.lang=ALL-UNNAMED
15-Jan-2026 16:41:00.509 INFO [main] org.apache.catalina.startup.VersionLoggerListener.log Command line argument: --add-opens=java.base/java.io=ALL-UNNAMED
15-Jan-2026 16:41:00.509 INFO [main] org.apache.catalina.startup.VersionLoggerListener.log Command line argument: --add-opens=java.base/java.util=ALL-UNNAMED
15-Jan-2026 16:41:00.510 INFO [main] org.apache.catalina.startup.VersionLoggerListener.log Command line argument: --add-opens=java.base/java.util.concurrent=ALL-UNNAMED
15-Jan-2026 16:41:00.510 INFO [main] org.apache.catalina.startup.VersionLoggerListener.log Command line argument: --add-opens=java.rmi/sun.rmi.transport=ALL-UNNAMED
15-Jan-2026 16:41:00.510 INFO [main] org.apache.catalina.startup.VersionLoggerListener.log Command line argument: -Djava.util.logging.config.file=/opt/lms/tomcat/conf/logging.properties
15-Jan-2026 16:41:00.510 INFO [main] org.apache.catalina.startup.VersionLoggerListener.log Command line argument: -Djava.util.logging.manager=org.apache.juli.ClassLoaderLogManager
15-Jan-2026 16:41:00.510 INFO [main] org.apache.catalina.startup.VersionLoggerListener.log Command line argument: -Djdk.tls.ephemeralDHKeySize=2048
15-Jan-2026 16:41:00.510 INFO [main] org.apache.catalina.startup.VersionLoggerListener.log Command line argument: -Djava.protocol.handler.pkgs=org.apache.catalina.webresources
15-Jan-2026 16:41:00.510 INFO [main] org.apache.catalina.startup.VersionLoggerListener.log Command line argument: -Dorg.apache.catalina.security.SecurityListener.UMASK=0027
15-Jan-2026 16:41:00.510 INFO [main] org.apache.catalina.startup.VersionLoggerListener.log Command line argument: -Dignore.endorsed.dirs=
15-Jan-2026 16:41:00.511 INFO [main] org.apache.catalina.startup.VersionLoggerListener.log Command line argument: -Dcatalina.base=/opt/lms/tomcat
15-Jan-2026 16:41:00.511 INFO [main] org.apache.catalina.startup.VersionLoggerListener.log Command line argument: -Dcatalina.home=/opt/lms/tomcat
15-Jan-2026 16:41:00.511 INFO [main] org.apache.catalina.startup.VersionLoggerListener.log Command line argument: -Djava.io.tmpdir=/opt/lms/tomcat/temp
15-Jan-2026 16:41:00.531 INFO [main] org.apache.catalina.core.AprLifecycleListener.lifecycleEvent An older version [1.2.31] of the Apache Tomcat Native library is installed, while Tomcat recommends a minimum version of [1.3.0]
15-Jan-2026 16:41:00.533 INFO [main] org.apache.catalina.core.AprLifecycleListener.lifecycleEvent Loaded Apache Tomcat Native library [1.2.31] using APR version [1.7.0].
15-Jan-2026 16:41:00.534 INFO [main] org.apache.catalina.core.AprLifecycleListener.lifecycleEvent APR capabilities: IPv6 [true], sendfile [true], accept filters [false], random [true], UDS [true].
15-Jan-2026 16:41:00.534 INFO [main] org.apache.catalina.core.AprLifecycleListener.lifecycleEvent APR/OpenSSL configuration: useAprConnector [false], useOpenSSL [true]
15-Jan-2026 16:41:00.549 INFO [main] org.apache.catalina.core.AprLifecycleListener.initializeSSL OpenSSL successfully initialized [OpenSSL 3.0.2 15 Mar 2022]
15-Jan-2026 16:41:01.898 INFO [main] org.apache.coyote.AbstractProtocol.init Initializing ProtocolHandler ["http-nio-8001"]
15-Jan-2026 16:41:01.996 INFO [main] org.apache.catalina.startup.Catalina.load Server initialization in [2352] milliseconds
15-Jan-2026 16:41:02.255 INFO [main] org.apache.catalina.core.StandardService.startInternal Starting service [Catalina]
15-Jan-2026 16:41:02.255 INFO [main] org.apache.catalina.core.StandardEngine.startInternal Starting Servlet engine: [Apache Tomcat/9.0.96]
15-Jan-2026 16:41:02.323 INFO [main] org.apache.catalina.startup.HostConfig.deployWAR Deploying web application archive [/opt/lms/tomcat/webapps/ROOT.war]
15-Jan-2026 16:41:03.343 INFO [main] org.apache.catalina.startup.HostConfig.deployWAR Deployment of web application archive [/opt/lms/tomcat/webapps/ROOT.war] has finished in [1,019] ms
15-Jan-2026 16:41:03.349 INFO [main] org.apache.catalina.startup.HostConfig.deployDirectory Deploying web application directory [/opt/lms/tomcat/webapps/manager]
15-Jan-2026 16:41:03.504 INFO [main] org.apache.catalina.startup.HostConfig.deployDirectory Deployment of web application directory [/opt/lms/tomcat/webapps/manager] has finished in [155] ms
15-Jan-2026 16:41:03.506 INFO [main] org.apache.catalina.startup.HostConfig.deployDirectory Deploying web application directory [/opt/lms/tomcat/webapps/examples]
15-Jan-2026 16:41:04.324 INFO [main] org.apache.catalina.startup.HostConfig.deployDirectory Deployment of web application directory [/opt/lms/tomcat/webapps/examples] has finished in [817] ms
15-Jan-2026 16:41:04.324 INFO [main] org.apache.catalina.startup.HostConfig.deployDirectory Deploying web application directory [/opt/lms/tomcat/webapps/host-manager]
15-Jan-2026 16:41:04.399 INFO [main] org.apache.catalina.startup.HostConfig.deployDirectory Deployment of web application directory [/opt/lms/tomcat/webapps/host-manager] has finished in [75] ms
15-Jan-2026 16:41:04.403 INFO [main] org.apache.catalina.startup.HostConfig.deployDirectory Deploying web application directory [/opt/lms/tomcat/webapps/docs]
15-Jan-2026 16:41:04.480 INFO [main] org.apache.catalina.startup.HostConfig.deployDirectory Deployment of web application directory [/opt/lms/tomcat/webapps/docs] has finished in [77] ms
15-Jan-2026 16:41:04.492 INFO [main] org.apache.coyote.AbstractProtocol.start Starting ProtocolHandler ["http-nio-8001"]
15-Jan-2026 16:41:04.530 INFO [main] org.apache.catalina.startup.Catalina.start Server startup in [2531] milliseconds
NOTE: Picked up JDK_JAVA_OPTIONS:  --add-opens=java.base/java.lang=ALL-UNNAMED --add-opens=java.base/java.io=ALL-UNNAMED --add-opens=java.base/java.util=ALL-UNNAMED --add-opens=java.base/java.util.concurrent=ALL-UNNAMED --add-opens=java.rmi/sun.rmi.transport=ALL-UNNAMED
20-Jan-2026 17:41:23.032 INFO [main] org.apache.catalina.startup.VersionLoggerListener.log Server version name:   Apache Tomcat/9.0.96
20-Jan-2026 17:41:23.045 INFO [main] org.apache.catalina.startup.VersionLoggerListener.log Server built:          Oct 3 2024 19:44:30 UTC
20-Jan-2026 17:41:23.046 INFO [main] org.apache.catalina.startup.VersionLoggerListener.log Server version number: 9.0.96.0
20-Jan-2026 17:41:23.046 INFO [main] org.apache.catalina.startup.VersionLoggerListener.log OS Name:               Linux
20-Jan-2026 17:41:23.046 INFO [main] org.apache.catalina.startup.VersionLoggerListener.log OS Version:            6.8.0-1044-aws
20-Jan-2026 17:41:23.048 INFO [main] org.apache.catalina.startup.VersionLoggerListener.log Architecture:          amd64
20-Jan-2026 17:41:23.048 INFO [main] org.apache.catalina.startup.VersionLoggerListener.log Java Home:             /usr/lib/jvm/java-11-openjdk-amd64
20-Jan-2026 17:41:23.049 INFO [main] org.apache.catalina.startup.VersionLoggerListener.log JVM Version:           11.0.29+7-post-Ubuntu-1ubuntu122.04
20-Jan-2026 17:41:23.049 INFO [main] org.apache.catalina.startup.VersionLoggerListener.log JVM Vendor:            Ubuntu
20-Jan-2026 17:41:23.049 INFO [main] org.apache.catalina.startup.VersionLoggerListener.log CATALINA_BASE:         /opt/lms/tomcat
20-Jan-2026 17:41:23.049 INFO [main] org.apache.catalina.startup.VersionLoggerListener.log CATALINA_HOME:         /opt/lms/tomcat
20-Jan-2026 17:41:23.117 INFO [main] org.apache.catalina.startup.VersionLoggerListener.log Command line argument: --add-opens=java.base/java.lang=ALL-UNNAMED
20-Jan-2026 17:41:23.117 INFO [main] org.apache.catalina.startup.VersionLoggerListener.log Command line argument: --add-opens=java.base/java.io=ALL-UNNAMED
20-Jan-2026 17:41:23.117 INFO [main] org.apache.catalina.startup.VersionLoggerListener.log Command line argument: --add-opens=java.base/java.util=ALL-UNNAMED
20-Jan-2026 17:41:23.118 INFO [main] org.apache.catalina.startup.VersionLoggerListener.log Command line argument: --add-opens=java.base/java.util.concurrent=ALL-UNNAMED
20-Jan-2026 17:41:23.118 INFO [main] org.apache.catalina.startup.VersionLoggerListener.log Command line argument: --add-opens=java.rmi/sun.rmi.transport=ALL-UNNAMED
20-Jan-2026 17:41:23.118 INFO [main] org.apache.catalina.startup.VersionLoggerListener.log Command line argument: -Djava.util.logging.config.file=/opt/lms/tomcat/conf/logging.properties
20-Jan-2026 17:41:23.118 INFO [main] org.apache.catalina.startup.VersionLoggerListener.log Command line argument: -Djava.util.logging.manager=org.apache.juli.ClassLoaderLogManager
20-Jan-2026 17:41:23.118 INFO [main] org.apache.catalina.startup.VersionLoggerListener.log Command line argument: -Djdk.tls.ephemeralDHKeySize=2048
20-Jan-2026 17:41:23.124 INFO [main] org.apache.catalina.startup.VersionLoggerListener.log Command line argument: -Djava.protocol.handler.pkgs=org.apache.catalina.webresources
20-Jan-2026 17:41:23.125 INFO [main] org.apache.catalina.startup.VersionLoggerListener.log Command line argument: -Dorg.apache.catalina.security.SecurityListener.UMASK=0027
20-Jan-2026 17:41:23.125 INFO [main] org.apache.catalina.startup.VersionLoggerListener.log Command line argument: -Dignore.endorsed.dirs=
20-Jan-2026 17:41:23.125 INFO [main] org.apache.catalina.startup.VersionLoggerListener.log Command line argument: -Dcatalina.base=/opt/lms/tomcat
20-Jan-2026 17:41:23.125 INFO [main] org.apache.catalina.startup.VersionLoggerListener.log Command line argument: -Dcatalina.home=/opt/lms/tomcat
20-Jan-2026 17:41:23.129 INFO [main] org.apache.catalina.startup.VersionLoggerListener.log Command line argument: -Djava.io.tmpdir=/opt/lms/tomcat/temp
20-Jan-2026 17:41:23.161 INFO [main] org.apache.catalina.core.AprLifecycleListener.lifecycleEvent An older version [1.2.31] of the Apache Tomcat Native library is installed, while Tomcat recommends a minimum version of [1.3.0]
20-Jan-2026 17:41:23.161 INFO [main] org.apache.catalina.core.AprLifecycleListener.lifecycleEvent Loaded Apache Tomcat Native library [1.2.31] using APR version [1.7.0].
20-Jan-2026 17:41:23.164 INFO [main] org.apache.catalina.core.AprLifecycleListener.lifecycleEvent APR capabilities: IPv6 [true], sendfile [true], accept filters [false], random [true], UDS [true].
20-Jan-2026 17:41:23.166 INFO [main] org.apache.catalina.core.AprLifecycleListener.lifecycleEvent APR/OpenSSL configuration: useAprConnector [false], useOpenSSL [true]
20-Jan-2026 17:41:23.186 INFO [main] org.apache.catalina.core.AprLifecycleListener.initializeSSL OpenSSL successfully initialized [OpenSSL 3.0.2 15 Mar 2022]
20-Jan-2026 17:41:24.651 INFO [main] org.apache.coyote.AbstractProtocol.init Initializing ProtocolHandler ["http-nio-8001"]
20-Jan-2026 17:41:24.797 INFO [main] org.apache.catalina.startup.Catalina.load Server initialization in [2751] milliseconds
20-Jan-2026 17:41:25.039 INFO [main] org.apache.catalina.core.StandardService.startInternal Starting service [Catalina]
20-Jan-2026 17:41:25.039 INFO [main] org.apache.catalina.core.StandardEngine.startInternal Starting Servlet engine: [Apache Tomcat/9.0.96]
20-Jan-2026 17:41:25.100 INFO [main] org.apache.catalina.startup.HostConfig.deployWAR Deploying web application archive [/opt/lms/tomcat/webapps/ROOT.war]
20-Jan-2026 17:41:26.292 INFO [main] org.apache.catalina.startup.HostConfig.deployWAR Deployment of web application archive [/opt/lms/tomcat/webapps/ROOT.war] has finished in [1,191] ms
20-Jan-2026 17:41:26.293 INFO [main] org.apache.catalina.startup.HostConfig.deployDirectory Deploying web application directory [/opt/lms/tomcat/webapps/manager]
20-Jan-2026 17:41:26.467 INFO [main] org.apache.catalina.startup.HostConfig.deployDirectory Deployment of web application directory [/opt/lms/tomcat/webapps/manager] has finished in [173] ms
20-Jan-2026 17:41:26.467 INFO [main] org.apache.catalina.startup.HostConfig.deployDirectory Deploying web application directory [/opt/lms/tomcat/webapps/examples]
20-Jan-2026 17:41:27.401 INFO [main] org.apache.catalina.startup.HostConfig.deployDirectory Deployment of web application directory [/opt/lms/tomcat/webapps/examples] has finished in [934] ms
20-Jan-2026 17:41:27.403 INFO [main] org.apache.catalina.startup.HostConfig.deployDirectory Deploying web application directory [/opt/lms/tomcat/webapps/host-manager]
20-Jan-2026 17:41:27.475 INFO [main] org.apache.catalina.startup.HostConfig.deployDirectory Deployment of web application directory [/opt/lms/tomcat/webapps/host-manager] has finished in [73] ms
20-Jan-2026 17:41:27.479 INFO [main] org.apache.catalina.startup.HostConfig.deployDirectory Deploying web application directory [/opt/lms/tomcat/webapps/docs]
20-Jan-2026 17:41:27.564 INFO [main] org.apache.catalina.startup.HostConfig.deployDirectory Deployment of web application directory [/opt/lms/tomcat/webapps/docs] has finished in [85] ms
20-Jan-2026 17:41:27.578 INFO [main] org.apache.coyote.AbstractProtocol.start Starting ProtocolHandler ["http-nio-8001"]
20-Jan-2026 17:41:27.618 INFO [main] org.apache.catalina.startup.Catalina.start Server startup in [2817] milliseconds
NOTE: Picked up JDK_JAVA_OPTIONS:  --add-opens=java.base/java.lang=ALL-UNNAMED --add-opens=java.base/java.io=ALL-UNNAMED --add-opens=java.base/java.util=ALL-UNNAMED --add-opens=java.base/java.util.concurrent=ALL-UNNAMED --add-opens=java.rmi/sun.rmi.transport=ALL-UNNAMED
20-Jan-2026 18:46:21.868 INFO [main] org.apache.catalina.startup.VersionLoggerListener.log Server version name:   Apache Tomcat/9.0.96
20-Jan-2026 18:46:21.882 INFO [main] org.apache.catalina.startup.VersionLoggerListener.log Server built:          Oct 3 2024 19:44:30 UTC
20-Jan-2026 18:46:21.882 INFO [main] org.apache.catalina.startup.VersionLoggerListener.log Server version number: 9.0.96.0
20-Jan-2026 18:46:21.883 INFO [main] org.apache.catalina.startup.VersionLoggerListener.log OS Name:               Linux
20-Jan-2026 18:46:21.883 INFO [main] org.apache.catalina.startup.VersionLoggerListener.log OS Version:            6.8.0-1044-aws
20-Jan-2026 18:46:21.883 INFO [main] org.apache.catalina.startup.VersionLoggerListener.log Architecture:          amd64
20-Jan-2026 18:46:21.883 INFO [main] org.apache.catalina.startup.VersionLoggerListener.log Java Home:             /usr/lib/jvm/java-11-openjdk-amd64
20-Jan-2026 18:46:21.886 INFO [main] org.apache.catalina.startup.VersionLoggerListener.log JVM Version:           11.0.29+7-post-Ubuntu-1ubuntu122.04
20-Jan-2026 18:46:21.886 INFO [main] org.apache.catalina.startup.VersionLoggerListener.log JVM Vendor:            Ubuntu
20-Jan-2026 18:46:21.887 INFO [main] org.apache.catalina.startup.VersionLoggerListener.log CATALINA_BASE:         /opt/lms/tomcat
20-Jan-2026 18:46:21.887 INFO [main] org.apache.catalina.startup.VersionLoggerListener.log CATALINA_HOME:         /opt/lms/tomcat
20-Jan-2026 18:46:21.938 INFO [main] org.apache.catalina.startup.VersionLoggerListener.log Command line argument: --add-opens=java.base/java.lang=ALL-UNNAMED
20-Jan-2026 18:46:21.938 INFO [main] org.apache.catalina.startup.VersionLoggerListener.log Command line argument: --add-opens=java.base/java.io=ALL-UNNAMED
20-Jan-2026 18:46:21.942 INFO [main] org.apache.catalina.startup.VersionLoggerListener.log Command line argument: --add-opens=java.base/java.util=ALL-UNNAMED
20-Jan-2026 18:46:21.942 INFO [main] org.apache.catalina.startup.VersionLoggerListener.log Command line argument: --add-opens=java.base/java.util.concurrent=ALL-UNNAMED
20-Jan-2026 18:46:21.943 INFO [main] org.apache.catalina.startup.VersionLoggerListener.log Command line argument: --add-opens=java.rmi/sun.rmi.transport=ALL-UNNAMED
20-Jan-2026 18:46:21.943 INFO [main] org.apache.catalina.startup.VersionLoggerListener.log Command line argument: -Djava.util.logging.config.file=/opt/lms/tomcat/conf/logging.properties
20-Jan-2026 18:46:21.943 INFO [main] org.apache.catalina.startup.VersionLoggerListener.log Command line argument: -Djava.util.logging.manager=org.apache.juli.ClassLoaderLogManager
20-Jan-2026 18:46:21.943 INFO [main] org.apache.catalina.startup.VersionLoggerListener.log Command line argument: -Djdk.tls.ephemeralDHKeySize=2048
20-Jan-2026 18:46:21.943 INFO [main] org.apache.catalina.startup.VersionLoggerListener.log Command line argument: -Djava.protocol.handler.pkgs=org.apache.catalina.webresources
20-Jan-2026 18:46:21.943 INFO [main] org.apache.catalina.startup.VersionLoggerListener.log Command line argument: -Dorg.apache.catalina.security.SecurityListener.UMASK=0027
20-Jan-2026 18:46:21.943 INFO [main] org.apache.catalina.startup.VersionLoggerListener.log Command line argument: -Dignore.endorsed.dirs=
20-Jan-2026 18:46:21.943 INFO [main] org.apache.catalina.startup.VersionLoggerListener.log Command line argument: -Dcatalina.base=/opt/lms/tomcat
20-Jan-2026 18:46:21.944 INFO [main] org.apache.catalina.startup.VersionLoggerListener.log Command line argument: -Dcatalina.home=/opt/lms/tomcat
20-Jan-2026 18:46:21.944 INFO [main] org.apache.catalina.startup.VersionLoggerListener.log Command line argument: -Djava.io.tmpdir=/opt/lms/tomcat/temp
20-Jan-2026 18:46:21.965 INFO [main] org.apache.catalina.core.AprLifecycleListener.lifecycleEvent An older version [1.2.31] of the Apache Tomcat Native library is installed, while Tomcat recommends a minimum version of [1.3.0]
20-Jan-2026 18:46:21.965 INFO [main] org.apache.catalina.core.AprLifecycleListener.lifecycleEvent Loaded Apache Tomcat Native library [1.2.31] using APR version [1.7.0].
20-Jan-2026 18:46:21.966 INFO [main] org.apache.catalina.core.AprLifecycleListener.lifecycleEvent APR capabilities: IPv6 [true], sendfile [true], accept filters [false], random [true], UDS [true].
20-Jan-2026 18:46:21.966 INFO [main] org.apache.catalina.core.AprLifecycleListener.lifecycleEvent APR/OpenSSL configuration: useAprConnector [false], useOpenSSL [true]
20-Jan-2026 18:46:21.983 INFO [main] org.apache.catalina.core.AprLifecycleListener.initializeSSL OpenSSL successfully initialized [OpenSSL 3.0.2 15 Mar 2022]
20-Jan-2026 18:46:23.142 INFO [main] org.apache.coyote.AbstractProtocol.init Initializing ProtocolHandler ["http-nio-8001"]
20-Jan-2026 18:46:23.263 INFO [main] org.apache.catalina.startup.Catalina.load Server initialization in [2265] milliseconds
20-Jan-2026 18:46:23.513 INFO [main] org.apache.catalina.core.StandardService.startInternal Starting service [Catalina]
20-Jan-2026 18:46:23.513 INFO [main] org.apache.catalina.core.StandardEngine.startInternal Starting Servlet engine: [Apache Tomcat/9.0.96]
20-Jan-2026 18:46:23.582 INFO [main] org.apache.catalina.startup.HostConfig.deployWAR Deploying web application archive [/opt/lms/tomcat/webapps/ROOT.war]
20-Jan-2026 18:46:24.615 INFO [main] org.apache.catalina.startup.HostConfig.deployWAR Deployment of web application archive [/opt/lms/tomcat/webapps/ROOT.war] has finished in [1,032] ms
20-Jan-2026 18:46:24.622 INFO [main] org.apache.catalina.startup.HostConfig.deployDirectory Deploying web application directory [/opt/lms/tomcat/webapps/manager]
20-Jan-2026 18:46:24.786 INFO [main] org.apache.catalina.startup.HostConfig.deployDirectory Deployment of web application directory [/opt/lms/tomcat/webapps/manager] has finished in [163] ms
20-Jan-2026 18:46:24.788 INFO [main] org.apache.catalina.startup.HostConfig.deployDirectory Deploying web application directory [/opt/lms/tomcat/webapps/examples]
20-Jan-2026 18:46:25.492 INFO [main] org.apache.catalina.startup.HostConfig.deployDirectory Deployment of web application directory [/opt/lms/tomcat/webapps/examples] has finished in [704] ms
20-Jan-2026 18:46:25.492 INFO [main] org.apache.catalina.startup.HostConfig.deployDirectory Deploying web application directory [/opt/lms/tomcat/webapps/host-manager]
20-Jan-2026 18:46:25.552 INFO [main] org.apache.catalina.startup.HostConfig.deployDirectory Deployment of web application directory [/opt/lms/tomcat/webapps/host-manager] has finished in [60] ms
20-Jan-2026 18:46:25.554 INFO [main] org.apache.catalina.startup.HostConfig.deployDirectory Deploying web application directory [/opt/lms/tomcat/webapps/docs]
20-Jan-2026 18:46:25.590 INFO [main] org.apache.catalina.startup.HostConfig.deployDirectory Deployment of web application directory [/opt/lms/tomcat/webapps/docs] has finished in [36] ms
20-Jan-2026 18:46:25.596 INFO [main] org.apache.coyote.AbstractProtocol.start Starting ProtocolHandler ["http-nio-8001"]
20-Jan-2026 18:46:25.692 INFO [main] org.apache.catalina.startup.Catalina.start Server startup in [2428] milliseconds
NOTE: Picked up JDK_JAVA_OPTIONS:  --add-opens=java.base/java.lang=ALL-UNNAMED --add-opens=java.base/java.io=ALL-UNNAMED --add-opens=java.base/java.util=ALL-UNNAMED --add-opens=java.base/java.util.concurrent=ALL-UNNAMED --add-opens=java.rmi/sun.rmi.transport=ALL-UNNAMED
20-Jan-2026 18:47:49.002 INFO [main] org.apache.catalina.startup.VersionLoggerListener.log Server version name:   Apache Tomcat/9.0.96
20-Jan-2026 18:47:49.026 INFO [main] org.apache.catalina.startup.VersionLoggerListener.log Server built:          Oct 3 2024 19:44:30 UTC
20-Jan-2026 18:47:49.027 INFO [main] org.apache.catalina.startup.VersionLoggerListener.log Server version number: 9.0.96.0
20-Jan-2026 18:47:49.027 INFO [main] org.apache.catalina.startup.VersionLoggerListener.log OS Name:               Linux
20-Jan-2026 18:47:49.027 INFO [main] org.apache.catalina.startup.VersionLoggerListener.log OS Version:            6.8.0-1044-aws
20-Jan-2026 18:47:49.033 INFO [main] org.apache.catalina.startup.VersionLoggerListener.log Architecture:          amd64
20-Jan-2026 18:47:49.034 INFO [main] org.apache.catalina.startup.VersionLoggerListener.log Java Home:             /usr/lib/jvm/java-11-openjdk-amd64
20-Jan-2026 18:47:49.034 INFO [main] org.apache.catalina.startup.VersionLoggerListener.log JVM Version:           11.0.29+7-post-Ubuntu-1ubuntu122.04
20-Jan-2026 18:47:49.040 INFO [main] org.apache.catalina.startup.VersionLoggerListener.log JVM Vendor:            Ubuntu
20-Jan-2026 18:47:49.040 INFO [main] org.apache.catalina.startup.VersionLoggerListener.log CATALINA_BASE:         /opt/lms/tomcat
20-Jan-2026 18:47:49.041 INFO [main] org.apache.catalina.startup.VersionLoggerListener.log CATALINA_HOME:         /opt/lms/tomcat
20-Jan-2026 18:47:49.129 INFO [main] org.apache.catalina.startup.VersionLoggerListener.log Command line argument: --add-opens=java.base/java.lang=ALL-UNNAMED
20-Jan-2026 18:47:49.132 INFO [main] org.apache.catalina.startup.VersionLoggerListener.log Command line argument: --add-opens=java.base/java.io=ALL-UNNAMED
20-Jan-2026 18:47:49.140 INFO [main] org.apache.catalina.startup.VersionLoggerListener.log Command line argument: --add-opens=java.base/java.util=ALL-UNNAMED
20-Jan-2026 18:47:49.140 INFO [main] org.apache.catalina.startup.VersionLoggerListener.log Command line argument: --add-opens=java.base/java.util.concurrent=ALL-UNNAMED
20-Jan-2026 18:47:49.141 INFO [main] org.apache.catalina.startup.VersionLoggerListener.log Command line argument: --add-opens=java.rmi/sun.rmi.transport=ALL-UNNAMED
20-Jan-2026 18:47:49.143 INFO [main] org.apache.catalina.startup.VersionLoggerListener.log Command line argument: -Djava.util.logging.config.file=/opt/lms/tomcat/conf/logging.properties
20-Jan-2026 18:47:49.143 INFO [main] org.apache.catalina.startup.VersionLoggerListener.log Command line argument: -Djava.util.logging.manager=org.apache.juli.ClassLoaderLogManager
20-Jan-2026 18:47:49.143 INFO [main] org.apache.catalina.startup.VersionLoggerListener.log Command line argument: -Djdk.tls.ephemeralDHKeySize=2048
20-Jan-2026 18:47:49.143 INFO [main] org.apache.catalina.startup.VersionLoggerListener.log Command line argument: -Djava.protocol.handler.pkgs=org.apache.catalina.webresources
20-Jan-2026 18:47:49.143 INFO [main] org.apache.catalina.startup.VersionLoggerListener.log Command line argument: -Dorg.apache.catalina.security.SecurityListener.UMASK=0027
20-Jan-2026 18:47:49.143 INFO [main] org.apache.catalina.startup.VersionLoggerListener.log Command line argument: -Dignore.endorsed.dirs=
20-Jan-2026 18:47:49.144 INFO [main] org.apache.catalina.startup.VersionLoggerListener.log Command line argument: -Dcatalina.base=/opt/lms/tomcat
20-Jan-2026 18:47:49.144 INFO [main] org.apache.catalina.startup.VersionLoggerListener.log Command line argument: -Dcatalina.home=/opt/lms/tomcat
20-Jan-2026 18:47:49.144 INFO [main] org.apache.catalina.startup.VersionLoggerListener.log Command line argument: -Djava.io.tmpdir=/opt/lms/tomcat/temp
20-Jan-2026 18:47:49.154 INFO [main] org.apache.catalina.core.AprLifecycleListener.lifecycleEvent An older version [1.2.31] of the Apache Tomcat Native library is installed, while Tomcat recommends a minimum version of [1.3.0]
20-Jan-2026 18:47:49.154 INFO [main] org.apache.catalina.core.AprLifecycleListener.lifecycleEvent Loaded Apache Tomcat Native library [1.2.31] using APR version [1.7.0].
20-Jan-2026 18:47:49.157 INFO [main] org.apache.catalina.core.AprLifecycleListener.lifecycleEvent APR capabilities: IPv6 [true], sendfile [true], accept filters [false], random [true], UDS [true].
20-Jan-2026 18:47:49.157 INFO [main] org.apache.catalina.core.AprLifecycleListener.lifecycleEvent APR/OpenSSL configuration: useAprConnector [false], useOpenSSL [true]
20-Jan-2026 18:47:49.174 INFO [main] org.apache.catalina.core.AprLifecycleListener.initializeSSL OpenSSL successfully initialized [OpenSSL 3.0.2 15 Mar 2022]
20-Jan-2026 18:47:50.724 INFO [main] org.apache.coyote.AbstractProtocol.init Initializing ProtocolHandler ["http-nio-8001"]
20-Jan-2026 18:47:50.835 INFO [main] org.apache.catalina.startup.Catalina.load Server initialization in [2857] milliseconds
20-Jan-2026 18:47:51.092 INFO [main] org.apache.catalina.core.StandardService.startInternal Starting service [Catalina]
20-Jan-2026 18:47:51.092 INFO [main] org.apache.catalina.core.StandardEngine.startInternal Starting Servlet engine: [Apache Tomcat/9.0.96]
20-Jan-2026 18:47:51.151 INFO [main] org.apache.catalina.startup.HostConfig.deployWAR Deploying web application archive [/opt/lms/tomcat/webapps/ROOT.war]
20-Jan-2026 18:47:52.262 INFO [main] org.apache.catalina.startup.HostConfig.deployWAR Deployment of web application archive [/opt/lms/tomcat/webapps/ROOT.war] has finished in [1,111] ms
20-Jan-2026 18:47:52.267 INFO [main] org.apache.catalina.startup.HostConfig.deployDirectory Deploying web application directory [/opt/lms/tomcat/webapps/manager]
20-Jan-2026 18:47:52.456 INFO [main] org.apache.catalina.startup.HostConfig.deployDirectory Deployment of web application directory [/opt/lms/tomcat/webapps/manager] has finished in [188] ms
20-Jan-2026 18:47:52.456 INFO [main] org.apache.catalina.startup.HostConfig.deployDirectory Deploying web application directory [/opt/lms/tomcat/webapps/examples]
20-Jan-2026 18:47:53.212 INFO [main] org.apache.catalina.startup.HostConfig.deployDirectory Deployment of web application directory [/opt/lms/tomcat/webapps/examples] has finished in [756] ms
20-Jan-2026 18:47:53.217 INFO [main] org.apache.catalina.startup.HostConfig.deployDirectory Deploying web application directory [/opt/lms/tomcat/webapps/host-manager]
20-Jan-2026 18:47:53.306 INFO [main] org.apache.catalina.startup.HostConfig.deployDirectory Deployment of web application directory [/opt/lms/tomcat/webapps/host-manager] has finished in [88] ms
20-Jan-2026 18:47:53.307 INFO [main] org.apache.catalina.startup.HostConfig.deployDirectory Deploying web application directory [/opt/lms/tomcat/webapps/docs]
20-Jan-2026 18:47:53.367 INFO [main] org.apache.catalina.startup.HostConfig.deployDirectory Deployment of web application directory [/opt/lms/tomcat/webapps/docs] has finished in [60] ms
20-Jan-2026 18:47:53.377 INFO [main] org.apache.coyote.AbstractProtocol.start Starting ProtocolHandler ["http-nio-8001"]
20-Jan-2026 18:47:53.420 INFO [main] org.apache.catalina.startup.Catalina.start Server startup in [2581] milliseconds
NOTE: Picked up JDK_JAVA_OPTIONS:  --add-opens=java.base/java.lang=ALL-UNNAMED --add-opens=java.base/java.io=ALL-UNNAMED --add-opens=java.base/java.util=ALL-UNNAMED --add-opens=java.base/java.util.concurrent=ALL-UNNAMED --add-opens=java.rmi/sun.rmi.transport=ALL-UNNAMED
21-Jan-2026 05:49:27.164 INFO [main] org.apache.catalina.startup.VersionLoggerListener.log Server version name:   Apache Tomcat/9.0.96
21-Jan-2026 05:49:27.173 INFO [main] org.apache.catalina.startup.VersionLoggerListener.log Server built:          Oct 3 2024 19:44:30 UTC
21-Jan-2026 05:49:27.174 INFO [main] org.apache.catalina.startup.VersionLoggerListener.log Server version number: 9.0.96.0
21-Jan-2026 05:49:27.174 INFO [main] org.apache.catalina.startup.VersionLoggerListener.log OS Name:               Linux
21-Jan-2026 05:49:27.174 INFO [main] org.apache.catalina.startup.VersionLoggerListener.log OS Version:            6.8.0-1044-aws
21-Jan-2026 05:49:27.174 INFO [main] org.apache.catalina.startup.VersionLoggerListener.log Architecture:          amd64
21-Jan-2026 05:49:27.174 INFO [main] org.apache.catalina.startup.VersionLoggerListener.log Java Home:             /usr/lib/jvm/java-11-openjdk-amd64
21-Jan-2026 05:49:27.174 INFO [main] org.apache.catalina.startup.VersionLoggerListener.log JVM Version:           11.0.29+7-post-Ubuntu-1ubuntu122.04
21-Jan-2026 05:49:27.175 INFO [main] org.apache.catalina.startup.VersionLoggerListener.log JVM Vendor:            Ubuntu
21-Jan-2026 05:49:27.175 INFO [main] org.apache.catalina.startup.VersionLoggerListener.log CATALINA_BASE:         /opt/lms/tomcat
21-Jan-2026 05:49:27.175 INFO [main] org.apache.catalina.startup.VersionLoggerListener.log CATALINA_HOME:         /opt/lms/tomcat
21-Jan-2026 05:49:27.236 INFO [main] org.apache.catalina.startup.VersionLoggerListener.log Command line argument: --add-opens=java.base/java.lang=ALL-UNNAMED
21-Jan-2026 05:49:27.236 INFO [main] org.apache.catalina.startup.VersionLoggerListener.log Command line argument: --add-opens=java.base/java.io=ALL-UNNAMED
21-Jan-2026 05:49:27.236 INFO [main] org.apache.catalina.startup.VersionLoggerListener.log Command line argument: --add-opens=java.base/java.util=ALL-UNNAMED
21-Jan-2026 05:49:27.237 INFO [main] org.apache.catalina.startup.VersionLoggerListener.log Command line argument: --add-opens=java.base/java.util.concurrent=ALL-UNNAMED
21-Jan-2026 05:49:27.237 INFO [main] org.apache.catalina.startup.VersionLoggerListener.log Command line argument: --add-opens=java.rmi/sun.rmi.transport=ALL-UNNAMED
21-Jan-2026 05:49:27.237 INFO [main] org.apache.catalina.startup.VersionLoggerListener.log Command line argument: -Djava.util.logging.config.file=/opt/lms/tomcat/conf/logging.properties
21-Jan-2026 05:49:27.237 INFO [main] org.apache.catalina.startup.VersionLoggerListener.log Command line argument: -Djava.util.logging.manager=org.apache.juli.ClassLoaderLogManager
21-Jan-2026 05:49:27.237 INFO [main] org.apache.catalina.startup.VersionLoggerListener.log Command line argument: -Djdk.tls.ephemeralDHKeySize=2048
21-Jan-2026 05:49:27.237 INFO [main] org.apache.catalina.startup.VersionLoggerListener.log Command line argument: -Djava.protocol.handler.pkgs=org.apache.catalina.webresources
21-Jan-2026 05:49:27.237 INFO [main] org.apache.catalina.startup.VersionLoggerListener.log Command line argument: -Dorg.apache.catalina.security.SecurityListener.UMASK=0027
21-Jan-2026 05:49:27.237 INFO [main] org.apache.catalina.startup.VersionLoggerListener.log Command line argument: -Dignore.endorsed.dirs=
21-Jan-2026 05:49:27.238 INFO [main] org.apache.catalina.startup.VersionLoggerListener.log Command line argument: -Dcatalina.base=/opt/lms/tomcat
21-Jan-2026 05:49:27.238 INFO [main] org.apache.catalina.startup.VersionLoggerListener.log Command line argument: -Dcatalina.home=/opt/lms/tomcat
21-Jan-2026 05:49:27.238 INFO [main] org.apache.catalina.startup.VersionLoggerListener.log Command line argument: -Djava.io.tmpdir=/opt/lms/tomcat/temp
21-Jan-2026 05:49:27.264 INFO [main] org.apache.catalina.core.AprLifecycleListener.lifecycleEvent An older version [1.2.31] of the Apache Tomcat Native library is installed, while Tomcat recommends a minimum version of [1.3.0]
21-Jan-2026 05:49:27.268 INFO [main] org.apache.catalina.core.AprLifecycleListener.lifecycleEvent Loaded Apache Tomcat Native library [1.2.31] using APR version [1.7.0].
21-Jan-2026 05:49:27.269 INFO [main] org.apache.catalina.core.AprLifecycleListener.lifecycleEvent APR capabilities: IPv6 [true], sendfile [true], accept filters [false], random [true], UDS [true].
21-Jan-2026 05:49:27.269 INFO [main] org.apache.catalina.core.AprLifecycleListener.lifecycleEvent APR/OpenSSL configuration: useAprConnector [false], useOpenSSL [true]
21-Jan-2026 05:49:27.287 INFO [main] org.apache.catalina.core.AprLifecycleListener.initializeSSL OpenSSL successfully initialized [OpenSSL 3.0.2 15 Mar 2022]
21-Jan-2026 05:49:28.670 INFO [main] org.apache.coyote.AbstractProtocol.init Initializing ProtocolHandler ["http-nio-8001"]
21-Jan-2026 05:49:28.787 INFO [main] org.apache.catalina.startup.Catalina.load Server initialization in [2773] milliseconds
21-Jan-2026 05:49:29.008 INFO [main] org.apache.catalina.core.StandardService.startInternal Starting service [Catalina]
21-Jan-2026 05:49:29.010 INFO [main] org.apache.catalina.core.StandardEngine.startInternal Starting Servlet engine: [Apache Tomcat/9.0.96]
21-Jan-2026 05:49:29.063 INFO [main] org.apache.catalina.startup.HostConfig.deployWAR Deploying web application archive [/opt/lms/tomcat/webapps/ROOT.war]
21-Jan-2026 05:49:30.212 INFO [main] org.apache.catalina.startup.HostConfig.deployWAR Deployment of web application archive [/opt/lms/tomcat/webapps/ROOT.war] has finished in [1,148] ms
21-Jan-2026 05:49:30.216 INFO [main] org.apache.catalina.startup.HostConfig.deployDirectory Deploying web application directory [/opt/lms/tomcat/webapps/manager]
21-Jan-2026 05:49:30.360 INFO [main] org.apache.catalina.startup.HostConfig.deployDirectory Deployment of web application directory [/opt/lms/tomcat/webapps/manager] has finished in [144] ms
21-Jan-2026 05:49:30.361 INFO [main] org.apache.catalina.startup.HostConfig.deployDirectory Deploying web application directory [/opt/lms/tomcat/webapps/examples]
21-Jan-2026 05:49:31.218 INFO [main] org.apache.catalina.startup.HostConfig.deployDirectory Deployment of web application directory [/opt/lms/tomcat/webapps/examples] has finished in [857] ms
21-Jan-2026 05:49:31.218 INFO [main] org.apache.catalina.startup.HostConfig.deployDirectory Deploying web application directory [/opt/lms/tomcat/webapps/host-manager]
21-Jan-2026 05:49:31.310 INFO [main] org.apache.catalina.startup.HostConfig.deployDirectory Deployment of web application directory [/opt/lms/tomcat/webapps/host-manager] has finished in [92] ms
21-Jan-2026 05:49:31.312 INFO [main] org.apache.catalina.startup.HostConfig.deployDirectory Deploying web application directory [/opt/lms/tomcat/webapps/docs]
21-Jan-2026 05:49:31.367 INFO [main] org.apache.catalina.startup.HostConfig.deployDirectory Deployment of web application directory [/opt/lms/tomcat/webapps/docs] has finished in [54] ms
21-Jan-2026 05:49:31.377 INFO [main] org.apache.coyote.AbstractProtocol.start Starting ProtocolHandler ["http-nio-8001"]
21-Jan-2026 05:49:31.461 INFO [main] org.apache.catalina.startup.Catalina.start Server startup in [2673] milliseconds
NOTE: Picked up JDK_JAVA_OPTIONS:  --add-opens=java.base/java.lang=ALL-UNNAMED --add-opens=java.base/java.io=ALL-UNNAMED --add-opens=java.base/java.util=ALL-UNNAMED --add-opens=java.base/java.util.concurrent=ALL-UNNAMED --add-opens=java.rmi/sun.rmi.transport=ALL-UNNAMED
21-Jan-2026 09:20:34.195 INFO [main] org.apache.catalina.core.StandardServer.await A valid shutdown command was received via the shutdown port. Stopping the Server instance.
21-Jan-2026 09:20:34.242 INFO [main] org.apache.coyote.AbstractProtocol.pause Pausing ProtocolHandler ["http-nio-8001"]
21-Jan-2026 09:20:34.311 INFO [main] org.apache.catalina.core.StandardService.stopInternal Stopping service [Catalina]
21-Jan-2026 09:20:34.534 INFO [main] org.apache.coyote.AbstractProtocol.stop Stopping ProtocolHandler ["http-nio-8001"]
21-Jan-2026 09:20:34.584 INFO [main] org.apache.coyote.AbstractProtocol.destroy Destroying ProtocolHandler ["http-nio-8001"]
21-Jan-2026 09:20:34.817 INFO [main] org.apache.catalina.startup.VersionLoggerListener.log Server version name:   Apache Tomcat/9.0.96
21-Jan-2026 09:20:34.826 INFO [main] org.apache.catalina.startup.VersionLoggerListener.log Server built:          Oct 3 2024 19:44:30 UTC
21-Jan-2026 09:20:34.826 INFO [main] org.apache.catalina.startup.VersionLoggerListener.log Server version number: 9.0.96.0
21-Jan-2026 09:20:34.828 INFO [main] org.apache.catalina.startup.VersionLoggerListener.log OS Name:               Linux
21-Jan-2026 09:20:34.828 INFO [main] org.apache.catalina.startup.VersionLoggerListener.log OS Version:            6.8.0-1044-aws
21-Jan-2026 09:20:34.828 INFO [main] org.apache.catalina.startup.VersionLoggerListener.log Architecture:          amd64
21-Jan-2026 09:20:34.828 INFO [main] org.apache.catalina.startup.VersionLoggerListener.log Java Home:             /usr/lib/jvm/java-17-openjdk-amd64
21-Jan-2026 09:20:34.828 INFO [main] org.apache.catalina.startup.VersionLoggerListener.log JVM Version:           17.0.17+10-Ubuntu-122.04
21-Jan-2026 09:20:34.828 INFO [main] org.apache.catalina.startup.VersionLoggerListener.log JVM Vendor:            Ubuntu
21-Jan-2026 09:20:34.829 INFO [main] org.apache.catalina.startup.VersionLoggerListener.log CATALINA_BASE:         /opt/lms/tomcat
21-Jan-2026 09:20:34.829 INFO [main] org.apache.catalina.startup.VersionLoggerListener.log CATALINA_HOME:         /opt/lms/tomcat
21-Jan-2026 09:20:34.862 INFO [main] org.apache.catalina.startup.VersionLoggerListener.log Command line argument: --add-opens=java.base/java.lang=ALL-UNNAMED
21-Jan-2026 09:20:34.863 INFO [main] org.apache.catalina.startup.VersionLoggerListener.log Command line argument: --add-opens=java.base/java.io=ALL-UNNAMED
21-Jan-2026 09:20:34.863 INFO [main] org.apache.catalina.startup.VersionLoggerListener.log Command line argument: --add-opens=java.base/java.util=ALL-UNNAMED
21-Jan-2026 09:20:34.864 INFO [main] org.apache.catalina.startup.VersionLoggerListener.log Command line argument: --add-opens=java.base/java.util.concurrent=ALL-UNNAMED
21-Jan-2026 09:20:34.864 INFO [main] org.apache.catalina.startup.VersionLoggerListener.log Command line argument: --add-opens=java.rmi/sun.rmi.transport=ALL-UNNAMED
21-Jan-2026 09:20:34.864 INFO [main] org.apache.catalina.startup.VersionLoggerListener.log Command line argument: -Djava.util.logging.config.file=/opt/lms/tomcat/conf/logging.properties
21-Jan-2026 09:20:34.864 INFO [main] org.apache.catalina.startup.VersionLoggerListener.log Command line argument: -Djava.util.logging.manager=org.apache.juli.ClassLoaderLogManager
21-Jan-2026 09:20:34.865 INFO [main] org.apache.catalina.startup.VersionLoggerListener.log Command line argument: -Djdk.tls.ephemeralDHKeySize=2048
21-Jan-2026 09:20:34.865 INFO [main] org.apache.catalina.startup.VersionLoggerListener.log Command line argument: -Djava.protocol.handler.pkgs=org.apache.catalina.webresources
21-Jan-2026 09:20:34.865 INFO [main] org.apache.catalina.startup.VersionLoggerListener.log Command line argument: -Dorg.apache.catalina.security.SecurityListener.UMASK=0027
21-Jan-2026 09:20:34.865 INFO [main] org.apache.catalina.startup.VersionLoggerListener.log Command line argument: -Dignore.endorsed.dirs=
21-Jan-2026 09:20:34.865 INFO [main] org.apache.catalina.startup.VersionLoggerListener.log Command line argument: -Dcatalina.base=/opt/lms/tomcat
21-Jan-2026 09:20:34.866 INFO [main] org.apache.catalina.startup.VersionLoggerListener.log Command line argument: -Dcatalina.home=/opt/lms/tomcat
21-Jan-2026 09:20:34.866 INFO [main] org.apache.catalina.startup.VersionLoggerListener.log Command line argument: -Djava.io.tmpdir=/opt/lms/tomcat/temp
21-Jan-2026 09:20:34.883 INFO [main] org.apache.catalina.core.AprLifecycleListener.lifecycleEvent An older version [1.2.31] of the Apache Tomcat Native library is installed, while Tomcat recommends a minimum version of [1.3.0]
21-Jan-2026 09:20:34.883 INFO [main] org.apache.catalina.core.AprLifecycleListener.lifecycleEvent Loaded Apache Tomcat Native library [1.2.31] using APR version [1.7.0].
21-Jan-2026 09:20:34.884 INFO [main] org.apache.catalina.core.AprLifecycleListener.lifecycleEvent APR capabilities: IPv6 [true], sendfile [true], accept filters [false], random [true], UDS [true].
21-Jan-2026 09:20:34.884 INFO [main] org.apache.catalina.core.AprLifecycleListener.lifecycleEvent APR/OpenSSL configuration: useAprConnector [false], useOpenSSL [true]
21-Jan-2026 09:20:34.891 INFO [main] org.apache.catalina.core.AprLifecycleListener.initializeSSL OpenSSL successfully initialized [OpenSSL 3.0.2 15 Mar 2022]
21-Jan-2026 09:20:35.725 INFO [main] org.apache.coyote.AbstractProtocol.init Initializing ProtocolHandler ["http-nio-8001"]
21-Jan-2026 09:20:35.830 INFO [main] org.apache.catalina.startup.Catalina.load Server initialization in [1462] milliseconds
21-Jan-2026 09:20:35.970 INFO [main] org.apache.catalina.core.StandardService.startInternal Starting service [Catalina]
21-Jan-2026 09:20:35.971 INFO [main] org.apache.catalina.core.StandardEngine.startInternal Starting Servlet engine: [Apache Tomcat/9.0.96]
21-Jan-2026 09:20:35.996 INFO [main] org.apache.catalina.startup.HostConfig.deployWAR Deploying web application archive [/opt/lms/tomcat/webapps/ROOT.war]
21-Jan-2026 09:20:36.572 INFO [main] org.apache.catalina.startup.HostConfig.deployWAR Deployment of web application archive [/opt/lms/tomcat/webapps/ROOT.war] has finished in [575] ms
21-Jan-2026 09:20:36.573 INFO [main] org.apache.catalina.startup.HostConfig.deployDirectory Deploying web application directory [/opt/lms/tomcat/webapps/manager]
21-Jan-2026 09:20:36.628 INFO [main] org.apache.catalina.startup.HostConfig.deployDirectory Deployment of web application directory [/opt/lms/tomcat/webapps/manager] has finished in [55] ms
21-Jan-2026 09:20:36.628 INFO [main] org.apache.catalina.startup.HostConfig.deployDirectory Deploying web application directory [/opt/lms/tomcat/webapps/examples]
21-Jan-2026 09:20:37.086 INFO [main] org.apache.catalina.startup.HostConfig.deployDirectory Deployment of web application directory [/opt/lms/tomcat/webapps/examples] has finished in [457] ms
21-Jan-2026 09:20:37.086 INFO [main] org.apache.catalina.startup.HostConfig.deployDirectory Deploying web application directory [/opt/lms/tomcat/webapps/host-manager]
21-Jan-2026 09:20:37.127 INFO [main] org.apache.catalina.startup.HostConfig.deployDirectory Deployment of web application directory [/opt/lms/tomcat/webapps/host-manager] has finished in [41] ms
21-Jan-2026 09:20:37.128 INFO [main] org.apache.catalina.startup.HostConfig.deployDirectory Deploying web application directory [/opt/lms/tomcat/webapps/docs]
21-Jan-2026 09:20:37.177 INFO [main] org.apache.catalina.startup.HostConfig.deployDirectory Deployment of web application directory [/opt/lms/tomcat/webapps/docs] has finished in [48] ms
21-Jan-2026 09:20:37.182 INFO [main] org.apache.coyote.AbstractProtocol.start Starting ProtocolHandler ["http-nio-8001"]
21-Jan-2026 09:20:37.202 INFO [main] org.apache.catalina.startup.Catalina.start Server startup in [1368] milliseconds
NOTE: Picked up JDK_JAVA_OPTIONS:  --add-opens=java.base/java.lang=ALL-UNNAMED --add-opens=java.base/java.io=ALL-UNNAMED --add-opens=java.base/java.util=ALL-UNNAMED --add-opens=java.base/java.util.concurrent=ALL-UNNAMED --add-opens=java.rmi/sun.rmi.transport=ALL-UNNAMED
21-Jan-2026 09:20:47.167 INFO [main] org.apache.catalina.startup.VersionLoggerListener.log Server version name:   Apache Tomcat/9.0.96
21-Jan-2026 09:20:47.172 INFO [main] org.apache.catalina.startup.VersionLoggerListener.log Server built:          Oct 3 2024 19:44:30 UTC
21-Jan-2026 09:20:47.172 INFO [main] org.apache.catalina.startup.VersionLoggerListener.log Server version number: 9.0.96.0
21-Jan-2026 09:20:47.172 INFO [main] org.apache.catalina.startup.VersionLoggerListener.log OS Name:               Linux
21-Jan-2026 09:20:47.172 INFO [main] org.apache.catalina.startup.VersionLoggerListener.log OS Version:            6.8.0-1044-aws
21-Jan-2026 09:20:47.173 INFO [main] org.apache.catalina.startup.VersionLoggerListener.log Architecture:          amd64
21-Jan-2026 09:20:47.173 INFO [main] org.apache.catalina.startup.VersionLoggerListener.log Java Home:             /usr/lib/jvm/java-11-openjdk-amd64
21-Jan-2026 09:20:47.173 INFO [main] org.apache.catalina.startup.VersionLoggerListener.log JVM Version:           11.0.29+7-post-Ubuntu-1ubuntu122.04
21-Jan-2026 09:20:47.173 INFO [main] org.apache.catalina.startup.VersionLoggerListener.log JVM Vendor:            Ubuntu
21-Jan-2026 09:20:47.173 INFO [main] org.apache.catalina.startup.VersionLoggerListener.log CATALINA_BASE:         /opt/lms/tomcat
21-Jan-2026 09:20:47.174 INFO [main] org.apache.catalina.startup.VersionLoggerListener.log CATALINA_HOME:         /opt/lms/tomcat
21-Jan-2026 09:20:47.215 INFO [main] org.apache.catalina.startup.VersionLoggerListener.log Command line argument: --add-opens=java.base/java.lang=ALL-UNNAMED
21-Jan-2026 09:20:47.215 INFO [main] org.apache.catalina.startup.VersionLoggerListener.log Command line argument: --add-opens=java.base/java.io=ALL-UNNAMED
21-Jan-2026 09:20:47.215 INFO [main] org.apache.catalina.startup.VersionLoggerListener.log Command line argument: --add-opens=java.base/java.util=ALL-UNNAMED
21-Jan-2026 09:20:47.216 INFO [main] org.apache.catalina.startup.VersionLoggerListener.log Command line argument: --add-opens=java.base/java.util.concurrent=ALL-UNNAMED
21-Jan-2026 09:20:47.216 INFO [main] org.apache.catalina.startup.VersionLoggerListener.log Command line argument: --add-opens=java.rmi/sun.rmi.transport=ALL-UNNAMED
21-Jan-2026 09:20:47.218 INFO [main] org.apache.catalina.startup.VersionLoggerListener.log Command line argument: -Djava.util.logging.config.file=/opt/lms/tomcat/conf/logging.properties
21-Jan-2026 09:20:47.219 INFO [main] org.apache.catalina.startup.VersionLoggerListener.log Command line argument: -Djava.util.logging.manager=org.apache.juli.ClassLoaderLogManager
21-Jan-2026 09:20:47.219 INFO [main] org.apache.catalina.startup.VersionLoggerListener.log Command line argument: -Djdk.tls.ephemeralDHKeySize=2048
21-Jan-2026 09:20:47.219 INFO [main] org.apache.catalina.startup.VersionLoggerListener.log Command line argument: -Djava.protocol.handler.pkgs=org.apache.catalina.webresources
21-Jan-2026 09:20:47.219 INFO [main] org.apache.catalina.startup.VersionLoggerListener.log Command line argument: -Dorg.apache.catalina.security.SecurityListener.UMASK=0027
21-Jan-2026 09:20:47.219 INFO [main] org.apache.catalina.startup.VersionLoggerListener.log Command line argument: -Dignore.endorsed.dirs=
21-Jan-2026 09:20:47.219 INFO [main] org.apache.catalina.startup.VersionLoggerListener.log Command line argument: -Dcatalina.base=/opt/lms/tomcat
21-Jan-2026 09:20:47.219 INFO [main] org.apache.catalina.startup.VersionLoggerListener.log Command line argument: -Dcatalina.home=/opt/lms/tomcat
21-Jan-2026 09:20:47.220 INFO [main] org.apache.catalina.startup.VersionLoggerListener.log Command line argument: -Djava.io.tmpdir=/opt/lms/tomcat/temp
21-Jan-2026 09:20:47.226 INFO [main] org.apache.catalina.core.AprLifecycleListener.lifecycleEvent An older version [1.2.31] of the Apache Tomcat Native library is installed, while Tomcat recommends a minimum version of [1.3.0]
21-Jan-2026 09:20:47.227 INFO [main] org.apache.catalina.core.AprLifecycleListener.lifecycleEvent Loaded Apache Tomcat Native library [1.2.31] using APR version [1.7.0].
21-Jan-2026 09:20:47.227 INFO [main] org.apache.catalina.core.AprLifecycleListener.lifecycleEvent APR capabilities: IPv6 [true], sendfile [true], accept filters [false], random [true], UDS [true].
21-Jan-2026 09:20:47.227 INFO [main] org.apache.catalina.core.AprLifecycleListener.lifecycleEvent APR/OpenSSL configuration: useAprConnector [false], useOpenSSL [true]
21-Jan-2026 09:20:47.232 INFO [main] org.apache.catalina.core.AprLifecycleListener.initializeSSL OpenSSL successfully initialized [OpenSSL 3.0.2 15 Mar 2022]
21-Jan-2026 09:20:47.852 INFO [main] org.apache.coyote.AbstractProtocol.init Initializing ProtocolHandler ["http-nio-8001"]
21-Jan-2026 09:20:47.896 SEVERE [main] org.apache.catalina.util.LifecycleBase.handleSubClassException Failed to initialize component [Connector["http-nio-8001"]]
	org.apache.catalina.LifecycleException: Protocol handler initialization failed
		at org.apache.catalina.connector.Connector.initInternal(Connector.java:1027)
		at org.apache.catalina.util.LifecycleBase.init(LifecycleBase.java:122)
		at org.apache.catalina.core.StandardService.initInternal(StandardService.java:525)
		at org.apache.catalina.util.LifecycleBase.init(LifecycleBase.java:122)
		at org.apache.catalina.core.StandardServer.initInternal(StandardServer.java:986)
		at org.apache.catalina.util.LifecycleBase.init(LifecycleBase.java:122)
		at org.apache.catalina.startup.Catalina.load(Catalina.java:686)
		at org.apache.catalina.startup.Catalina.load(Catalina.java:709)
		at java.base/jdk.internal.reflect.NativeMethodAccessorImpl.invoke0(Native Method)
		at java.base/jdk.internal.reflect.NativeMethodAccessorImpl.invoke(NativeMethodAccessorImpl.java:62)
		at java.base/jdk.internal.reflect.DelegatingMethodAccessorImpl.invoke(DelegatingMethodAccessorImpl.java:43)
		at java.base/java.lang.reflect.Method.invoke(Method.java:566)
		at org.apache.catalina.startup.Bootstrap.load(Bootstrap.java:302)
		at org.apache.catalina.startup.Bootstrap.main(Bootstrap.java:472)
	Caused by: java.net.BindException: Address already in use
		at java.base/sun.nio.ch.Net.bind0(Native Method)
		at java.base/sun.nio.ch.Net.bind(Net.java:459)
		at java.base/sun.nio.ch.Net.bind(Net.java:448)
		at java.base/sun.nio.ch.ServerSocketChannelImpl.bind(ServerSocketChannelImpl.java:227)
		at org.apache.tomcat.util.net.NioEndpoint.initServerSocket(NioEndpoint.java:268)
		at org.apache.tomcat.util.net.NioEndpoint.bind(NioEndpoint.java:223)
		at org.apache.tomcat.util.net.AbstractEndpoint.bindWithCleanup(AbstractEndpoint.java:1373)
		at org.apache.tomcat.util.net.AbstractEndpoint.init(AbstractEndpoint.java:1386)
		at org.apache.coyote.AbstractProtocol.init(AbstractProtocol.java:663)
		at org.apache.coyote.http11.AbstractHttp11Protocol.init(AbstractHttp11Protocol.java:77)
		at org.apache.catalina.connector.Connector.initInternal(Connector.java:1025)
		... 13 more
21-Jan-2026 09:20:47.898 INFO [main] org.apache.catalina.startup.Catalina.load Server initialization in [1120] milliseconds
21-Jan-2026 09:20:48.051 INFO [main] org.apache.catalina.core.StandardService.startInternal Starting service [Catalina]
21-Jan-2026 09:20:48.052 INFO [main] org.apache.catalina.core.StandardEngine.startInternal Starting Servlet engine: [Apache Tomcat/9.0.96]
21-Jan-2026 09:20:48.078 INFO [main] org.apache.catalina.startup.HostConfig.deployWAR Deploying web application archive [/opt/lms/tomcat/webapps/ROOT.war]
21-Jan-2026 09:20:48.652 INFO [main] org.apache.catalina.startup.HostConfig.deployWAR Deployment of web application archive [/opt/lms/tomcat/webapps/ROOT.war] has finished in [573] ms
21-Jan-2026 09:20:48.653 INFO [main] org.apache.catalina.startup.HostConfig.deployDirectory Deploying web application directory [/opt/lms/tomcat/webapps/manager]
21-Jan-2026 09:20:48.745 INFO [main] org.apache.catalina.startup.HostConfig.deployDirectory Deployment of web application directory [/opt/lms/tomcat/webapps/manager] has finished in [92] ms
21-Jan-2026 09:20:48.745 INFO [main] org.apache.catalina.startup.HostConfig.deployDirectory Deploying web application directory [/opt/lms/tomcat/webapps/examples]
21-Jan-2026 09:20:49.179 INFO [main] org.apache.catalina.startup.HostConfig.deployDirectory Deployment of web application directory [/opt/lms/tomcat/webapps/examples] has finished in [433] ms
21-Jan-2026 09:20:49.179 INFO [main] org.apache.catalina.startup.HostConfig.deployDirectory Deploying web application directory [/opt/lms/tomcat/webapps/host-manager]
21-Jan-2026 09:20:49.221 INFO [main] org.apache.catalina.startup.HostConfig.deployDirectory Deployment of web application directory [/opt/lms/tomcat/webapps/host-manager] has finished in [42] ms
21-Jan-2026 09:20:49.221 INFO [main] org.apache.catalina.startup.HostConfig.deployDirectory Deploying web application directory [/opt/lms/tomcat/webapps/docs]
21-Jan-2026 09:20:49.247 INFO [main] org.apache.catalina.startup.HostConfig.deployDirectory Deployment of web application directory [/opt/lms/tomcat/webapps/docs] has finished in [26] ms
21-Jan-2026 09:20:49.266 INFO [main] org.apache.catalina.startup.Catalina.start Server startup in [1367] milliseconds
21-Jan-2026 09:20:49.273 SEVERE [main] org.apache.catalina.core.StandardServer.await Failed to create server shutdown socket on address [localhost] and port [8005] (base port [8005] and offset [0])
	java.net.BindException: Address already in use (Bind failed)
		at java.base/java.net.PlainSocketImpl.socketBind(Native Method)
		at java.base/java.net.AbstractPlainSocketImpl.bind(AbstractPlainSocketImpl.java:452)
		at java.base/java.net.ServerSocket.bind(ServerSocket.java:395)
		at java.base/java.net.ServerSocket.<init>(ServerSocket.java:257)
		at org.apache.catalina.core.StandardServer.await(StandardServer.java:537)
		at org.apache.catalina.startup.Catalina.await(Catalina.java:825)
		at org.apache.catalina.startup.Catalina.start(Catalina.java:773)
		at java.base/jdk.internal.reflect.NativeMethodAccessorImpl.invoke0(Native Method)
		at java.base/jdk.internal.reflect.NativeMethodAccessorImpl.invoke(NativeMethodAccessorImpl.java:62)
		at java.base/jdk.internal.reflect.DelegatingMethodAccessorImpl.invoke(DelegatingMethodAccessorImpl.java:43)
		at java.base/java.lang.reflect.Method.invoke(Method.java:566)
		at org.apache.catalina.startup.Bootstrap.start(Bootstrap.java:345)
		at org.apache.catalina.startup.Bootstrap.main(Bootstrap.java:473)
21-Jan-2026 09:20:49.273 INFO [main] org.apache.coyote.AbstractProtocol.pause Pausing ProtocolHandler ["http-nio-8001"]
21-Jan-2026 09:20:49.274 INFO [main] org.apache.catalina.core.StandardService.stopInternal Stopping service [Catalina]
21-Jan-2026 09:20:49.332 INFO [main] org.apache.coyote.AbstractProtocol.stop Stopping ProtocolHandler ["http-nio-8001"]
21-Jan-2026 09:20:49.336 INFO [main] org.apache.coyote.AbstractProtocol.destroy Destroying ProtocolHandler ["http-nio-8001"]
21-Jan-2026 09:20:49.820 INFO [main] org.apache.catalina.core.StandardServer.await A valid shutdown command was received via the shutdown port. Stopping the Server instance.
21-Jan-2026 09:20:49.821 INFO [main] org.apache.coyote.AbstractProtocol.pause Pausing ProtocolHandler ["http-nio-8001"]
21-Jan-2026 09:20:49.825 INFO [main] org.apache.catalina.core.StandardService.stopInternal Stopping service [Catalina]
21-Jan-2026 09:20:49.872 INFO [main] org.apache.coyote.AbstractProtocol.stop Stopping ProtocolHandler ["http-nio-8001"]
21-Jan-2026 09:20:49.882 INFO [main] org.apache.coyote.AbstractProtocol.destroy Destroying ProtocolHandler ["http-nio-8001"]
NOTE: Picked up JDK_JAVA_OPTIONS:  --add-opens=java.base/java.lang=ALL-UNNAMED --add-opens=java.base/java.io=ALL-UNNAMED --add-opens=java.base/java.util=ALL-UNNAMED --add-opens=java.base/java.util.concurrent=ALL-UNNAMED --add-opens=java.rmi/sun.rmi.transport=ALL-UNNAMED
21-Jan-2026 09:21:00.640 INFO [main] org.apache.catalina.startup.VersionLoggerListener.log Server version name:   Apache Tomcat/9.0.96
21-Jan-2026 09:21:00.646 INFO [main] org.apache.catalina.startup.VersionLoggerListener.log Server built:          Oct 3 2024 19:44:30 UTC
21-Jan-2026 09:21:00.646 INFO [main] org.apache.catalina.startup.VersionLoggerListener.log Server version number: 9.0.96.0
21-Jan-2026 09:21:00.647 INFO [main] org.apache.catalina.startup.VersionLoggerListener.log OS Name:               Linux
21-Jan-2026 09:21:00.647 INFO [main] org.apache.catalina.startup.VersionLoggerListener.log OS Version:            6.8.0-1044-aws
21-Jan-2026 09:21:00.647 INFO [main] org.apache.catalina.startup.VersionLoggerListener.log Architecture:          amd64
21-Jan-2026 09:21:00.647 INFO [main] org.apache.catalina.startup.VersionLoggerListener.log Java Home:             /usr/lib/jvm/java-11-openjdk-amd64
21-Jan-2026 09:21:00.648 INFO [main] org.apache.catalina.startup.VersionLoggerListener.log JVM Version:           11.0.29+7-post-Ubuntu-1ubuntu122.04
21-Jan-2026 09:21:00.648 INFO [main] org.apache.catalina.startup.VersionLoggerListener.log JVM Vendor:            Ubuntu
21-Jan-2026 09:21:00.648 INFO [main] org.apache.catalina.startup.VersionLoggerListener.log CATALINA_BASE:         /opt/lms/tomcat
21-Jan-2026 09:21:00.649 INFO [main] org.apache.catalina.startup.VersionLoggerListener.log CATALINA_HOME:         /opt/lms/tomcat
21-Jan-2026 09:21:00.667 INFO [main] org.apache.catalina.startup.VersionLoggerListener.log Command line argument: --add-opens=java.base/java.lang=ALL-UNNAMED
21-Jan-2026 09:21:00.667 INFO [main] org.apache.catalina.startup.VersionLoggerListener.log Command line argument: --add-opens=java.base/java.io=ALL-UNNAMED
21-Jan-2026 09:21:00.667 INFO [main] org.apache.catalina.startup.VersionLoggerListener.log Command line argument: --add-opens=java.base/java.util=ALL-UNNAMED
21-Jan-2026 09:21:00.667 INFO [main] org.apache.catalina.startup.VersionLoggerListener.log Command line argument: --add-opens=java.base/java.util.concurrent=ALL-UNNAMED
21-Jan-2026 09:21:00.668 INFO [main] org.apache.catalina.startup.VersionLoggerListener.log Command line argument: --add-opens=java.rmi/sun.rmi.transport=ALL-UNNAMED
21-Jan-2026 09:21:00.668 INFO [main] org.apache.catalina.startup.VersionLoggerListener.log Command line argument: -Djava.util.logging.config.file=/opt/lms/tomcat/conf/logging.properties
21-Jan-2026 09:21:00.668 INFO [main] org.apache.catalina.startup.VersionLoggerListener.log Command line argument: -Djava.util.logging.manager=org.apache.juli.ClassLoaderLogManager
21-Jan-2026 09:21:00.668 INFO [main] org.apache.catalina.startup.VersionLoggerListener.log Command line argument: -Djdk.tls.ephemeralDHKeySize=2048
21-Jan-2026 09:21:00.668 INFO [main] org.apache.catalina.startup.VersionLoggerListener.log Command line argument: -Djava.protocol.handler.pkgs=org.apache.catalina.webresources
21-Jan-2026 09:21:00.669 INFO [main] org.apache.catalina.startup.VersionLoggerListener.log Command line argument: -Dorg.apache.catalina.security.SecurityListener.UMASK=0027
21-Jan-2026 09:21:00.669 INFO [main] org.apache.catalina.startup.VersionLoggerListener.log Command line argument: -Dignore.endorsed.dirs=
21-Jan-2026 09:21:00.669 INFO [main] org.apache.catalina.startup.VersionLoggerListener.log Command line argument: -Dcatalina.base=/opt/lms/tomcat
21-Jan-2026 09:21:00.669 INFO [main] org.apache.catalina.startup.VersionLoggerListener.log Command line argument: -Dcatalina.home=/opt/lms/tomcat
21-Jan-2026 09:21:00.670 INFO [main] org.apache.catalina.startup.VersionLoggerListener.log Command line argument: -Djava.io.tmpdir=/opt/lms/tomcat/temp
21-Jan-2026 09:21:00.675 INFO [main] org.apache.catalina.core.AprLifecycleListener.lifecycleEvent An older version [1.2.31] of the Apache Tomcat Native library is installed, while Tomcat recommends a minimum version of [1.3.0]
21-Jan-2026 09:21:00.675 INFO [main] org.apache.catalina.core.AprLifecycleListener.lifecycleEvent Loaded Apache Tomcat Native library [1.2.31] using APR version [1.7.0].
21-Jan-2026 09:21:00.675 INFO [main] org.apache.catalina.core.AprLifecycleListener.lifecycleEvent APR capabilities: IPv6 [true], sendfile [true], accept filters [false], random [true], UDS [true].
21-Jan-2026 09:21:00.676 INFO [main] org.apache.catalina.core.AprLifecycleListener.lifecycleEvent APR/OpenSSL configuration: useAprConnector [false], useOpenSSL [true]
21-Jan-2026 09:21:00.681 INFO [main] org.apache.catalina.core.AprLifecycleListener.initializeSSL OpenSSL successfully initialized [OpenSSL 3.0.2 15 Mar 2022]
21-Jan-2026 09:21:01.323 INFO [main] org.apache.coyote.AbstractProtocol.init Initializing ProtocolHandler ["http-nio-8001"]
21-Jan-2026 09:21:01.385 INFO [main] org.apache.catalina.startup.Catalina.load Server initialization in [1092] milliseconds
21-Jan-2026 09:21:01.488 INFO [main] org.apache.catalina.core.StandardService.startInternal Starting service [Catalina]
21-Jan-2026 09:21:01.488 INFO [main] org.apache.catalina.core.StandardEngine.startInternal Starting Servlet engine: [Apache Tomcat/9.0.96]
21-Jan-2026 09:21:01.509 INFO [main] org.apache.catalina.startup.HostConfig.deployWAR Deploying web application archive [/opt/lms/tomcat/webapps/ROOT.war]
21-Jan-2026 09:21:01.969 INFO [main] org.apache.catalina.startup.HostConfig.deployWAR Deployment of web application archive [/opt/lms/tomcat/webapps/ROOT.war] has finished in [459] ms
21-Jan-2026 09:21:01.972 INFO [main] org.apache.catalina.startup.HostConfig.deployDirectory Deploying web application directory [/opt/lms/tomcat/webapps/manager]
21-Jan-2026 09:21:02.065 INFO [main] org.apache.catalina.startup.HostConfig.deployDirectory Deployment of web application directory [/opt/lms/tomcat/webapps/manager] has finished in [93] ms
21-Jan-2026 09:21:02.066 INFO [main] org.apache.catalina.startup.HostConfig.deployDirectory Deploying web application directory [/opt/lms/tomcat/webapps/examples]
21-Jan-2026 09:21:02.437 INFO [main] org.apache.catalina.startup.HostConfig.deployDirectory Deployment of web application directory [/opt/lms/tomcat/webapps/examples] has finished in [371] ms
21-Jan-2026 09:21:02.439 INFO [main] org.apache.catalina.startup.HostConfig.deployDirectory Deploying web application directory [/opt/lms/tomcat/webapps/host-manager]
21-Jan-2026 09:21:02.487 INFO [main] org.apache.catalina.startup.HostConfig.deployDirectory Deployment of web application directory [/opt/lms/tomcat/webapps/host-manager] has finished in [48] ms
21-Jan-2026 09:21:02.487 INFO [main] org.apache.catalina.startup.HostConfig.deployDirectory Deploying web application directory [/opt/lms/tomcat/webapps/docs]
21-Jan-2026 09:21:02.539 INFO [main] org.apache.catalina.startup.HostConfig.deployDirectory Deployment of web application directory [/opt/lms/tomcat/webapps/docs] has finished in [52] ms
21-Jan-2026 09:21:02.546 INFO [main] org.apache.coyote.AbstractProtocol.start Starting ProtocolHandler ["http-nio-8001"]
21-Jan-2026 09:21:02.574 INFO [main] org.apache.catalina.startup.Catalina.start Server startup in [1186] milliseconds
21-Jan-2026 09:26:10.466 INFO [main] org.apache.catalina.core.StandardServer.await A valid shutdown command was received via the shutdown port. Stopping the Server instance.
21-Jan-2026 09:26:10.467 INFO [main] org.apache.coyote.AbstractProtocol.pause Pausing ProtocolHandler ["http-nio-8001"]
21-Jan-2026 09:26:10.477 INFO [main] org.apache.catalina.core.StandardService.stopInternal Stopping service [Catalina]
NOTE: Picked up JDK_JAVA_OPTIONS:  --add-opens=java.base/java.lang=ALL-UNNAMED --add-opens=java.base/java.io=ALL-UNNAMED --add-opens=java.base/java.util=ALL-UNNAMED --add-opens=java.base/java.util.concurrent=ALL-UNNAMED --add-opens=java.rmi/sun.rmi.transport=ALL-UNNAMED
21-Jan-2026 09:26:10.541 INFO [main] org.apache.coyote.AbstractProtocol.stop Stopping ProtocolHandler ["http-nio-8001"]
21-Jan-2026 09:26:10.578 INFO [main] org.apache.coyote.AbstractProtocol.destroy Destroying ProtocolHandler ["http-nio-8001"]
21-Jan-2026 09:26:11.622 INFO [main] org.apache.catalina.startup.VersionLoggerListener.log Server version name:   Apache Tomcat/9.0.96
21-Jan-2026 09:26:11.628 INFO [main] org.apache.catalina.startup.VersionLoggerListener.log Server built:          Oct 3 2024 19:44:30 UTC
21-Jan-2026 09:26:11.628 INFO [main] org.apache.catalina.startup.VersionLoggerListener.log Server version number: 9.0.96.0
21-Jan-2026 09:26:11.628 INFO [main] org.apache.catalina.startup.VersionLoggerListener.log OS Name:               Linux
21-Jan-2026 09:26:11.628 INFO [main] org.apache.catalina.startup.VersionLoggerListener.log OS Version:            6.8.0-1044-aws
21-Jan-2026 09:26:11.628 INFO [main] org.apache.catalina.startup.VersionLoggerListener.log Architecture:          amd64
21-Jan-2026 09:26:11.629 INFO [main] org.apache.catalina.startup.VersionLoggerListener.log Java Home:             /usr/lib/jvm/java-17-openjdk-amd64
21-Jan-2026 09:26:11.629 INFO [main] org.apache.catalina.startup.VersionLoggerListener.log JVM Version:           17.0.17+10-Ubuntu-122.04
21-Jan-2026 09:26:11.629 INFO [main] org.apache.catalina.startup.VersionLoggerListener.log JVM Vendor:            Ubuntu
21-Jan-2026 09:26:11.629 INFO [main] org.apache.catalina.startup.VersionLoggerListener.log CATALINA_BASE:         /opt/lms/tomcat
21-Jan-2026 09:26:11.633 INFO [main] org.apache.catalina.startup.VersionLoggerListener.log CATALINA_HOME:         /opt/lms/tomcat
21-Jan-2026 09:26:11.651 INFO [main] org.apache.catalina.startup.VersionLoggerListener.log Command line argument: --add-opens=java.base/java.lang=ALL-UNNAMED
21-Jan-2026 09:26:11.651 INFO [main] org.apache.catalina.startup.VersionLoggerListener.log Command line argument: --add-opens=java.base/java.io=ALL-UNNAMED
21-Jan-2026 09:26:11.651 INFO [main] org.apache.catalina.startup.VersionLoggerListener.log Command line argument: --add-opens=java.base/java.util=ALL-UNNAMED
21-Jan-2026 09:26:11.651 INFO [main] org.apache.catalina.startup.VersionLoggerListener.log Command line argument: --add-opens=java.base/java.util.concurrent=ALL-UNNAMED
21-Jan-2026 09:26:11.651 INFO [main] org.apache.catalina.startup.VersionLoggerListener.log Command line argument: --add-opens=java.rmi/sun.rmi.transport=ALL-UNNAMED
21-Jan-2026 09:26:11.651 INFO [main] org.apache.catalina.startup.VersionLoggerListener.log Command line argument: -Djava.util.logging.config.file=/opt/lms/tomcat/conf/logging.properties
21-Jan-2026 09:26:11.651 INFO [main] org.apache.catalina.startup.VersionLoggerListener.log Command line argument: -Djava.util.logging.manager=org.apache.juli.ClassLoaderLogManager
21-Jan-2026 09:26:11.652 INFO [main] org.apache.catalina.startup.VersionLoggerListener.log Command line argument: -Djdk.tls.ephemeralDHKeySize=2048
21-Jan-2026 09:26:11.652 INFO [main] org.apache.catalina.startup.VersionLoggerListener.log Command line argument: -Djava.protocol.handler.pkgs=org.apache.catalina.webresources
21-Jan-2026 09:26:11.652 INFO [main] org.apache.catalina.startup.VersionLoggerListener.log Command line argument: -Dorg.apache.catalina.security.SecurityListener.UMASK=0027
21-Jan-2026 09:26:11.652 INFO [main] org.apache.catalina.startup.VersionLoggerListener.log Command line argument: -Dignore.endorsed.dirs=
21-Jan-2026 09:26:11.652 INFO [main] org.apache.catalina.startup.VersionLoggerListener.log Command line argument: -Dcatalina.base=/opt/lms/tomcat
21-Jan-2026 09:26:11.656 INFO [main] org.apache.catalina.startup.VersionLoggerListener.log Command line argument: -Dcatalina.home=/opt/lms/tomcat
21-Jan-2026 09:26:11.656 INFO [main] org.apache.catalina.startup.VersionLoggerListener.log Command line argument: -Djava.io.tmpdir=/opt/lms/tomcat/temp
21-Jan-2026 09:26:11.661 INFO [main] org.apache.catalina.core.AprLifecycleListener.lifecycleEvent An older version [1.2.31] of the Apache Tomcat Native library is installed, while Tomcat recommends a minimum version of [1.3.0]
21-Jan-2026 09:26:11.661 INFO [main] org.apache.catalina.core.AprLifecycleListener.lifecycleEvent Loaded Apache Tomcat Native library [1.2.31] using APR version [1.7.0].
21-Jan-2026 09:26:11.661 INFO [main] org.apache.catalina.core.AprLifecycleListener.lifecycleEvent APR capabilities: IPv6 [true], sendfile [true], accept filters [false], random [true], UDS [true].
21-Jan-2026 09:26:11.662 INFO [main] org.apache.catalina.core.AprLifecycleListener.lifecycleEvent APR/OpenSSL configuration: useAprConnector [false], useOpenSSL [true]
21-Jan-2026 09:26:11.667 INFO [main] org.apache.catalina.core.AprLifecycleListener.initializeSSL OpenSSL successfully initialized [OpenSSL 3.0.2 15 Mar 2022]
21-Jan-2026 09:26:12.170 INFO [main] org.apache.coyote.AbstractProtocol.init Initializing ProtocolHandler ["http-nio-8001"]
21-Jan-2026 09:26:12.221 INFO [main] org.apache.catalina.startup.Catalina.load Server initialization in [1201] milliseconds
21-Jan-2026 09:26:12.287 INFO [main] org.apache.catalina.core.StandardService.startInternal Starting service [Catalina]
21-Jan-2026 09:26:12.287 INFO [main] org.apache.catalina.core.StandardEngine.startInternal Starting Servlet engine: [Apache Tomcat/9.0.96]
21-Jan-2026 09:26:12.310 INFO [main] org.apache.catalina.startup.HostConfig.deployWAR Deploying web application archive [/opt/lms/tomcat/webapps/ROOT.war]
21-Jan-2026 09:26:12.759 INFO [main] org.apache.catalina.startup.HostConfig.deployWAR Deployment of web application archive [/opt/lms/tomcat/webapps/ROOT.war] has finished in [446] ms
21-Jan-2026 09:26:12.759 INFO [main] org.apache.catalina.startup.HostConfig.deployDirectory Deploying web application directory [/opt/lms/tomcat/webapps/manager]
21-Jan-2026 09:26:12.816 INFO [main] org.apache.catalina.startup.HostConfig.deployDirectory Deployment of web application directory [/opt/lms/tomcat/webapps/manager] has finished in [56] ms
21-Jan-2026 09:26:12.816 INFO [main] org.apache.catalina.startup.HostConfig.deployDirectory Deploying web application directory [/opt/lms/tomcat/webapps/examples]
21-Jan-2026 09:26:13.158 INFO [main] org.apache.catalina.startup.HostConfig.deployDirectory Deployment of web application directory [/opt/lms/tomcat/webapps/examples] has finished in [342] ms
21-Jan-2026 09:26:13.160 INFO [main] org.apache.catalina.startup.HostConfig.deployDirectory Deploying web application directory [/opt/lms/tomcat/webapps/host-manager]
21-Jan-2026 09:26:13.205 INFO [main] org.apache.catalina.startup.HostConfig.deployDirectory Deployment of web application directory [/opt/lms/tomcat/webapps/host-manager] has finished in [44] ms
21-Jan-2026 09:26:13.205 INFO [main] org.apache.catalina.startup.HostConfig.deployDirectory Deploying web application directory [/opt/lms/tomcat/webapps/docs]
21-Jan-2026 09:26:13.234 INFO [main] org.apache.catalina.startup.HostConfig.deployDirectory Deployment of web application directory [/opt/lms/tomcat/webapps/docs] has finished in [29] ms
21-Jan-2026 09:26:13.244 INFO [main] org.apache.coyote.AbstractProtocol.start Starting ProtocolHandler ["http-nio-8001"]
21-Jan-2026 09:26:13.261 INFO [main] org.apache.catalina.startup.Catalina.start Server startup in [1039] milliseconds
NOTE: Picked up JDK_JAVA_OPTIONS:  --add-opens=java.base/java.lang=ALL-UNNAMED --add-opens=java.base/java.io=ALL-UNNAMED --add-opens=java.base/java.util=ALL-UNNAMED --add-opens=java.base/java.util.concurrent=ALL-UNNAMED --add-opens=java.rmi/sun.rmi.transport=ALL-UNNAMED
21-Jan-2026 09:26:22.395 INFO [main] org.apache.catalina.startup.VersionLoggerListener.log Server version name:   Apache Tomcat/9.0.96
21-Jan-2026 09:26:22.401 INFO [main] org.apache.catalina.startup.VersionLoggerListener.log Server built:          Oct 3 2024 19:44:30 UTC
21-Jan-2026 09:26:22.402 INFO [main] org.apache.catalina.startup.VersionLoggerListener.log Server version number: 9.0.96.0
21-Jan-2026 09:26:22.405 INFO [main] org.apache.catalina.startup.VersionLoggerListener.log OS Name:               Linux
21-Jan-2026 09:26:22.405 INFO [main] org.apache.catalina.startup.VersionLoggerListener.log OS Version:            6.8.0-1044-aws
21-Jan-2026 09:26:22.406 INFO [main] org.apache.catalina.startup.VersionLoggerListener.log Architecture:          amd64
21-Jan-2026 09:26:22.406 INFO [main] org.apache.catalina.startup.VersionLoggerListener.log Java Home:             /usr/lib/jvm/java-11-openjdk-amd64
21-Jan-2026 09:26:22.406 INFO [main] org.apache.catalina.startup.VersionLoggerListener.log JVM Version:           11.0.29+7-post-Ubuntu-1ubuntu122.04
21-Jan-2026 09:26:22.406 INFO [main] org.apache.catalina.startup.VersionLoggerListener.log JVM Vendor:            Ubuntu
21-Jan-2026 09:26:22.406 INFO [main] org.apache.catalina.startup.VersionLoggerListener.log CATALINA_BASE:         /opt/lms/tomcat
21-Jan-2026 09:26:22.406 INFO [main] org.apache.catalina.startup.VersionLoggerListener.log CATALINA_HOME:         /opt/lms/tomcat
21-Jan-2026 09:26:22.430 INFO [main] org.apache.catalina.startup.VersionLoggerListener.log Command line argument: --add-opens=java.base/java.lang=ALL-UNNAMED
21-Jan-2026 09:26:22.430 INFO [main] org.apache.catalina.startup.VersionLoggerListener.log Command line argument: --add-opens=java.base/java.io=ALL-UNNAMED
21-Jan-2026 09:26:22.430 INFO [main] org.apache.catalina.startup.VersionLoggerListener.log Command line argument: --add-opens=java.base/java.util=ALL-UNNAMED
21-Jan-2026 09:26:22.430 INFO [main] org.apache.catalina.startup.VersionLoggerListener.log Command line argument: --add-opens=java.base/java.util.concurrent=ALL-UNNAMED
21-Jan-2026 09:26:22.430 INFO [main] org.apache.catalina.startup.VersionLoggerListener.log Command line argument: --add-opens=java.rmi/sun.rmi.transport=ALL-UNNAMED
21-Jan-2026 09:26:22.431 INFO [main] org.apache.catalina.startup.VersionLoggerListener.log Command line argument: -Djava.util.logging.config.file=/opt/lms/tomcat/conf/logging.properties
21-Jan-2026 09:26:22.431 INFO [main] org.apache.catalina.startup.VersionLoggerListener.log Command line argument: -Djava.util.logging.manager=org.apache.juli.ClassLoaderLogManager
21-Jan-2026 09:26:22.431 INFO [main] org.apache.catalina.startup.VersionLoggerListener.log Command line argument: -Djdk.tls.ephemeralDHKeySize=2048
21-Jan-2026 09:26:22.431 INFO [main] org.apache.catalina.startup.VersionLoggerListener.log Command line argument: -Djava.protocol.handler.pkgs=org.apache.catalina.webresources
21-Jan-2026 09:26:22.433 INFO [main] org.apache.catalina.startup.VersionLoggerListener.log Command line argument: -Dorg.apache.catalina.security.SecurityListener.UMASK=0027
21-Jan-2026 09:26:22.434 INFO [main] org.apache.catalina.startup.VersionLoggerListener.log Command line argument: -Dignore.endorsed.dirs=
21-Jan-2026 09:26:22.434 INFO [main] org.apache.catalina.startup.VersionLoggerListener.log Command line argument: -Dcatalina.base=/opt/lms/tomcat
21-Jan-2026 09:26:22.434 INFO [main] org.apache.catalina.startup.VersionLoggerListener.log Command line argument: -Dcatalina.home=/opt/lms/tomcat
21-Jan-2026 09:26:22.434 INFO [main] org.apache.catalina.startup.VersionLoggerListener.log Command line argument: -Djava.io.tmpdir=/opt/lms/tomcat/temp
21-Jan-2026 09:26:22.445 INFO [main] org.apache.catalina.core.AprLifecycleListener.lifecycleEvent An older version [1.2.31] of the Apache Tomcat Native library is installed, while Tomcat recommends a minimum version of [1.3.0]
21-Jan-2026 09:26:22.445 INFO [main] org.apache.catalina.core.AprLifecycleListener.lifecycleEvent Loaded Apache Tomcat Native library [1.2.31] using APR version [1.7.0].
21-Jan-2026 09:26:22.445 INFO [main] org.apache.catalina.core.AprLifecycleListener.lifecycleEvent APR capabilities: IPv6 [true], sendfile [true], accept filters [false], random [true], UDS [true].
21-Jan-2026 09:26:22.446 INFO [main] org.apache.catalina.core.AprLifecycleListener.lifecycleEvent APR/OpenSSL configuration: useAprConnector [false], useOpenSSL [true]
21-Jan-2026 09:26:22.455 INFO [main] org.apache.catalina.core.AprLifecycleListener.initializeSSL OpenSSL successfully initialized [OpenSSL 3.0.2 15 Mar 2022]
21-Jan-2026 09:26:23.069 INFO [main] org.apache.coyote.AbstractProtocol.init Initializing ProtocolHandler ["http-nio-8001"]
21-Jan-2026 09:26:23.095 SEVERE [main] org.apache.catalina.util.LifecycleBase.handleSubClassException Failed to initialize component [Connector["http-nio-8001"]]
	org.apache.catalina.LifecycleException: Protocol handler initialization failed
		at org.apache.catalina.connector.Connector.initInternal(Connector.java:1027)
		at org.apache.catalina.util.LifecycleBase.init(LifecycleBase.java:122)
		at org.apache.catalina.core.StandardService.initInternal(StandardService.java:525)
		at org.apache.catalina.util.LifecycleBase.init(LifecycleBase.java:122)
		at org.apache.catalina.core.StandardServer.initInternal(StandardServer.java:986)
		at org.apache.catalina.util.LifecycleBase.init(LifecycleBase.java:122)
		at org.apache.catalina.startup.Catalina.load(Catalina.java:686)
		at org.apache.catalina.startup.Catalina.load(Catalina.java:709)
		at java.base/jdk.internal.reflect.NativeMethodAccessorImpl.invoke0(Native Method)
		at java.base/jdk.internal.reflect.NativeMethodAccessorImpl.invoke(NativeMethodAccessorImpl.java:62)
		at java.base/jdk.internal.reflect.DelegatingMethodAccessorImpl.invoke(DelegatingMethodAccessorImpl.java:43)
		at java.base/java.lang.reflect.Method.invoke(Method.java:566)
		at org.apache.catalina.startup.Bootstrap.load(Bootstrap.java:302)
		at org.apache.catalina.startup.Bootstrap.main(Bootstrap.java:472)
	Caused by: java.net.BindException: Address already in use
		at java.base/sun.nio.ch.Net.bind0(Native Method)
		at java.base/sun.nio.ch.Net.bind(Net.java:459)
		at java.base/sun.nio.ch.Net.bind(Net.java:448)
		at java.base/sun.nio.ch.ServerSocketChannelImpl.bind(ServerSocketChannelImpl.java:227)
		at org.apache.tomcat.util.net.NioEndpoint.initServerSocket(NioEndpoint.java:268)
		at org.apache.tomcat.util.net.NioEndpoint.bind(NioEndpoint.java:223)
		at org.apache.tomcat.util.net.AbstractEndpoint.bindWithCleanup(AbstractEndpoint.java:1373)
		at org.apache.tomcat.util.net.AbstractEndpoint.init(AbstractEndpoint.java:1386)
		at org.apache.coyote.AbstractProtocol.init(AbstractProtocol.java:663)
		at org.apache.coyote.http11.AbstractHttp11Protocol.init(AbstractHttp11Protocol.java:77)
		at org.apache.catalina.connector.Connector.initInternal(Connector.java:1025)
		... 13 more
21-Jan-2026 09:26:23.098 INFO [main] org.apache.catalina.startup.Catalina.load Server initialization in [1071] milliseconds
21-Jan-2026 09:26:23.223 INFO [main] org.apache.catalina.core.StandardService.startInternal Starting service [Catalina]
21-Jan-2026 09:26:23.224 INFO [main] org.apache.catalina.core.StandardEngine.startInternal Starting Servlet engine: [Apache Tomcat/9.0.96]
21-Jan-2026 09:26:23.252 INFO [main] org.apache.catalina.startup.HostConfig.deployWAR Deploying web application archive [/opt/lms/tomcat/webapps/ROOT.war]
21-Jan-2026 09:26:23.756 INFO [main] org.apache.catalina.startup.HostConfig.deployWAR Deployment of web application archive [/opt/lms/tomcat/webapps/ROOT.war] has finished in [504] ms
21-Jan-2026 09:26:23.758 INFO [main] org.apache.catalina.startup.HostConfig.deployDirectory Deploying web application directory [/opt/lms/tomcat/webapps/manager]
21-Jan-2026 09:26:23.833 INFO [main] org.apache.catalina.startup.HostConfig.deployDirectory Deployment of web application directory [/opt/lms/tomcat/webapps/manager] has finished in [75] ms
21-Jan-2026 09:26:23.835 INFO [main] org.apache.catalina.startup.HostConfig.deployDirectory Deploying web application directory [/opt/lms/tomcat/webapps/examples]
21-Jan-2026 09:26:24.240 INFO [main] org.apache.catalina.startup.HostConfig.deployDirectory Deployment of web application directory [/opt/lms/tomcat/webapps/examples] has finished in [405] ms
21-Jan-2026 09:26:24.241 INFO [main] org.apache.catalina.startup.HostConfig.deployDirectory Deploying web application directory [/opt/lms/tomcat/webapps/host-manager]
21-Jan-2026 09:26:24.288 INFO [main] org.apache.catalina.startup.HostConfig.deployDirectory Deployment of web application directory [/opt/lms/tomcat/webapps/host-manager] has finished in [45] ms
21-Jan-2026 09:26:24.288 INFO [main] org.apache.catalina.startup.HostConfig.deployDirectory Deploying web application directory [/opt/lms/tomcat/webapps/docs]
21-Jan-2026 09:26:24.324 INFO [main] org.apache.catalina.startup.HostConfig.deployDirectory Deployment of web application directory [/opt/lms/tomcat/webapps/docs] has finished in [36] ms
21-Jan-2026 09:26:24.331 INFO [main] org.apache.catalina.startup.Catalina.start Server startup in [1233] milliseconds
21-Jan-2026 09:26:24.341 SEVERE [main] org.apache.catalina.core.StandardServer.await Failed to create server shutdown socket on address [localhost] and port [8005] (base port [8005] and offset [0])
	java.net.BindException: Address already in use (Bind failed)
		at java.base/java.net.PlainSocketImpl.socketBind(Native Method)
		at java.base/java.net.AbstractPlainSocketImpl.bind(AbstractPlainSocketImpl.java:452)
		at java.base/java.net.ServerSocket.bind(ServerSocket.java:395)
		at java.base/java.net.ServerSocket.<init>(ServerSocket.java:257)
		at org.apache.catalina.core.StandardServer.await(StandardServer.java:537)
		at org.apache.catalina.startup.Catalina.await(Catalina.java:825)
		at org.apache.catalina.startup.Catalina.start(Catalina.java:773)
		at java.base/jdk.internal.reflect.NativeMethodAccessorImpl.invoke0(Native Method)
		at java.base/jdk.internal.reflect.NativeMethodAccessorImpl.invoke(NativeMethodAccessorImpl.java:62)
		at java.base/jdk.internal.reflect.DelegatingMethodAccessorImpl.invoke(DelegatingMethodAccessorImpl.java:43)
		at java.base/java.lang.reflect.Method.invoke(Method.java:566)
		at org.apache.catalina.startup.Bootstrap.start(Bootstrap.java:345)
		at org.apache.catalina.startup.Bootstrap.main(Bootstrap.java:473)
21-Jan-2026 09:26:24.342 INFO [main] org.apache.coyote.AbstractProtocol.pause Pausing ProtocolHandler ["http-nio-8001"]
21-Jan-2026 09:26:24.342 INFO [main] org.apache.catalina.core.StandardService.stopInternal Stopping service [Catalina]
21-Jan-2026 09:26:24.386 INFO [main] org.apache.coyote.AbstractProtocol.stop Stopping ProtocolHandler ["http-nio-8001"]
21-Jan-2026 09:26:24.391 INFO [main] org.apache.coyote.AbstractProtocol.destroy Destroying ProtocolHandler ["http-nio-8001"]
21-Jan-2026 09:26:24.899 INFO [main] org.apache.catalina.core.StandardServer.await A valid shutdown command was received via the shutdown port. Stopping the Server instance.
21-Jan-2026 09:26:24.902 INFO [main] org.apache.coyote.AbstractProtocol.pause Pausing ProtocolHandler ["http-nio-8001"]
21-Jan-2026 09:26:24.914 INFO [main] org.apache.catalina.core.StandardService.stopInternal Stopping service [Catalina]
21-Jan-2026 09:26:24.957 INFO [main] org.apache.coyote.AbstractProtocol.stop Stopping ProtocolHandler ["http-nio-8001"]
21-Jan-2026 09:26:24.969 INFO [main] org.apache.coyote.AbstractProtocol.destroy Destroying ProtocolHandler ["http-nio-8001"]
NOTE: Picked up JDK_JAVA_OPTIONS:  --add-opens=java.base/java.lang=ALL-UNNAMED --add-opens=java.base/java.io=ALL-UNNAMED --add-opens=java.base/java.util=ALL-UNNAMED --add-opens=java.base/java.util.concurrent=ALL-UNNAMED --add-opens=java.rmi/sun.rmi.transport=ALL-UNNAMED
21-Jan-2026 09:26:35.560 INFO [main] org.apache.catalina.startup.VersionLoggerListener.log Server version name:   Apache Tomcat/9.0.96
21-Jan-2026 09:26:35.566 INFO [main] org.apache.catalina.startup.VersionLoggerListener.log Server built:          Oct 3 2024 19:44:30 UTC
21-Jan-2026 09:26:35.566 INFO [main] org.apache.catalina.startup.VersionLoggerListener.log Server version number: 9.0.96.0
21-Jan-2026 09:26:35.566 INFO [main] org.apache.catalina.startup.VersionLoggerListener.log OS Name:               Linux
21-Jan-2026 09:26:35.566 INFO [main] org.apache.catalina.startup.VersionLoggerListener.log OS Version:            6.8.0-1044-aws
21-Jan-2026 09:26:35.566 INFO [main] org.apache.catalina.startup.VersionLoggerListener.log Architecture:          amd64
21-Jan-2026 09:26:35.566 INFO [main] org.apache.catalina.startup.VersionLoggerListener.log Java Home:             /usr/lib/jvm/java-11-openjdk-amd64
21-Jan-2026 09:26:35.567 INFO [main] org.apache.catalina.startup.VersionLoggerListener.log JVM Version:           11.0.29+7-post-Ubuntu-1ubuntu122.04
21-Jan-2026 09:26:35.567 INFO [main] org.apache.catalina.startup.VersionLoggerListener.log JVM Vendor:            Ubuntu
21-Jan-2026 09:26:35.567 INFO [main] org.apache.catalina.startup.VersionLoggerListener.log CATALINA_BASE:         /opt/lms/tomcat
21-Jan-2026 09:26:35.567 INFO [main] org.apache.catalina.startup.VersionLoggerListener.log CATALINA_HOME:         /opt/lms/tomcat
21-Jan-2026 09:26:35.601 INFO [main] org.apache.catalina.startup.VersionLoggerListener.log Command line argument: --add-opens=java.base/java.lang=ALL-UNNAMED
21-Jan-2026 09:26:35.601 INFO [main] org.apache.catalina.startup.VersionLoggerListener.log Command line argument: --add-opens=java.base/java.io=ALL-UNNAMED
21-Jan-2026 09:26:35.601 INFO [main] org.apache.catalina.startup.VersionLoggerListener.log Command line argument: --add-opens=java.base/java.util=ALL-UNNAMED
21-Jan-2026 09:26:35.602 INFO [main] org.apache.catalina.startup.VersionLoggerListener.log Command line argument: --add-opens=java.base/java.util.concurrent=ALL-UNNAMED
21-Jan-2026 09:26:35.602 INFO [main] org.apache.catalina.startup.VersionLoggerListener.log Command line argument: --add-opens=java.rmi/sun.rmi.transport=ALL-UNNAMED
21-Jan-2026 09:26:35.603 INFO [main] org.apache.catalina.startup.VersionLoggerListener.log Command line argument: -Djava.util.logging.config.file=/opt/lms/tomcat/conf/logging.properties
21-Jan-2026 09:26:35.603 INFO [main] org.apache.catalina.startup.VersionLoggerListener.log Command line argument: -Djava.util.logging.manager=org.apache.juli.ClassLoaderLogManager
21-Jan-2026 09:26:35.603 INFO [main] org.apache.catalina.startup.VersionLoggerListener.log Command line argument: -Djdk.tls.ephemeralDHKeySize=2048
21-Jan-2026 09:26:35.603 INFO [main] org.apache.catalina.startup.VersionLoggerListener.log Command line argument: -Djava.protocol.handler.pkgs=org.apache.catalina.webresources
21-Jan-2026 09:26:35.603 INFO [main] org.apache.catalina.startup.VersionLoggerListener.log Command line argument: -Dorg.apache.catalina.security.SecurityListener.UMASK=0027
21-Jan-2026 09:26:35.603 INFO [main] org.apache.catalina.startup.VersionLoggerListener.log Command line argument: -Dignore.endorsed.dirs=
21-Jan-2026 09:26:35.604 INFO [main] org.apache.catalina.startup.VersionLoggerListener.log Command line argument: -Dcatalina.base=/opt/lms/tomcat
21-Jan-2026 09:26:35.604 INFO [main] org.apache.catalina.startup.VersionLoggerListener.log Command line argument: -Dcatalina.home=/opt/lms/tomcat
21-Jan-2026 09:26:35.604 INFO [main] org.apache.catalina.startup.VersionLoggerListener.log Command line argument: -Djava.io.tmpdir=/opt/lms/tomcat/temp
21-Jan-2026 09:26:35.610 INFO [main] org.apache.catalina.core.AprLifecycleListener.lifecycleEvent An older version [1.2.31] of the Apache Tomcat Native library is installed, while Tomcat recommends a minimum version of [1.3.0]
21-Jan-2026 09:26:35.610 INFO [main] org.apache.catalina.core.AprLifecycleListener.lifecycleEvent Loaded Apache Tomcat Native library [1.2.31] using APR version [1.7.0].
21-Jan-2026 09:26:35.610 INFO [main] org.apache.catalina.core.AprLifecycleListener.lifecycleEvent APR capabilities: IPv6 [true], sendfile [true], accept filters [false], random [true], UDS [true].
21-Jan-2026 09:26:35.610 INFO [main] org.apache.catalina.core.AprLifecycleListener.lifecycleEvent APR/OpenSSL configuration: useAprConnector [false], useOpenSSL [true]
21-Jan-2026 09:26:35.615 INFO [main] org.apache.catalina.core.AprLifecycleListener.initializeSSL OpenSSL successfully initialized [OpenSSL 3.0.2 15 Mar 2022]
21-Jan-2026 09:26:36.089 INFO [main] org.apache.coyote.AbstractProtocol.init Initializing ProtocolHandler ["http-nio-8001"]
21-Jan-2026 09:26:36.127 INFO [main] org.apache.catalina.startup.Catalina.load Server initialization in [864] milliseconds
21-Jan-2026 09:26:36.253 INFO [main] org.apache.catalina.core.StandardService.startInternal Starting service [Catalina]
21-Jan-2026 09:26:36.253 INFO [main] org.apache.catalina.core.StandardEngine.startInternal Starting Servlet engine: [Apache Tomcat/9.0.96]
21-Jan-2026 09:26:36.279 INFO [main] org.apache.catalina.startup.HostConfig.deployWAR Deploying web application archive [/opt/lms/tomcat/webapps/ROOT.war]
21-Jan-2026 09:26:36.871 INFO [main] org.apache.catalina.startup.HostConfig.deployWAR Deployment of web application archive [/opt/lms/tomcat/webapps/ROOT.war] has finished in [592] ms
21-Jan-2026 09:26:36.872 INFO [main] org.apache.catalina.startup.HostConfig.deployDirectory Deploying web application directory [/opt/lms/tomcat/webapps/manager]
21-Jan-2026 09:26:36.930 INFO [main] org.apache.catalina.startup.HostConfig.deployDirectory Deployment of web application directory [/opt/lms/tomcat/webapps/manager] has finished in [58] ms
21-Jan-2026 09:26:36.931 INFO [main] org.apache.catalina.startup.HostConfig.deployDirectory Deploying web application directory [/opt/lms/tomcat/webapps/examples]
21-Jan-2026 09:26:37.309 INFO [main] org.apache.catalina.startup.HostConfig.deployDirectory Deployment of web application directory [/opt/lms/tomcat/webapps/examples] has finished in [377] ms
21-Jan-2026 09:26:37.309 INFO [main] org.apache.catalina.startup.HostConfig.deployDirectory Deploying web application directory [/opt/lms/tomcat/webapps/host-manager]
21-Jan-2026 09:26:37.347 INFO [main] org.apache.catalina.startup.HostConfig.deployDirectory Deployment of web application directory [/opt/lms/tomcat/webapps/host-manager] has finished in [38] ms
21-Jan-2026 09:26:37.348 INFO [main] org.apache.catalina.startup.HostConfig.deployDirectory Deploying web application directory [/opt/lms/tomcat/webapps/docs]
21-Jan-2026 09:26:37.377 INFO [main] org.apache.catalina.startup.HostConfig.deployDirectory Deployment of web application directory [/opt/lms/tomcat/webapps/docs] has finished in [28] ms
21-Jan-2026 09:26:37.392 INFO [main] org.apache.coyote.AbstractProtocol.start Starting ProtocolHandler ["http-nio-8001"]
21-Jan-2026 09:26:37.416 INFO [main] org.apache.catalina.startup.Catalina.start Server startup in [1288] milliseconds
NOTE: Picked up JDK_JAVA_OPTIONS:  --add-opens=java.base/java.lang=ALL-UNNAMED --add-opens=java.base/java.io=ALL-UNNAMED --add-opens=java.base/java.util=ALL-UNNAMED --add-opens=java.base/java.util.concurrent=ALL-UNNAMED --add-opens=java.rmi/sun.rmi.transport=ALL-UNNAMED
21-Jan-2026 10:08:20.885 INFO [main] org.apache.catalina.core.StandardServer.await A valid shutdown command was received via the shutdown port. Stopping the Server instance.
21-Jan-2026 10:08:21.042 INFO [main] org.apache.coyote.AbstractProtocol.pause Pausing ProtocolHandler ["http-nio-8001"]
21-Jan-2026 10:08:21.080 INFO [main] org.apache.catalina.startup.VersionLoggerListener.log Server version name:   Apache Tomcat/9.0.96
21-Jan-2026 10:08:21.093 INFO [main] org.apache.catalina.startup.VersionLoggerListener.log Server built:          Oct 3 2024 19:44:30 UTC
21-Jan-2026 10:08:21.094 INFO [main] org.apache.catalina.startup.VersionLoggerListener.log Server version number: 9.0.96.0
21-Jan-2026 10:08:21.094 INFO [main] org.apache.catalina.startup.VersionLoggerListener.log OS Name:               Linux
21-Jan-2026 10:08:21.095 INFO [main] org.apache.catalina.startup.VersionLoggerListener.log OS Version:            6.8.0-1044-aws
21-Jan-2026 10:08:21.095 INFO [main] org.apache.catalina.startup.VersionLoggerListener.log Architecture:          amd64
21-Jan-2026 10:08:21.095 INFO [main] org.apache.catalina.startup.VersionLoggerListener.log Java Home:             /usr/lib/jvm/java-17-openjdk-amd64
21-Jan-2026 10:08:21.095 INFO [main] org.apache.catalina.startup.VersionLoggerListener.log JVM Version:           17.0.17+10-Ubuntu-122.04
21-Jan-2026 10:08:21.096 INFO [main] org.apache.catalina.startup.VersionLoggerListener.log JVM Vendor:            Ubuntu
21-Jan-2026 10:08:21.096 INFO [main] org.apache.catalina.startup.VersionLoggerListener.log CATALINA_BASE:         /opt/lms/tomcat
21-Jan-2026 10:08:21.097 INFO [main] org.apache.catalina.startup.VersionLoggerListener.log CATALINA_HOME:         /opt/lms/tomcat
21-Jan-2026 10:08:21.109 INFO [main] org.apache.catalina.startup.VersionLoggerListener.log Command line argument: --add-opens=java.base/java.lang=ALL-UNNAMED
21-Jan-2026 10:08:21.109 INFO [main] org.apache.catalina.startup.VersionLoggerListener.log Command line argument: --add-opens=java.base/java.io=ALL-UNNAMED
21-Jan-2026 10:08:21.109 INFO [main] org.apache.catalina.startup.VersionLoggerListener.log Command line argument: --add-opens=java.base/java.util=ALL-UNNAMED
21-Jan-2026 10:08:21.109 INFO [main] org.apache.catalina.startup.VersionLoggerListener.log Command line argument: --add-opens=java.base/java.util.concurrent=ALL-UNNAMED
21-Jan-2026 10:08:21.109 INFO [main] org.apache.catalina.startup.VersionLoggerListener.log Command line argument: --add-opens=java.rmi/sun.rmi.transport=ALL-UNNAMED
21-Jan-2026 10:08:21.109 INFO [main] org.apache.catalina.startup.VersionLoggerListener.log Command line argument: -Djava.util.logging.config.file=/opt/lms/tomcat/conf/logging.properties
21-Jan-2026 10:08:21.110 INFO [main] org.apache.catalina.startup.VersionLoggerListener.log Command line argument: -Djava.util.logging.manager=org.apache.juli.ClassLoaderLogManager
21-Jan-2026 10:08:21.110 INFO [main] org.apache.catalina.startup.VersionLoggerListener.log Command line argument: -Djdk.tls.ephemeralDHKeySize=2048
21-Jan-2026 10:08:21.110 INFO [main] org.apache.catalina.startup.VersionLoggerListener.log Command line argument: -Djava.protocol.handler.pkgs=org.apache.catalina.webresources
21-Jan-2026 10:08:21.110 INFO [main] org.apache.catalina.startup.VersionLoggerListener.log Command line argument: -Dorg.apache.catalina.security.SecurityListener.UMASK=0027
21-Jan-2026 10:08:21.111 INFO [main] org.apache.catalina.startup.VersionLoggerListener.log Command line argument: -Dignore.endorsed.dirs=
21-Jan-2026 10:08:21.111 INFO [main] org.apache.catalina.startup.VersionLoggerListener.log Command line argument: -Dcatalina.base=/opt/lms/tomcat
21-Jan-2026 10:08:21.112 INFO [main] org.apache.catalina.startup.VersionLoggerListener.log Command line argument: -Dcatalina.home=/opt/lms/tomcat
21-Jan-2026 10:08:21.112 INFO [main] org.apache.catalina.startup.VersionLoggerListener.log Command line argument: -Djava.io.tmpdir=/opt/lms/tomcat/temp
21-Jan-2026 10:08:21.135 INFO [main] org.apache.catalina.core.AprLifecycleListener.lifecycleEvent An older version [1.2.31] of the Apache Tomcat Native library is installed, while Tomcat recommends a minimum version of [1.3.0]
21-Jan-2026 10:08:21.136 INFO [main] org.apache.catalina.core.AprLifecycleListener.lifecycleEvent Loaded Apache Tomcat Native library [1.2.31] using APR version [1.7.0].
21-Jan-2026 10:08:21.136 INFO [main] org.apache.catalina.core.AprLifecycleListener.lifecycleEvent APR capabilities: IPv6 [true], sendfile [true], accept filters [false], random [true], UDS [true].
21-Jan-2026 10:08:21.136 INFO [main] org.apache.catalina.core.AprLifecycleListener.lifecycleEvent APR/OpenSSL configuration: useAprConnector [false], useOpenSSL [true]
21-Jan-2026 10:08:21.161 INFO [main] org.apache.catalina.core.AprLifecycleListener.initializeSSL OpenSSL successfully initialized [OpenSSL 3.0.2 15 Mar 2022]
21-Jan-2026 10:08:21.366 INFO [main] org.apache.catalina.core.StandardService.stopInternal Stopping service [Catalina]
21-Jan-2026 10:08:21.811 INFO [main] org.apache.coyote.AbstractProtocol.init Initializing ProtocolHandler ["http-nio-8001"]
21-Jan-2026 10:08:21.851 SEVERE [main] org.apache.catalina.util.LifecycleBase.handleSubClassException Failed to initialize component [Connector["http-nio-8001"]]
	org.apache.catalina.LifecycleException: Protocol handler initialization failed
		at org.apache.catalina.connector.Connector.initInternal(Connector.java:1027)
		at org.apache.catalina.util.LifecycleBase.init(LifecycleBase.java:122)
		at org.apache.catalina.core.StandardService.initInternal(StandardService.java:525)
		at org.apache.catalina.util.LifecycleBase.init(LifecycleBase.java:122)
		at org.apache.catalina.core.StandardServer.initInternal(StandardServer.java:986)
		at org.apache.catalina.util.LifecycleBase.init(LifecycleBase.java:122)
		at org.apache.catalina.startup.Catalina.load(Catalina.java:686)
		at org.apache.catalina.startup.Catalina.load(Catalina.java:709)
		at java.base/jdk.internal.reflect.NativeMethodAccessorImpl.invoke0(Native Method)
		at java.base/jdk.internal.reflect.NativeMethodAccessorImpl.invoke(NativeMethodAccessorImpl.java:77)
		at java.base/jdk.internal.reflect.DelegatingMethodAccessorImpl.invoke(DelegatingMethodAccessorImpl.java:43)
		at java.base/java.lang.reflect.Method.invoke(Method.java:569)
		at org.apache.catalina.startup.Bootstrap.load(Bootstrap.java:302)
		at org.apache.catalina.startup.Bootstrap.main(Bootstrap.java:472)
	Caused by: java.net.BindException: Address already in use
		at java.base/sun.nio.ch.Net.bind0(Native Method)
		at java.base/sun.nio.ch.Net.bind(Net.java:555)
		at java.base/sun.nio.ch.ServerSocketChannelImpl.netBind(ServerSocketChannelImpl.java:337)
		at java.base/sun.nio.ch.ServerSocketChannelImpl.bind(ServerSocketChannelImpl.java:294)
		at org.apache.tomcat.util.net.NioEndpoint.initServerSocket(NioEndpoint.java:268)
		at org.apache.tomcat.util.net.NioEndpoint.bind(NioEndpoint.java:223)
		at org.apache.tomcat.util.net.AbstractEndpoint.bindWithCleanup(AbstractEndpoint.java:1373)
		at org.apache.tomcat.util.net.AbstractEndpoint.init(AbstractEndpoint.java:1386)
		at org.apache.coyote.AbstractProtocol.init(AbstractProtocol.java:663)
		at org.apache.coyote.http11.AbstractHttp11Protocol.init(AbstractHttp11Protocol.java:77)
		at org.apache.catalina.connector.Connector.initInternal(Connector.java:1025)
		... 13 more
21-Jan-2026 10:08:21.854 INFO [main] org.apache.catalina.startup.Catalina.load Server initialization in [1092] milliseconds
21-Jan-2026 10:08:21.948 INFO [main] org.apache.catalina.core.StandardService.startInternal Starting service [Catalina]
21-Jan-2026 10:08:21.949 INFO [main] org.apache.catalina.core.StandardEngine.startInternal Starting Servlet engine: [Apache Tomcat/9.0.96]
21-Jan-2026 10:08:21.975 INFO [main] org.apache.catalina.startup.HostConfig.deployWAR Deploying web application archive [/opt/lms/tomcat/webapps/ROOT.war]
21-Jan-2026 10:08:22.291 INFO [main] org.apache.coyote.AbstractProtocol.stop Stopping ProtocolHandler ["http-nio-8001"]
21-Jan-2026 10:08:22.364 INFO [main] org.apache.coyote.AbstractProtocol.destroy Destroying ProtocolHandler ["http-nio-8001"]
21-Jan-2026 10:08:22.549 INFO [main] org.apache.catalina.startup.HostConfig.deployWAR Deployment of web application archive [/opt/lms/tomcat/webapps/ROOT.war] has finished in [572] ms
21-Jan-2026 10:08:22.551 INFO [main] org.apache.catalina.startup.HostConfig.deployDirectory Deploying web application directory [/opt/lms/tomcat/webapps/manager]
21-Jan-2026 10:08:22.642 INFO [main] org.apache.catalina.startup.HostConfig.deployDirectory Deployment of web application directory [/opt/lms/tomcat/webapps/manager] has finished in [90] ms
21-Jan-2026 10:08:22.642 INFO [main] org.apache.catalina.startup.HostConfig.deployDirectory Deploying web application directory [/opt/lms/tomcat/webapps/examples]
21-Jan-2026 10:08:23.166 INFO [main] org.apache.catalina.startup.HostConfig.deployDirectory Deployment of web application directory [/opt/lms/tomcat/webapps/examples] has finished in [524] ms
21-Jan-2026 10:08:23.167 INFO [main] org.apache.catalina.startup.HostConfig.deployDirectory Deploying web application directory [/opt/lms/tomcat/webapps/host-manager]
21-Jan-2026 10:08:23.218 INFO [main] org.apache.catalina.startup.HostConfig.deployDirectory Deployment of web application directory [/opt/lms/tomcat/webapps/host-manager] has finished in [50] ms
21-Jan-2026 10:08:23.218 INFO [main] org.apache.catalina.startup.HostConfig.deployDirectory Deploying web application directory [/opt/lms/tomcat/webapps/docs]
21-Jan-2026 10:08:23.280 INFO [main] org.apache.catalina.startup.HostConfig.deployDirectory Deployment of web application directory [/opt/lms/tomcat/webapps/docs] has finished in [62] ms
21-Jan-2026 10:08:23.290 INFO [main] org.apache.catalina.startup.Catalina.start Server startup in [1436] milliseconds
21-Jan-2026 10:08:23.810 INFO [main] org.apache.catalina.core.StandardServer.await A valid shutdown command was received via the shutdown port. Stopping the Server instance.
21-Jan-2026 10:08:23.811 INFO [main] org.apache.coyote.AbstractProtocol.pause Pausing ProtocolHandler ["http-nio-8001"]
21-Jan-2026 10:08:23.811 INFO [main] org.apache.catalina.core.StandardService.stopInternal Stopping service [Catalina]
21-Jan-2026 10:08:23.859 INFO [main] org.apache.coyote.AbstractProtocol.stop Stopping ProtocolHandler ["http-nio-8001"]
21-Jan-2026 10:08:23.861 INFO [main] org.apache.coyote.AbstractProtocol.destroy Destroying ProtocolHandler ["http-nio-8001"]
NOTE: Picked up JDK_JAVA_OPTIONS:  --add-opens=java.base/java.lang=ALL-UNNAMED --add-opens=java.base/java.io=ALL-UNNAMED --add-opens=java.base/java.util=ALL-UNNAMED --add-opens=java.base/java.util.concurrent=ALL-UNNAMED --add-opens=java.rmi/sun.rmi.transport=ALL-UNNAMED
21-Jan-2026 10:08:34.691 INFO [main] org.apache.catalina.startup.VersionLoggerListener.log Server version name:   Apache Tomcat/9.0.96
21-Jan-2026 10:08:34.696 INFO [main] org.apache.catalina.startup.VersionLoggerListener.log Server built:          Oct 3 2024 19:44:30 UTC
21-Jan-2026 10:08:34.696 INFO [main] org.apache.catalina.startup.VersionLoggerListener.log Server version number: 9.0.96.0
21-Jan-2026 10:08:34.696 INFO [main] org.apache.catalina.startup.VersionLoggerListener.log OS Name:               Linux
21-Jan-2026 10:08:34.696 INFO [main] org.apache.catalina.startup.VersionLoggerListener.log OS Version:            6.8.0-1044-aws
21-Jan-2026 10:08:34.697 INFO [main] org.apache.catalina.startup.VersionLoggerListener.log Architecture:          amd64
21-Jan-2026 10:08:34.697 INFO [main] org.apache.catalina.startup.VersionLoggerListener.log Java Home:             /usr/lib/jvm/java-11-openjdk-amd64
21-Jan-2026 10:08:34.697 INFO [main] org.apache.catalina.startup.VersionLoggerListener.log JVM Version:           11.0.29+7-post-Ubuntu-1ubuntu122.04
21-Jan-2026 10:08:34.697 INFO [main] org.apache.catalina.startup.VersionLoggerListener.log JVM Vendor:            Ubuntu
21-Jan-2026 10:08:34.697 INFO [main] org.apache.catalina.startup.VersionLoggerListener.log CATALINA_BASE:         /opt/lms/tomcat
21-Jan-2026 10:08:34.697 INFO [main] org.apache.catalina.startup.VersionLoggerListener.log CATALINA_HOME:         /opt/lms/tomcat
21-Jan-2026 10:08:34.738 INFO [main] org.apache.catalina.startup.VersionLoggerListener.log Command line argument: --add-opens=java.base/java.lang=ALL-UNNAMED
21-Jan-2026 10:08:34.738 INFO [main] org.apache.catalina.startup.VersionLoggerListener.log Command line argument: --add-opens=java.base/java.io=ALL-UNNAMED
21-Jan-2026 10:08:34.738 INFO [main] org.apache.catalina.startup.VersionLoggerListener.log Command line argument: --add-opens=java.base/java.util=ALL-UNNAMED
21-Jan-2026 10:08:34.739 INFO [main] org.apache.catalina.startup.VersionLoggerListener.log Command line argument: --add-opens=java.base/java.util.concurrent=ALL-UNNAMED
21-Jan-2026 10:08:34.739 INFO [main] org.apache.catalina.startup.VersionLoggerListener.log Command line argument: --add-opens=java.rmi/sun.rmi.transport=ALL-UNNAMED
21-Jan-2026 10:08:34.739 INFO [main] org.apache.catalina.startup.VersionLoggerListener.log Command line argument: -Djava.util.logging.config.file=/opt/lms/tomcat/conf/logging.properties
21-Jan-2026 10:08:34.739 INFO [main] org.apache.catalina.startup.VersionLoggerListener.log Command line argument: -Djava.util.logging.manager=org.apache.juli.ClassLoaderLogManager
21-Jan-2026 10:08:34.739 INFO [main] org.apache.catalina.startup.VersionLoggerListener.log Command line argument: -Djdk.tls.ephemeralDHKeySize=2048
21-Jan-2026 10:08:34.739 INFO [main] org.apache.catalina.startup.VersionLoggerListener.log Command line argument: -Djava.protocol.handler.pkgs=org.apache.catalina.webresources
21-Jan-2026 10:08:34.739 INFO [main] org.apache.catalina.startup.VersionLoggerListener.log Command line argument: -Dorg.apache.catalina.security.SecurityListener.UMASK=0027
21-Jan-2026 10:08:34.740 INFO [main] org.apache.catalina.startup.VersionLoggerListener.log Command line argument: -Dignore.endorsed.dirs=
21-Jan-2026 10:08:34.740 INFO [main] org.apache.catalina.startup.VersionLoggerListener.log Command line argument: -Dcatalina.base=/opt/lms/tomcat
21-Jan-2026 10:08:34.740 INFO [main] org.apache.catalina.startup.VersionLoggerListener.log Command line argument: -Dcatalina.home=/opt/lms/tomcat
21-Jan-2026 10:08:34.740 INFO [main] org.apache.catalina.startup.VersionLoggerListener.log Command line argument: -Djava.io.tmpdir=/opt/lms/tomcat/temp
21-Jan-2026 10:08:34.748 INFO [main] org.apache.catalina.core.AprLifecycleListener.lifecycleEvent An older version [1.2.31] of the Apache Tomcat Native library is installed, while Tomcat recommends a minimum version of [1.3.0]
21-Jan-2026 10:08:34.749 INFO [main] org.apache.catalina.core.AprLifecycleListener.lifecycleEvent Loaded Apache Tomcat Native library [1.2.31] using APR version [1.7.0].
21-Jan-2026 10:08:34.749 INFO [main] org.apache.catalina.core.AprLifecycleListener.lifecycleEvent APR capabilities: IPv6 [true], sendfile [true], accept filters [false], random [true], UDS [true].
21-Jan-2026 10:08:34.749 INFO [main] org.apache.catalina.core.AprLifecycleListener.lifecycleEvent APR/OpenSSL configuration: useAprConnector [false], useOpenSSL [true]
21-Jan-2026 10:08:34.755 INFO [main] org.apache.catalina.core.AprLifecycleListener.initializeSSL OpenSSL successfully initialized [OpenSSL 3.0.2 15 Mar 2022]
21-Jan-2026 10:08:35.432 INFO [main] org.apache.coyote.AbstractProtocol.init Initializing ProtocolHandler ["http-nio-8001"]
21-Jan-2026 10:08:35.504 INFO [main] org.apache.catalina.startup.Catalina.load Server initialization in [1208] milliseconds
21-Jan-2026 10:08:35.644 INFO [main] org.apache.catalina.core.StandardService.startInternal Starting service [Catalina]
21-Jan-2026 10:08:35.645 INFO [main] org.apache.catalina.core.StandardEngine.startInternal Starting Servlet engine: [Apache Tomcat/9.0.96]
21-Jan-2026 10:08:35.660 INFO [main] org.apache.catalina.startup.HostConfig.deployWAR Deploying web application archive [/opt/lms/tomcat/webapps/ROOT.war]
21-Jan-2026 10:08:36.223 INFO [main] org.apache.catalina.startup.HostConfig.deployWAR Deployment of web application archive [/opt/lms/tomcat/webapps/ROOT.war] has finished in [563] ms
21-Jan-2026 10:08:36.225 INFO [main] org.apache.catalina.startup.HostConfig.deployDirectory Deploying web application directory [/opt/lms/tomcat/webapps/manager]
21-Jan-2026 10:08:36.292 INFO [main] org.apache.catalina.startup.HostConfig.deployDirectory Deployment of web application directory [/opt/lms/tomcat/webapps/manager] has finished in [68] ms
21-Jan-2026 10:08:36.293 INFO [main] org.apache.catalina.startup.HostConfig.deployDirectory Deploying web application directory [/opt/lms/tomcat/webapps/examples]
21-Jan-2026 10:08:36.718 INFO [main] org.apache.catalina.startup.HostConfig.deployDirectory Deployment of web application directory [/opt/lms/tomcat/webapps/examples] has finished in [425] ms
21-Jan-2026 10:08:36.718 INFO [main] org.apache.catalina.startup.HostConfig.deployDirectory Deploying web application directory [/opt/lms/tomcat/webapps/host-manager]
21-Jan-2026 10:08:36.766 INFO [main] org.apache.catalina.startup.HostConfig.deployDirectory Deployment of web application directory [/opt/lms/tomcat/webapps/host-manager] has finished in [47] ms
21-Jan-2026 10:08:36.766 INFO [main] org.apache.catalina.startup.HostConfig.deployDirectory Deploying web application directory [/opt/lms/tomcat/webapps/docs]
21-Jan-2026 10:08:36.788 INFO [main] org.apache.catalina.startup.HostConfig.deployDirectory Deployment of web application directory [/opt/lms/tomcat/webapps/docs] has finished in [22] ms
21-Jan-2026 10:08:36.797 INFO [main] org.apache.coyote.AbstractProtocol.start Starting ProtocolHandler ["http-nio-8001"]
21-Jan-2026 10:08:36.819 INFO [main] org.apache.catalina.startup.Catalina.start Server startup in [1314] milliseconds
21-Jan-2026 10:11:43.677 INFO [main] org.apache.catalina.core.StandardServer.await A valid shutdown command was received via the shutdown port. Stopping the Server instance.
21-Jan-2026 10:11:43.680 INFO [main] org.apache.coyote.AbstractProtocol.pause Pausing ProtocolHandler ["http-nio-8001"]
21-Jan-2026 10:11:43.688 INFO [main] org.apache.catalina.core.StandardService.stopInternal Stopping service [Catalina]
NOTE: Picked up JDK_JAVA_OPTIONS:  --add-opens=java.base/java.lang=ALL-UNNAMED --add-opens=java.base/java.io=ALL-UNNAMED --add-opens=java.base/java.util=ALL-UNNAMED --add-opens=java.base/java.util.concurrent=ALL-UNNAMED --add-opens=java.rmi/sun.rmi.transport=ALL-UNNAMED
21-Jan-2026 10:11:43.750 INFO [main] org.apache.coyote.AbstractProtocol.stop Stopping ProtocolHandler ["http-nio-8001"]
21-Jan-2026 10:11:43.766 INFO [main] org.apache.coyote.AbstractProtocol.destroy Destroying ProtocolHandler ["http-nio-8001"]
21-Jan-2026 10:11:44.839 INFO [main] org.apache.catalina.startup.VersionLoggerListener.log Server version name:   Apache Tomcat/9.0.96
21-Jan-2026 10:11:44.852 INFO [main] org.apache.catalina.startup.VersionLoggerListener.log Server built:          Oct 3 2024 19:44:30 UTC
21-Jan-2026 10:11:44.853 INFO [main] org.apache.catalina.startup.VersionLoggerListener.log Server version number: 9.0.96.0
21-Jan-2026 10:11:44.853 INFO [main] org.apache.catalina.startup.VersionLoggerListener.log OS Name:               Linux
21-Jan-2026 10:11:44.853 INFO [main] org.apache.catalina.startup.VersionLoggerListener.log OS Version:            6.8.0-1044-aws
21-Jan-2026 10:11:44.853 INFO [main] org.apache.catalina.startup.VersionLoggerListener.log Architecture:          amd64
21-Jan-2026 10:11:44.853 INFO [main] org.apache.catalina.startup.VersionLoggerListener.log Java Home:             /usr/lib/jvm/java-17-openjdk-amd64
21-Jan-2026 10:11:44.853 INFO [main] org.apache.catalina.startup.VersionLoggerListener.log JVM Version:           17.0.17+10-Ubuntu-122.04
21-Jan-2026 10:11:44.854 INFO [main] org.apache.catalina.startup.VersionLoggerListener.log JVM Vendor:            Ubuntu
21-Jan-2026 10:11:44.855 INFO [main] org.apache.catalina.startup.VersionLoggerListener.log CATALINA_BASE:         /opt/lms/tomcat
21-Jan-2026 10:11:44.855 INFO [main] org.apache.catalina.startup.VersionLoggerListener.log CATALINA_HOME:         /opt/lms/tomcat
21-Jan-2026 10:11:44.869 INFO [main] org.apache.catalina.startup.VersionLoggerListener.log Command line argument: --add-opens=java.base/java.lang=ALL-UNNAMED
21-Jan-2026 10:11:44.869 INFO [main] org.apache.catalina.startup.VersionLoggerListener.log Command line argument: --add-opens=java.base/java.io=ALL-UNNAMED
21-Jan-2026 10:11:44.869 INFO [main] org.apache.catalina.startup.VersionLoggerListener.log Command line argument: --add-opens=java.base/java.util=ALL-UNNAMED
21-Jan-2026 10:11:44.869 INFO [main] org.apache.catalina.startup.VersionLoggerListener.log Command line argument: --add-opens=java.base/java.util.concurrent=ALL-UNNAMED
21-Jan-2026 10:11:44.869 INFO [main] org.apache.catalina.startup.VersionLoggerListener.log Command line argument: --add-opens=java.rmi/sun.rmi.transport=ALL-UNNAMED
21-Jan-2026 10:11:44.869 INFO [main] org.apache.catalina.startup.VersionLoggerListener.log Command line argument: -Djava.util.logging.config.file=/opt/lms/tomcat/conf/logging.properties
21-Jan-2026 10:11:44.870 INFO [main] org.apache.catalina.startup.VersionLoggerListener.log Command line argument: -Djava.util.logging.manager=org.apache.juli.ClassLoaderLogManager
21-Jan-2026 10:11:44.870 INFO [main] org.apache.catalina.startup.VersionLoggerListener.log Command line argument: -Djdk.tls.ephemeralDHKeySize=2048
21-Jan-2026 10:11:44.870 INFO [main] org.apache.catalina.startup.VersionLoggerListener.log Command line argument: -Djava.protocol.handler.pkgs=org.apache.catalina.webresources
21-Jan-2026 10:11:44.870 INFO [main] org.apache.catalina.startup.VersionLoggerListener.log Command line argument: -Dorg.apache.catalina.security.SecurityListener.UMASK=0027
21-Jan-2026 10:11:44.870 INFO [main] org.apache.catalina.startup.VersionLoggerListener.log Command line argument: -Dignore.endorsed.dirs=
21-Jan-2026 10:11:44.870 INFO [main] org.apache.catalina.startup.VersionLoggerListener.log Command line argument: -Dcatalina.base=/opt/lms/tomcat
21-Jan-2026 10:11:44.870 INFO [main] org.apache.catalina.startup.VersionLoggerListener.log Command line argument: -Dcatalina.home=/opt/lms/tomcat
21-Jan-2026 10:11:44.870 INFO [main] org.apache.catalina.startup.VersionLoggerListener.log Command line argument: -Djava.io.tmpdir=/opt/lms/tomcat/temp
21-Jan-2026 10:11:44.875 INFO [main] org.apache.catalina.core.AprLifecycleListener.lifecycleEvent An older version [1.2.31] of the Apache Tomcat Native library is installed, while Tomcat recommends a minimum version of [1.3.0]
21-Jan-2026 10:11:44.875 INFO [main] org.apache.catalina.core.AprLifecycleListener.lifecycleEvent Loaded Apache Tomcat Native library [1.2.31] using APR version [1.7.0].
21-Jan-2026 10:11:44.875 INFO [main] org.apache.catalina.core.AprLifecycleListener.lifecycleEvent APR capabilities: IPv6 [true], sendfile [true], accept filters [false], random [true], UDS [true].
21-Jan-2026 10:11:44.875 INFO [main] org.apache.catalina.core.AprLifecycleListener.lifecycleEvent APR/OpenSSL configuration: useAprConnector [false], useOpenSSL [true]
21-Jan-2026 10:11:44.880 INFO [main] org.apache.catalina.core.AprLifecycleListener.initializeSSL OpenSSL successfully initialized [OpenSSL 3.0.2 15 Mar 2022]
21-Jan-2026 10:11:45.419 INFO [main] org.apache.coyote.AbstractProtocol.init Initializing ProtocolHandler ["http-nio-8001"]
21-Jan-2026 10:11:45.469 INFO [main] org.apache.catalina.startup.Catalina.load Server initialization in [1270] milliseconds
21-Jan-2026 10:11:45.545 INFO [main] org.apache.catalina.core.StandardService.startInternal Starting service [Catalina]
21-Jan-2026 10:11:45.548 INFO [main] org.apache.catalina.core.StandardEngine.startInternal Starting Servlet engine: [Apache Tomcat/9.0.96]
21-Jan-2026 10:11:45.569 INFO [main] org.apache.catalina.startup.HostConfig.deployWAR Deploying web application archive [/opt/lms/tomcat/webapps/ROOT.war]
21-Jan-2026 10:11:46.037 INFO [main] org.apache.catalina.startup.HostConfig.deployWAR Deployment of web application archive [/opt/lms/tomcat/webapps/ROOT.war] has finished in [468] ms
21-Jan-2026 10:11:46.038 INFO [main] org.apache.catalina.startup.HostConfig.deployDirectory Deploying web application directory [/opt/lms/tomcat/webapps/manager]
21-Jan-2026 10:11:46.106 INFO [main] org.apache.catalina.startup.HostConfig.deployDirectory Deployment of web application directory [/opt/lms/tomcat/webapps/manager] has finished in [67] ms
21-Jan-2026 10:11:46.106 INFO [main] org.apache.catalina.startup.HostConfig.deployDirectory Deploying web application directory [/opt/lms/tomcat/webapps/examples]
21-Jan-2026 10:11:46.444 INFO [main] org.apache.catalina.startup.HostConfig.deployDirectory Deployment of web application directory [/opt/lms/tomcat/webapps/examples] has finished in [338] ms
21-Jan-2026 10:11:46.445 INFO [main] org.apache.catalina.startup.HostConfig.deployDirectory Deploying web application directory [/opt/lms/tomcat/webapps/host-manager]
21-Jan-2026 10:11:46.474 INFO [main] org.apache.catalina.startup.HostConfig.deployDirectory Deployment of web application directory [/opt/lms/tomcat/webapps/host-manager] has finished in [28] ms
21-Jan-2026 10:11:46.475 INFO [main] org.apache.catalina.startup.HostConfig.deployDirectory Deploying web application directory [/opt/lms/tomcat/webapps/docs]
21-Jan-2026 10:11:46.515 INFO [main] org.apache.catalina.startup.HostConfig.deployDirectory Deployment of web application directory [/opt/lms/tomcat/webapps/docs] has finished in [40] ms
21-Jan-2026 10:11:46.522 INFO [main] org.apache.coyote.AbstractProtocol.start Starting ProtocolHandler ["http-nio-8001"]
21-Jan-2026 10:11:46.538 INFO [main] org.apache.catalina.startup.Catalina.start Server startup in [1065] milliseconds
NOTE: Picked up JDK_JAVA_OPTIONS:  --add-opens=java.base/java.lang=ALL-UNNAMED --add-opens=java.base/java.io=ALL-UNNAMED --add-opens=java.base/java.util=ALL-UNNAMED --add-opens=java.base/java.util.concurrent=ALL-UNNAMED --add-opens=java.rmi/sun.rmi.transport=ALL-UNNAMED
21-Jan-2026 10:11:55.641 INFO [main] org.apache.catalina.startup.VersionLoggerListener.log Server version name:   Apache Tomcat/9.0.96
21-Jan-2026 10:11:55.645 INFO [main] org.apache.catalina.startup.VersionLoggerListener.log Server built:          Oct 3 2024 19:44:30 UTC
21-Jan-2026 10:11:55.645 INFO [main] org.apache.catalina.startup.VersionLoggerListener.log Server version number: 9.0.96.0
21-Jan-2026 10:11:55.646 INFO [main] org.apache.catalina.startup.VersionLoggerListener.log OS Name:               Linux
21-Jan-2026 10:11:55.646 INFO [main] org.apache.catalina.startup.VersionLoggerListener.log OS Version:            6.8.0-1044-aws
21-Jan-2026 10:11:55.646 INFO [main] org.apache.catalina.startup.VersionLoggerListener.log Architecture:          amd64
21-Jan-2026 10:11:55.646 INFO [main] org.apache.catalina.startup.VersionLoggerListener.log Java Home:             /usr/lib/jvm/java-11-openjdk-amd64
21-Jan-2026 10:11:55.646 INFO [main] org.apache.catalina.startup.VersionLoggerListener.log JVM Version:           11.0.29+7-post-Ubuntu-1ubuntu122.04
21-Jan-2026 10:11:55.646 INFO [main] org.apache.catalina.startup.VersionLoggerListener.log JVM Vendor:            Ubuntu
21-Jan-2026 10:11:55.647 INFO [main] org.apache.catalina.startup.VersionLoggerListener.log CATALINA_BASE:         /opt/lms/tomcat
21-Jan-2026 10:11:55.647 INFO [main] org.apache.catalina.startup.VersionLoggerListener.log CATALINA_HOME:         /opt/lms/tomcat
21-Jan-2026 10:11:55.663 INFO [main] org.apache.catalina.startup.VersionLoggerListener.log Command line argument: --add-opens=java.base/java.lang=ALL-UNNAMED
21-Jan-2026 10:11:55.664 INFO [main] org.apache.catalina.startup.VersionLoggerListener.log Command line argument: --add-opens=java.base/java.io=ALL-UNNAMED
21-Jan-2026 10:11:55.664 INFO [main] org.apache.catalina.startup.VersionLoggerListener.log Command line argument: --add-opens=java.base/java.util=ALL-UNNAMED
21-Jan-2026 10:11:55.664 INFO [main] org.apache.catalina.startup.VersionLoggerListener.log Command line argument: --add-opens=java.base/java.util.concurrent=ALL-UNNAMED
21-Jan-2026 10:11:55.665 INFO [main] org.apache.catalina.startup.VersionLoggerListener.log Command line argument: --add-opens=java.rmi/sun.rmi.transport=ALL-UNNAMED
21-Jan-2026 10:11:55.665 INFO [main] org.apache.catalina.startup.VersionLoggerListener.log Command line argument: -Djava.util.logging.config.file=/opt/lms/tomcat/conf/logging.properties
21-Jan-2026 10:11:55.666 INFO [main] org.apache.catalina.startup.VersionLoggerListener.log Command line argument: -Djava.util.logging.manager=org.apache.juli.ClassLoaderLogManager
21-Jan-2026 10:11:55.666 INFO [main] org.apache.catalina.startup.VersionLoggerListener.log Command line argument: -Djdk.tls.ephemeralDHKeySize=2048
21-Jan-2026 10:11:55.670 INFO [main] org.apache.catalina.startup.VersionLoggerListener.log Command line argument: -Djava.protocol.handler.pkgs=org.apache.catalina.webresources
21-Jan-2026 10:11:55.671 INFO [main] org.apache.catalina.startup.VersionLoggerListener.log Command line argument: -Dorg.apache.catalina.security.SecurityListener.UMASK=0027
21-Jan-2026 10:11:55.671 INFO [main] org.apache.catalina.startup.VersionLoggerListener.log Command line argument: -Dignore.endorsed.dirs=
21-Jan-2026 10:11:55.671 INFO [main] org.apache.catalina.startup.VersionLoggerListener.log Command line argument: -Dcatalina.base=/opt/lms/tomcat
21-Jan-2026 10:11:55.671 INFO [main] org.apache.catalina.startup.VersionLoggerListener.log Command line argument: -Dcatalina.home=/opt/lms/tomcat
21-Jan-2026 10:11:55.671 INFO [main] org.apache.catalina.startup.VersionLoggerListener.log Command line argument: -Djava.io.tmpdir=/opt/lms/tomcat/temp
21-Jan-2026 10:11:55.679 INFO [main] org.apache.catalina.core.AprLifecycleListener.lifecycleEvent An older version [1.2.31] of the Apache Tomcat Native library is installed, while Tomcat recommends a minimum version of [1.3.0]
21-Jan-2026 10:11:55.679 INFO [main] org.apache.catalina.core.AprLifecycleListener.lifecycleEvent Loaded Apache Tomcat Native library [1.2.31] using APR version [1.7.0].
21-Jan-2026 10:11:55.679 INFO [main] org.apache.catalina.core.AprLifecycleListener.lifecycleEvent APR capabilities: IPv6 [true], sendfile [true], accept filters [false], random [true], UDS [true].
21-Jan-2026 10:11:55.679 INFO [main] org.apache.catalina.core.AprLifecycleListener.lifecycleEvent APR/OpenSSL configuration: useAprConnector [false], useOpenSSL [true]
21-Jan-2026 10:11:55.689 INFO [main] org.apache.catalina.core.AprLifecycleListener.initializeSSL OpenSSL successfully initialized [OpenSSL 3.0.2 15 Mar 2022]
21-Jan-2026 10:11:56.290 INFO [main] org.apache.coyote.AbstractProtocol.init Initializing ProtocolHandler ["http-nio-8001"]
21-Jan-2026 10:11:56.310 SEVERE [main] org.apache.catalina.util.LifecycleBase.handleSubClassException Failed to initialize component [Connector["http-nio-8001"]]
	org.apache.catalina.LifecycleException: Protocol handler initialization failed
		at org.apache.catalina.connector.Connector.initInternal(Connector.java:1027)
		at org.apache.catalina.util.LifecycleBase.init(LifecycleBase.java:122)
		at org.apache.catalina.core.StandardService.initInternal(StandardService.java:525)
		at org.apache.catalina.util.LifecycleBase.init(LifecycleBase.java:122)
		at org.apache.catalina.core.StandardServer.initInternal(StandardServer.java:986)
		at org.apache.catalina.util.LifecycleBase.init(LifecycleBase.java:122)
		at org.apache.catalina.startup.Catalina.load(Catalina.java:686)
		at org.apache.catalina.startup.Catalina.load(Catalina.java:709)
		at java.base/jdk.internal.reflect.NativeMethodAccessorImpl.invoke0(Native Method)
		at java.base/jdk.internal.reflect.NativeMethodAccessorImpl.invoke(NativeMethodAccessorImpl.java:62)
		at java.base/jdk.internal.reflect.DelegatingMethodAccessorImpl.invoke(DelegatingMethodAccessorImpl.java:43)
		at java.base/java.lang.reflect.Method.invoke(Method.java:566)
		at org.apache.catalina.startup.Bootstrap.load(Bootstrap.java:302)
		at org.apache.catalina.startup.Bootstrap.main(Bootstrap.java:472)
	Caused by: java.net.BindException: Address already in use
		at java.base/sun.nio.ch.Net.bind0(Native Method)
		at java.base/sun.nio.ch.Net.bind(Net.java:459)
		at java.base/sun.nio.ch.Net.bind(Net.java:448)
		at java.base/sun.nio.ch.ServerSocketChannelImpl.bind(ServerSocketChannelImpl.java:227)
		at org.apache.tomcat.util.net.NioEndpoint.initServerSocket(NioEndpoint.java:268)
		at org.apache.tomcat.util.net.NioEndpoint.bind(NioEndpoint.java:223)
		at org.apache.tomcat.util.net.AbstractEndpoint.bindWithCleanup(AbstractEndpoint.java:1373)
		at org.apache.tomcat.util.net.AbstractEndpoint.init(AbstractEndpoint.java:1386)
		at org.apache.coyote.AbstractProtocol.init(AbstractProtocol.java:663)
		at org.apache.coyote.http11.AbstractHttp11Protocol.init(AbstractHttp11Protocol.java:77)
		at org.apache.catalina.connector.Connector.initInternal(Connector.java:1025)
		... 13 more
21-Jan-2026 10:11:56.312 INFO [main] org.apache.catalina.startup.Catalina.load Server initialization in [1031] milliseconds
21-Jan-2026 10:11:56.443 INFO [main] org.apache.catalina.core.StandardService.startInternal Starting service [Catalina]
21-Jan-2026 10:11:56.443 INFO [main] org.apache.catalina.core.StandardEngine.startInternal Starting Servlet engine: [Apache Tomcat/9.0.96]
21-Jan-2026 10:11:56.468 INFO [main] org.apache.catalina.startup.HostConfig.deployWAR Deploying web application archive [/opt/lms/tomcat/webapps/ROOT.war]
21-Jan-2026 10:11:56.988 INFO [main] org.apache.catalina.startup.HostConfig.deployWAR Deployment of web application archive [/opt/lms/tomcat/webapps/ROOT.war] has finished in [520] ms
21-Jan-2026 10:11:56.989 INFO [main] org.apache.catalina.startup.HostConfig.deployDirectory Deploying web application directory [/opt/lms/tomcat/webapps/manager]
21-Jan-2026 10:11:57.070 INFO [main] org.apache.catalina.startup.HostConfig.deployDirectory Deployment of web application directory [/opt/lms/tomcat/webapps/manager] has finished in [81] ms
21-Jan-2026 10:11:57.071 INFO [main] org.apache.catalina.startup.HostConfig.deployDirectory Deploying web application directory [/opt/lms/tomcat/webapps/examples]
21-Jan-2026 10:11:57.490 INFO [main] org.apache.catalina.startup.HostConfig.deployDirectory Deployment of web application directory [/opt/lms/tomcat/webapps/examples] has finished in [419] ms
21-Jan-2026 10:11:57.491 INFO [main] org.apache.catalina.startup.HostConfig.deployDirectory Deploying web application directory [/opt/lms/tomcat/webapps/host-manager]
21-Jan-2026 10:11:57.518 INFO [main] org.apache.catalina.startup.HostConfig.deployDirectory Deployment of web application directory [/opt/lms/tomcat/webapps/host-manager] has finished in [28] ms
21-Jan-2026 10:11:57.518 INFO [main] org.apache.catalina.startup.HostConfig.deployDirectory Deploying web application directory [/opt/lms/tomcat/webapps/docs]
21-Jan-2026 10:11:57.543 INFO [main] org.apache.catalina.startup.HostConfig.deployDirectory Deployment of web application directory [/opt/lms/tomcat/webapps/docs] has finished in [25] ms
21-Jan-2026 10:11:57.553 INFO [main] org.apache.catalina.startup.Catalina.start Server startup in [1241] milliseconds
21-Jan-2026 10:11:57.556 SEVERE [main] org.apache.catalina.core.StandardServer.await Failed to create server shutdown socket on address [localhost] and port [8005] (base port [8005] and offset [0])
	java.net.BindException: Address already in use (Bind failed)
		at java.base/java.net.PlainSocketImpl.socketBind(Native Method)
		at java.base/java.net.AbstractPlainSocketImpl.bind(AbstractPlainSocketImpl.java:452)
		at java.base/java.net.ServerSocket.bind(ServerSocket.java:395)
		at java.base/java.net.ServerSocket.<init>(ServerSocket.java:257)
		at org.apache.catalina.core.StandardServer.await(StandardServer.java:537)
		at org.apache.catalina.startup.Catalina.await(Catalina.java:825)
		at org.apache.catalina.startup.Catalina.start(Catalina.java:773)
		at java.base/jdk.internal.reflect.NativeMethodAccessorImpl.invoke0(Native Method)
		at java.base/jdk.internal.reflect.NativeMethodAccessorImpl.invoke(NativeMethodAccessorImpl.java:62)
		at java.base/jdk.internal.reflect.DelegatingMethodAccessorImpl.invoke(DelegatingMethodAccessorImpl.java:43)
		at java.base/java.lang.reflect.Method.invoke(Method.java:566)
		at org.apache.catalina.startup.Bootstrap.start(Bootstrap.java:345)
		at org.apache.catalina.startup.Bootstrap.main(Bootstrap.java:473)
21-Jan-2026 10:11:57.557 INFO [main] org.apache.coyote.AbstractProtocol.pause Pausing ProtocolHandler ["http-nio-8001"]
21-Jan-2026 10:11:57.557 INFO [main] org.apache.catalina.core.StandardService.stopInternal Stopping service [Catalina]
21-Jan-2026 10:11:57.598 INFO [main] org.apache.coyote.AbstractProtocol.stop Stopping ProtocolHandler ["http-nio-8001"]
21-Jan-2026 10:11:57.601 INFO [main] org.apache.coyote.AbstractProtocol.destroy Destroying ProtocolHandler ["http-nio-8001"]
21-Jan-2026 10:11:58.024 INFO [main] org.apache.catalina.core.StandardServer.await A valid shutdown command was received via the shutdown port. Stopping the Server instance.
21-Jan-2026 10:11:58.026 INFO [main] org.apache.coyote.AbstractProtocol.pause Pausing ProtocolHandler ["http-nio-8001"]
21-Jan-2026 10:11:58.033 INFO [main] org.apache.catalina.core.StandardService.stopInternal Stopping service [Catalina]
21-Jan-2026 10:11:58.083 INFO [main] org.apache.coyote.AbstractProtocol.stop Stopping ProtocolHandler ["http-nio-8001"]
21-Jan-2026 10:11:58.094 INFO [main] org.apache.coyote.AbstractProtocol.destroy Destroying ProtocolHandler ["http-nio-8001"]
NOTE: Picked up JDK_JAVA_OPTIONS:  --add-opens=java.base/java.lang=ALL-UNNAMED --add-opens=java.base/java.io=ALL-UNNAMED --add-opens=java.base/java.util=ALL-UNNAMED --add-opens=java.base/java.util.concurrent=ALL-UNNAMED --add-opens=java.rmi/sun.rmi.transport=ALL-UNNAMED
21-Jan-2026 10:12:08.902 INFO [main] org.apache.catalina.startup.VersionLoggerListener.log Server version name:   Apache Tomcat/9.0.96
21-Jan-2026 10:12:08.908 INFO [main] org.apache.catalina.startup.VersionLoggerListener.log Server built:          Oct 3 2024 19:44:30 UTC
21-Jan-2026 10:12:08.908 INFO [main] org.apache.catalina.startup.VersionLoggerListener.log Server version number: 9.0.96.0
21-Jan-2026 10:12:08.908 INFO [main] org.apache.catalina.startup.VersionLoggerListener.log OS Name:               Linux
21-Jan-2026 10:12:08.908 INFO [main] org.apache.catalina.startup.VersionLoggerListener.log OS Version:            6.8.0-1044-aws
21-Jan-2026 10:12:08.909 INFO [main] org.apache.catalina.startup.VersionLoggerListener.log Architecture:          amd64
21-Jan-2026 10:12:08.909 INFO [main] org.apache.catalina.startup.VersionLoggerListener.log Java Home:             /usr/lib/jvm/java-11-openjdk-amd64
21-Jan-2026 10:12:08.909 INFO [main] org.apache.catalina.startup.VersionLoggerListener.log JVM Version:           11.0.29+7-post-Ubuntu-1ubuntu122.04
21-Jan-2026 10:12:08.909 INFO [main] org.apache.catalina.startup.VersionLoggerListener.log JVM Vendor:            Ubuntu
21-Jan-2026 10:12:08.911 INFO [main] org.apache.catalina.startup.VersionLoggerListener.log CATALINA_BASE:         /opt/lms/tomcat
21-Jan-2026 10:12:08.911 INFO [main] org.apache.catalina.startup.VersionLoggerListener.log CATALINA_HOME:         /opt/lms/tomcat
21-Jan-2026 10:12:08.939 INFO [main] org.apache.catalina.startup.VersionLoggerListener.log Command line argument: --add-opens=java.base/java.lang=ALL-UNNAMED
21-Jan-2026 10:12:08.940 INFO [main] org.apache.catalina.startup.VersionLoggerListener.log Command line argument: --add-opens=java.base/java.io=ALL-UNNAMED
21-Jan-2026 10:12:08.940 INFO [main] org.apache.catalina.startup.VersionLoggerListener.log Command line argument: --add-opens=java.base/java.util=ALL-UNNAMED
21-Jan-2026 10:12:08.940 INFO [main] org.apache.catalina.startup.VersionLoggerListener.log Command line argument: --add-opens=java.base/java.util.concurrent=ALL-UNNAMED
21-Jan-2026 10:12:08.940 INFO [main] org.apache.catalina.startup.VersionLoggerListener.log Command line argument: --add-opens=java.rmi/sun.rmi.transport=ALL-UNNAMED
21-Jan-2026 10:12:08.944 INFO [main] org.apache.catalina.startup.VersionLoggerListener.log Command line argument: -Djava.util.logging.config.file=/opt/lms/tomcat/conf/logging.properties
21-Jan-2026 10:12:08.944 INFO [main] org.apache.catalina.startup.VersionLoggerListener.log Command line argument: -Djava.util.logging.manager=org.apache.juli.ClassLoaderLogManager
21-Jan-2026 10:12:08.944 INFO [main] org.apache.catalina.startup.VersionLoggerListener.log Command line argument: -Djdk.tls.ephemeralDHKeySize=2048
21-Jan-2026 10:12:08.944 INFO [main] org.apache.catalina.startup.VersionLoggerListener.log Command line argument: -Djava.protocol.handler.pkgs=org.apache.catalina.webresources
21-Jan-2026 10:12:08.944 INFO [main] org.apache.catalina.startup.VersionLoggerListener.log Command line argument: -Dorg.apache.catalina.security.SecurityListener.UMASK=0027
21-Jan-2026 10:12:08.944 INFO [main] org.apache.catalina.startup.VersionLoggerListener.log Command line argument: -Dignore.endorsed.dirs=
21-Jan-2026 10:12:08.944 INFO [main] org.apache.catalina.startup.VersionLoggerListener.log Command line argument: -Dcatalina.base=/opt/lms/tomcat
21-Jan-2026 10:12:08.945 INFO [main] org.apache.catalina.startup.VersionLoggerListener.log Command line argument: -Dcatalina.home=/opt/lms/tomcat
21-Jan-2026 10:12:08.945 INFO [main] org.apache.catalina.startup.VersionLoggerListener.log Command line argument: -Djava.io.tmpdir=/opt/lms/tomcat/temp
21-Jan-2026 10:12:08.953 INFO [main] org.apache.catalina.core.AprLifecycleListener.lifecycleEvent An older version [1.2.31] of the Apache Tomcat Native library is installed, while Tomcat recommends a minimum version of [1.3.0]
21-Jan-2026 10:12:08.956 INFO [main] org.apache.catalina.core.AprLifecycleListener.lifecycleEvent Loaded Apache Tomcat Native library [1.2.31] using APR version [1.7.0].
21-Jan-2026 10:12:08.956 INFO [main] org.apache.catalina.core.AprLifecycleListener.lifecycleEvent APR capabilities: IPv6 [true], sendfile [true], accept filters [false], random [true], UDS [true].
21-Jan-2026 10:12:08.956 INFO [main] org.apache.catalina.core.AprLifecycleListener.lifecycleEvent APR/OpenSSL configuration: useAprConnector [false], useOpenSSL [true]
21-Jan-2026 10:12:08.966 INFO [main] org.apache.catalina.core.AprLifecycleListener.initializeSSL OpenSSL successfully initialized [OpenSSL 3.0.2 15 Mar 2022]
21-Jan-2026 10:12:09.615 INFO [main] org.apache.coyote.AbstractProtocol.init Initializing ProtocolHandler ["http-nio-8001"]
21-Jan-2026 10:12:09.681 INFO [main] org.apache.catalina.startup.Catalina.load Server initialization in [1157] milliseconds
21-Jan-2026 10:12:09.795 INFO [main] org.apache.catalina.core.StandardService.startInternal Starting service [Catalina]
21-Jan-2026 10:12:09.797 INFO [main] org.apache.catalina.core.StandardEngine.startInternal Starting Servlet engine: [Apache Tomcat/9.0.96]
21-Jan-2026 10:12:09.821 INFO [main] org.apache.catalina.startup.HostConfig.deployWAR Deploying web application archive [/opt/lms/tomcat/webapps/ROOT.war]
21-Jan-2026 10:12:10.253 INFO [main] org.apache.catalina.startup.HostConfig.deployWAR Deployment of web application archive [/opt/lms/tomcat/webapps/ROOT.war] has finished in [432] ms
21-Jan-2026 10:12:10.254 INFO [main] org.apache.catalina.startup.HostConfig.deployDirectory Deploying web application directory [/opt/lms/tomcat/webapps/manager]
21-Jan-2026 10:12:10.309 INFO [main] org.apache.catalina.startup.HostConfig.deployDirectory Deployment of web application directory [/opt/lms/tomcat/webapps/manager] has finished in [55] ms
21-Jan-2026 10:12:10.310 INFO [main] org.apache.catalina.startup.HostConfig.deployDirectory Deploying web application directory [/opt/lms/tomcat/webapps/examples]
21-Jan-2026 10:12:10.645 INFO [main] org.apache.catalina.startup.HostConfig.deployDirectory Deployment of web application directory [/opt/lms/tomcat/webapps/examples] has finished in [335] ms
21-Jan-2026 10:12:10.645 INFO [main] org.apache.catalina.startup.HostConfig.deployDirectory Deploying web application directory [/opt/lms/tomcat/webapps/host-manager]
21-Jan-2026 10:12:10.672 INFO [main] org.apache.catalina.startup.HostConfig.deployDirectory Deployment of web application directory [/opt/lms/tomcat/webapps/host-manager] has finished in [26] ms
21-Jan-2026 10:12:10.672 INFO [main] org.apache.catalina.startup.HostConfig.deployDirectory Deploying web application directory [/opt/lms/tomcat/webapps/docs]
21-Jan-2026 10:12:10.694 INFO [main] org.apache.catalina.startup.HostConfig.deployDirectory Deployment of web application directory [/opt/lms/tomcat/webapps/docs] has finished in [22] ms
21-Jan-2026 10:12:10.702 INFO [main] org.apache.coyote.AbstractProtocol.start Starting ProtocolHandler ["http-nio-8001"]
21-Jan-2026 10:12:10.724 INFO [main] org.apache.catalina.startup.Catalina.start Server startup in [1042] milliseconds
21-Jan-2026 10:13:58.621 INFO [main] org.apache.catalina.core.StandardServer.await A valid shutdown command was received via the shutdown port. Stopping the Server instance.
21-Jan-2026 10:13:58.622 INFO [main] org.apache.coyote.AbstractProtocol.pause Pausing ProtocolHandler ["http-nio-8001"]
21-Jan-2026 10:13:58.629 INFO [main] org.apache.catalina.core.StandardService.stopInternal Stopping service [Catalina]
21-Jan-2026 10:13:58.675 INFO [main] org.apache.coyote.AbstractProtocol.stop Stopping ProtocolHandler ["http-nio-8001"]
21-Jan-2026 10:13:58.689 INFO [main] org.apache.coyote.AbstractProtocol.destroy Destroying ProtocolHandler ["http-nio-8001"]
NOTE: Picked up JDK_JAVA_OPTIONS:  --add-opens=java.base/java.lang=ALL-UNNAMED --add-opens=java.base/java.io=ALL-UNNAMED --add-opens=java.base/java.util=ALL-UNNAMED --add-opens=java.base/java.util.concurrent=ALL-UNNAMED --add-opens=java.rmi/sun.rmi.transport=ALL-UNNAMED
21-Jan-2026 10:13:59.869 INFO [main] org.apache.catalina.startup.VersionLoggerListener.log Server version name:   Apache Tomcat/9.0.96
21-Jan-2026 10:13:59.878 INFO [main] org.apache.catalina.startup.VersionLoggerListener.log Server built:          Oct 3 2024 19:44:30 UTC
21-Jan-2026 10:13:59.878 INFO [main] org.apache.catalina.startup.VersionLoggerListener.log Server version number: 9.0.96.0
21-Jan-2026 10:13:59.878 INFO [main] org.apache.catalina.startup.VersionLoggerListener.log OS Name:               Linux
21-Jan-2026 10:13:59.879 INFO [main] org.apache.catalina.startup.VersionLoggerListener.log OS Version:            6.8.0-1044-aws
21-Jan-2026 10:13:59.879 INFO [main] org.apache.catalina.startup.VersionLoggerListener.log Architecture:          amd64
21-Jan-2026 10:13:59.879 INFO [main] org.apache.catalina.startup.VersionLoggerListener.log Java Home:             /usr/lib/jvm/java-17-openjdk-amd64
21-Jan-2026 10:13:59.879 INFO [main] org.apache.catalina.startup.VersionLoggerListener.log JVM Version:           17.0.17+10-Ubuntu-122.04
21-Jan-2026 10:13:59.879 INFO [main] org.apache.catalina.startup.VersionLoggerListener.log JVM Vendor:            Ubuntu
21-Jan-2026 10:13:59.879 INFO [main] org.apache.catalina.startup.VersionLoggerListener.log CATALINA_BASE:         /opt/lms/tomcat
21-Jan-2026 10:13:59.879 INFO [main] org.apache.catalina.startup.VersionLoggerListener.log CATALINA_HOME:         /opt/lms/tomcat
21-Jan-2026 10:13:59.892 INFO [main] org.apache.catalina.startup.VersionLoggerListener.log Command line argument: --add-opens=java.base/java.lang=ALL-UNNAMED
21-Jan-2026 10:13:59.892 INFO [main] org.apache.catalina.startup.VersionLoggerListener.log Command line argument: --add-opens=java.base/java.io=ALL-UNNAMED
21-Jan-2026 10:13:59.892 INFO [main] org.apache.catalina.startup.VersionLoggerListener.log Command line argument: --add-opens=java.base/java.util=ALL-UNNAMED
21-Jan-2026 10:13:59.892 INFO [main] org.apache.catalina.startup.VersionLoggerListener.log Command line argument: --add-opens=java.base/java.util.concurrent=ALL-UNNAMED
21-Jan-2026 10:13:59.894 INFO [main] org.apache.catalina.startup.VersionLoggerListener.log Command line argument: --add-opens=java.rmi/sun.rmi.transport=ALL-UNNAMED
21-Jan-2026 10:13:59.894 INFO [main] org.apache.catalina.startup.VersionLoggerListener.log Command line argument: -Djava.util.logging.config.file=/opt/lms/tomcat/conf/logging.properties
21-Jan-2026 10:13:59.894 INFO [main] org.apache.catalina.startup.VersionLoggerListener.log Command line argument: -Djava.util.logging.manager=org.apache.juli.ClassLoaderLogManager
21-Jan-2026 10:13:59.894 INFO [main] org.apache.catalina.startup.VersionLoggerListener.log Command line argument: -Djdk.tls.ephemeralDHKeySize=2048
21-Jan-2026 10:13:59.894 INFO [main] org.apache.catalina.startup.VersionLoggerListener.log Command line argument: -Djava.protocol.handler.pkgs=org.apache.catalina.webresources
21-Jan-2026 10:13:59.895 INFO [main] org.apache.catalina.startup.VersionLoggerListener.log Command line argument: -Dorg.apache.catalina.security.SecurityListener.UMASK=0027
21-Jan-2026 10:13:59.895 INFO [main] org.apache.catalina.startup.VersionLoggerListener.log Command line argument: -Dignore.endorsed.dirs=
21-Jan-2026 10:13:59.895 INFO [main] org.apache.catalina.startup.VersionLoggerListener.log Command line argument: -Dcatalina.base=/opt/lms/tomcat
21-Jan-2026 10:13:59.895 INFO [main] org.apache.catalina.startup.VersionLoggerListener.log Command line argument: -Dcatalina.home=/opt/lms/tomcat
21-Jan-2026 10:13:59.895 INFO [main] org.apache.catalina.startup.VersionLoggerListener.log Command line argument: -Djava.io.tmpdir=/opt/lms/tomcat/temp
21-Jan-2026 10:13:59.903 INFO [main] org.apache.catalina.core.AprLifecycleListener.lifecycleEvent An older version [1.2.31] of the Apache Tomcat Native library is installed, while Tomcat recommends a minimum version of [1.3.0]
21-Jan-2026 10:13:59.903 INFO [main] org.apache.catalina.core.AprLifecycleListener.lifecycleEvent Loaded Apache Tomcat Native library [1.2.31] using APR version [1.7.0].
21-Jan-2026 10:13:59.903 INFO [main] org.apache.catalina.core.AprLifecycleListener.lifecycleEvent APR capabilities: IPv6 [true], sendfile [true], accept filters [false], random [true], UDS [true].
21-Jan-2026 10:13:59.903 INFO [main] org.apache.catalina.core.AprLifecycleListener.lifecycleEvent APR/OpenSSL configuration: useAprConnector [false], useOpenSSL [true]
21-Jan-2026 10:13:59.909 INFO [main] org.apache.catalina.core.AprLifecycleListener.initializeSSL OpenSSL successfully initialized [OpenSSL 3.0.2 15 Mar 2022]
21-Jan-2026 10:14:00.416 INFO [main] org.apache.coyote.AbstractProtocol.init Initializing ProtocolHandler ["http-nio-8001"]
21-Jan-2026 10:14:00.474 INFO [main] org.apache.catalina.startup.Catalina.load Server initialization in [1256] milliseconds
21-Jan-2026 10:14:00.554 INFO [main] org.apache.catalina.core.StandardService.startInternal Starting service [Catalina]
21-Jan-2026 10:14:00.554 INFO [main] org.apache.catalina.core.StandardEngine.startInternal Starting Servlet engine: [Apache Tomcat/9.0.96]
21-Jan-2026 10:14:00.579 INFO [main] org.apache.catalina.startup.HostConfig.deployWAR Deploying web application archive [/opt/lms/tomcat/webapps/ROOT.war]
21-Jan-2026 10:14:01.064 INFO [main] org.apache.catalina.startup.HostConfig.deployWAR Deployment of web application archive [/opt/lms/tomcat/webapps/ROOT.war] has finished in [485] ms
21-Jan-2026 10:14:01.067 INFO [main] org.apache.catalina.startup.HostConfig.deployDirectory Deploying web application directory [/opt/lms/tomcat/webapps/manager]
21-Jan-2026 10:14:01.136 INFO [main] org.apache.catalina.startup.HostConfig.deployDirectory Deployment of web application directory [/opt/lms/tomcat/webapps/manager] has finished in [69] ms
21-Jan-2026 10:14:01.137 INFO [main] org.apache.catalina.startup.HostConfig.deployDirectory Deploying web application directory [/opt/lms/tomcat/webapps/examples]
21-Jan-2026 10:14:01.499 INFO [main] org.apache.catalina.startup.HostConfig.deployDirectory Deployment of web application directory [/opt/lms/tomcat/webapps/examples] has finished in [361] ms
21-Jan-2026 10:14:01.499 INFO [main] org.apache.catalina.startup.HostConfig.deployDirectory Deploying web application directory [/opt/lms/tomcat/webapps/host-manager]
21-Jan-2026 10:14:01.559 INFO [main] org.apache.catalina.startup.HostConfig.deployDirectory Deployment of web application directory [/opt/lms/tomcat/webapps/host-manager] has finished in [60] ms
21-Jan-2026 10:14:01.560 INFO [main] org.apache.catalina.startup.HostConfig.deployDirectory Deploying web application directory [/opt/lms/tomcat/webapps/docs]
21-Jan-2026 10:14:01.609 INFO [main] org.apache.catalina.startup.HostConfig.deployDirectory Deployment of web application directory [/opt/lms/tomcat/webapps/docs] has finished in [47] ms
21-Jan-2026 10:14:01.619 INFO [main] org.apache.coyote.AbstractProtocol.start Starting ProtocolHandler ["http-nio-8001"]
21-Jan-2026 10:14:01.641 INFO [main] org.apache.catalina.startup.Catalina.start Server startup in [1165] milliseconds
NOTE: Picked up JDK_JAVA_OPTIONS:  --add-opens=java.base/java.lang=ALL-UNNAMED --add-opens=java.base/java.io=ALL-UNNAMED --add-opens=java.base/java.util=ALL-UNNAMED --add-opens=java.base/java.util.concurrent=ALL-UNNAMED --add-opens=java.rmi/sun.rmi.transport=ALL-UNNAMED
21-Jan-2026 10:14:10.612 INFO [main] org.apache.catalina.startup.VersionLoggerListener.log Server version name:   Apache Tomcat/9.0.96
21-Jan-2026 10:14:10.619 INFO [main] org.apache.catalina.startup.VersionLoggerListener.log Server built:          Oct 3 2024 19:44:30 UTC
21-Jan-2026 10:14:10.620 INFO [main] org.apache.catalina.startup.VersionLoggerListener.log Server version number: 9.0.96.0
21-Jan-2026 10:14:10.620 INFO [main] org.apache.catalina.startup.VersionLoggerListener.log OS Name:               Linux
21-Jan-2026 10:14:10.620 INFO [main] org.apache.catalina.startup.VersionLoggerListener.log OS Version:            6.8.0-1044-aws
21-Jan-2026 10:14:10.621 INFO [main] org.apache.catalina.startup.VersionLoggerListener.log Architecture:          amd64
21-Jan-2026 10:14:10.621 INFO [main] org.apache.catalina.startup.VersionLoggerListener.log Java Home:             /usr/lib/jvm/java-11-openjdk-amd64
21-Jan-2026 10:14:10.621 INFO [main] org.apache.catalina.startup.VersionLoggerListener.log JVM Version:           11.0.29+7-post-Ubuntu-1ubuntu122.04
21-Jan-2026 10:14:10.621 INFO [main] org.apache.catalina.startup.VersionLoggerListener.log JVM Vendor:            Ubuntu
21-Jan-2026 10:14:10.622 INFO [main] org.apache.catalina.startup.VersionLoggerListener.log CATALINA_BASE:         /opt/lms/tomcat
21-Jan-2026 10:14:10.622 INFO [main] org.apache.catalina.startup.VersionLoggerListener.log CATALINA_HOME:         /opt/lms/tomcat
21-Jan-2026 10:14:10.642 INFO [main] org.apache.catalina.startup.VersionLoggerListener.log Command line argument: --add-opens=java.base/java.lang=ALL-UNNAMED
21-Jan-2026 10:14:10.642 INFO [main] org.apache.catalina.startup.VersionLoggerListener.log Command line argument: --add-opens=java.base/java.io=ALL-UNNAMED
21-Jan-2026 10:14:10.642 INFO [main] org.apache.catalina.startup.VersionLoggerListener.log Command line argument: --add-opens=java.base/java.util=ALL-UNNAMED
21-Jan-2026 10:14:10.642 INFO [main] org.apache.catalina.startup.VersionLoggerListener.log Command line argument: --add-opens=java.base/java.util.concurrent=ALL-UNNAMED
21-Jan-2026 10:14:10.642 INFO [main] org.apache.catalina.startup.VersionLoggerListener.log Command line argument: --add-opens=java.rmi/sun.rmi.transport=ALL-UNNAMED
21-Jan-2026 10:14:10.643 INFO [main] org.apache.catalina.startup.VersionLoggerListener.log Command line argument: -Djava.util.logging.config.file=/opt/lms/tomcat/conf/logging.properties
21-Jan-2026 10:14:10.643 INFO [main] org.apache.catalina.startup.VersionLoggerListener.log Command line argument: -Djava.util.logging.manager=org.apache.juli.ClassLoaderLogManager
21-Jan-2026 10:14:10.643 INFO [main] org.apache.catalina.startup.VersionLoggerListener.log Command line argument: -Djdk.tls.ephemeralDHKeySize=2048
21-Jan-2026 10:14:10.644 INFO [main] org.apache.catalina.startup.VersionLoggerListener.log Command line argument: -Djava.protocol.handler.pkgs=org.apache.catalina.webresources
21-Jan-2026 10:14:10.644 INFO [main] org.apache.catalina.startup.VersionLoggerListener.log Command line argument: -Dorg.apache.catalina.security.SecurityListener.UMASK=0027
21-Jan-2026 10:14:10.644 INFO [main] org.apache.catalina.startup.VersionLoggerListener.log Command line argument: -Dignore.endorsed.dirs=
21-Jan-2026 10:14:10.645 INFO [main] org.apache.catalina.startup.VersionLoggerListener.log Command line argument: -Dcatalina.base=/opt/lms/tomcat
21-Jan-2026 10:14:10.645 INFO [main] org.apache.catalina.startup.VersionLoggerListener.log Command line argument: -Dcatalina.home=/opt/lms/tomcat
21-Jan-2026 10:14:10.645 INFO [main] org.apache.catalina.startup.VersionLoggerListener.log Command line argument: -Djava.io.tmpdir=/opt/lms/tomcat/temp
21-Jan-2026 10:14:10.653 INFO [main] org.apache.catalina.core.AprLifecycleListener.lifecycleEvent An older version [1.2.31] of the Apache Tomcat Native library is installed, while Tomcat recommends a minimum version of [1.3.0]
21-Jan-2026 10:14:10.654 INFO [main] org.apache.catalina.core.AprLifecycleListener.lifecycleEvent Loaded Apache Tomcat Native library [1.2.31] using APR version [1.7.0].
21-Jan-2026 10:14:10.654 INFO [main] org.apache.catalina.core.AprLifecycleListener.lifecycleEvent APR capabilities: IPv6 [true], sendfile [true], accept filters [false], random [true], UDS [true].
21-Jan-2026 10:14:10.654 INFO [main] org.apache.catalina.core.AprLifecycleListener.lifecycleEvent APR/OpenSSL configuration: useAprConnector [false], useOpenSSL [true]
21-Jan-2026 10:14:10.665 INFO [main] org.apache.catalina.core.AprLifecycleListener.initializeSSL OpenSSL successfully initialized [OpenSSL 3.0.2 15 Mar 2022]
21-Jan-2026 10:14:11.305 INFO [main] org.apache.coyote.AbstractProtocol.init Initializing ProtocolHandler ["http-nio-8001"]
21-Jan-2026 10:14:11.334 SEVERE [main] org.apache.catalina.util.LifecycleBase.handleSubClassException Failed to initialize component [Connector["http-nio-8001"]]
	org.apache.catalina.LifecycleException: Protocol handler initialization failed
		at org.apache.catalina.connector.Connector.initInternal(Connector.java:1027)
		at org.apache.catalina.util.LifecycleBase.init(LifecycleBase.java:122)
		at org.apache.catalina.core.StandardService.initInternal(StandardService.java:525)
		at org.apache.catalina.util.LifecycleBase.init(LifecycleBase.java:122)
		at org.apache.catalina.core.StandardServer.initInternal(StandardServer.java:986)
		at org.apache.catalina.util.LifecycleBase.init(LifecycleBase.java:122)
		at org.apache.catalina.startup.Catalina.load(Catalina.java:686)
		at org.apache.catalina.startup.Catalina.load(Catalina.java:709)
		at java.base/jdk.internal.reflect.NativeMethodAccessorImpl.invoke0(Native Method)
		at java.base/jdk.internal.reflect.NativeMethodAccessorImpl.invoke(NativeMethodAccessorImpl.java:62)
		at java.base/jdk.internal.reflect.DelegatingMethodAccessorImpl.invoke(DelegatingMethodAccessorImpl.java:43)
		at java.base/java.lang.reflect.Method.invoke(Method.java:566)
		at org.apache.catalina.startup.Bootstrap.load(Bootstrap.java:302)
		at org.apache.catalina.startup.Bootstrap.main(Bootstrap.java:472)
	Caused by: java.net.BindException: Address already in use
		at java.base/sun.nio.ch.Net.bind0(Native Method)
		at java.base/sun.nio.ch.Net.bind(Net.java:459)
		at java.base/sun.nio.ch.Net.bind(Net.java:448)
		at java.base/sun.nio.ch.ServerSocketChannelImpl.bind(ServerSocketChannelImpl.java:227)
		at org.apache.tomcat.util.net.NioEndpoint.initServerSocket(NioEndpoint.java:268)
		at org.apache.tomcat.util.net.NioEndpoint.bind(NioEndpoint.java:223)
		at org.apache.tomcat.util.net.AbstractEndpoint.bindWithCleanup(AbstractEndpoint.java:1373)
		at org.apache.tomcat.util.net.AbstractEndpoint.init(AbstractEndpoint.java:1386)
		at org.apache.coyote.AbstractProtocol.init(AbstractProtocol.java:663)
		at org.apache.coyote.http11.AbstractHttp11Protocol.init(AbstractHttp11Protocol.java:77)
		at org.apache.catalina.connector.Connector.initInternal(Connector.java:1025)
		... 13 more
21-Jan-2026 10:14:11.336 INFO [main] org.apache.catalina.startup.Catalina.load Server initialization in [1054] milliseconds
21-Jan-2026 10:14:11.470 INFO [main] org.apache.catalina.core.StandardService.startInternal Starting service [Catalina]
21-Jan-2026 10:14:11.471 INFO [main] org.apache.catalina.core.StandardEngine.startInternal Starting Servlet engine: [Apache Tomcat/9.0.96]
21-Jan-2026 10:14:11.492 INFO [main] org.apache.catalina.startup.HostConfig.deployWAR Deploying web application archive [/opt/lms/tomcat/webapps/ROOT.war]
21-Jan-2026 10:14:12.008 INFO [main] org.apache.catalina.startup.HostConfig.deployWAR Deployment of web application archive [/opt/lms/tomcat/webapps/ROOT.war] has finished in [515] ms
21-Jan-2026 10:14:12.009 INFO [main] org.apache.catalina.startup.HostConfig.deployDirectory Deploying web application directory [/opt/lms/tomcat/webapps/manager]
21-Jan-2026 10:14:12.091 INFO [main] org.apache.catalina.startup.HostConfig.deployDirectory Deployment of web application directory [/opt/lms/tomcat/webapps/manager] has finished in [82] ms
21-Jan-2026 10:14:12.092 INFO [main] org.apache.catalina.startup.HostConfig.deployDirectory Deploying web application directory [/opt/lms/tomcat/webapps/examples]
21-Jan-2026 10:14:12.461 INFO [main] org.apache.catalina.startup.HostConfig.deployDirectory Deployment of web application directory [/opt/lms/tomcat/webapps/examples] has finished in [369] ms
21-Jan-2026 10:14:12.463 INFO [main] org.apache.catalina.startup.HostConfig.deployDirectory Deploying web application directory [/opt/lms/tomcat/webapps/host-manager]
21-Jan-2026 10:14:12.513 INFO [main] org.apache.catalina.startup.HostConfig.deployDirectory Deployment of web application directory [/opt/lms/tomcat/webapps/host-manager] has finished in [51] ms
21-Jan-2026 10:14:12.514 INFO [main] org.apache.catalina.startup.HostConfig.deployDirectory Deploying web application directory [/opt/lms/tomcat/webapps/docs]
21-Jan-2026 10:14:12.540 INFO [main] org.apache.catalina.startup.HostConfig.deployDirectory Deployment of web application directory [/opt/lms/tomcat/webapps/docs] has finished in [27] ms
21-Jan-2026 10:14:12.547 INFO [main] org.apache.catalina.startup.Catalina.start Server startup in [1211] milliseconds
21-Jan-2026 10:14:12.550 SEVERE [main] org.apache.catalina.core.StandardServer.await Failed to create server shutdown socket on address [localhost] and port [8005] (base port [8005] and offset [0])
	java.net.BindException: Address already in use (Bind failed)
		at java.base/java.net.PlainSocketImpl.socketBind(Native Method)
		at java.base/java.net.AbstractPlainSocketImpl.bind(AbstractPlainSocketImpl.java:452)
		at java.base/java.net.ServerSocket.bind(ServerSocket.java:395)
		at java.base/java.net.ServerSocket.<init>(ServerSocket.java:257)
		at org.apache.catalina.core.StandardServer.await(StandardServer.java:537)
		at org.apache.catalina.startup.Catalina.await(Catalina.java:825)
		at org.apache.catalina.startup.Catalina.start(Catalina.java:773)
		at java.base/jdk.internal.reflect.NativeMethodAccessorImpl.invoke0(Native Method)
		at java.base/jdk.internal.reflect.NativeMethodAccessorImpl.invoke(NativeMethodAccessorImpl.java:62)
		at java.base/jdk.internal.reflect.DelegatingMethodAccessorImpl.invoke(DelegatingMethodAccessorImpl.java:43)
		at java.base/java.lang.reflect.Method.invoke(Method.java:566)
		at org.apache.catalina.startup.Bootstrap.start(Bootstrap.java:345)
		at org.apache.catalina.startup.Bootstrap.main(Bootstrap.java:473)
21-Jan-2026 10:14:12.551 INFO [main] org.apache.coyote.AbstractProtocol.pause Pausing ProtocolHandler ["http-nio-8001"]
21-Jan-2026 10:14:12.551 INFO [main] org.apache.catalina.core.StandardService.stopInternal Stopping service [Catalina]
21-Jan-2026 10:14:12.582 INFO [main] org.apache.coyote.AbstractProtocol.stop Stopping ProtocolHandler ["http-nio-8001"]
21-Jan-2026 10:14:12.584 INFO [main] org.apache.coyote.AbstractProtocol.destroy Destroying ProtocolHandler ["http-nio-8001"]
21-Jan-2026 10:14:13.017 INFO [main] org.apache.catalina.core.StandardServer.await A valid shutdown command was received via the shutdown port. Stopping the Server instance.
21-Jan-2026 10:14:13.018 INFO [main] org.apache.coyote.AbstractProtocol.pause Pausing ProtocolHandler ["http-nio-8001"]
21-Jan-2026 10:14:13.021 INFO [main] org.apache.catalina.core.StandardService.stopInternal Stopping service [Catalina]
21-Jan-2026 10:14:13.072 INFO [main] org.apache.coyote.AbstractProtocol.stop Stopping ProtocolHandler ["http-nio-8001"]
21-Jan-2026 10:14:13.080 INFO [main] org.apache.coyote.AbstractProtocol.destroy Destroying ProtocolHandler ["http-nio-8001"]
NOTE: Picked up JDK_JAVA_OPTIONS:  --add-opens=java.base/java.lang=ALL-UNNAMED --add-opens=java.base/java.io=ALL-UNNAMED --add-opens=java.base/java.util=ALL-UNNAMED --add-opens=java.base/java.util.concurrent=ALL-UNNAMED --add-opens=java.rmi/sun.rmi.transport=ALL-UNNAMED
21-Jan-2026 10:14:23.876 INFO [main] org.apache.catalina.startup.VersionLoggerListener.log Server version name:   Apache Tomcat/9.0.96
21-Jan-2026 10:14:23.881 INFO [main] org.apache.catalina.startup.VersionLoggerListener.log Server built:          Oct 3 2024 19:44:30 UTC
21-Jan-2026 10:14:23.882 INFO [main] org.apache.catalina.startup.VersionLoggerListener.log Server version number: 9.0.96.0
21-Jan-2026 10:14:23.882 INFO [main] org.apache.catalina.startup.VersionLoggerListener.log OS Name:               Linux
21-Jan-2026 10:14:23.882 INFO [main] org.apache.catalina.startup.VersionLoggerListener.log OS Version:            6.8.0-1044-aws
21-Jan-2026 10:14:23.882 INFO [main] org.apache.catalina.startup.VersionLoggerListener.log Architecture:          amd64
21-Jan-2026 10:14:23.883 INFO [main] org.apache.catalina.startup.VersionLoggerListener.log Java Home:             /usr/lib/jvm/java-11-openjdk-amd64
21-Jan-2026 10:14:23.883 INFO [main] org.apache.catalina.startup.VersionLoggerListener.log JVM Version:           11.0.29+7-post-Ubuntu-1ubuntu122.04
21-Jan-2026 10:14:23.884 INFO [main] org.apache.catalina.startup.VersionLoggerListener.log JVM Vendor:            Ubuntu
21-Jan-2026 10:14:23.884 INFO [main] org.apache.catalina.startup.VersionLoggerListener.log CATALINA_BASE:         /opt/lms/tomcat
21-Jan-2026 10:14:23.884 INFO [main] org.apache.catalina.startup.VersionLoggerListener.log CATALINA_HOME:         /opt/lms/tomcat
21-Jan-2026 10:14:23.903 INFO [main] org.apache.catalina.startup.VersionLoggerListener.log Command line argument: --add-opens=java.base/java.lang=ALL-UNNAMED
21-Jan-2026 10:14:23.903 INFO [main] org.apache.catalina.startup.VersionLoggerListener.log Command line argument: --add-opens=java.base/java.io=ALL-UNNAMED
21-Jan-2026 10:14:23.903 INFO [main] org.apache.catalina.startup.VersionLoggerListener.log Command line argument: --add-opens=java.base/java.util=ALL-UNNAMED
21-Jan-2026 10:14:23.903 INFO [main] org.apache.catalina.startup.VersionLoggerListener.log Command line argument: --add-opens=java.base/java.util.concurrent=ALL-UNNAMED
21-Jan-2026 10:14:23.904 INFO [main] org.apache.catalina.startup.VersionLoggerListener.log Command line argument: --add-opens=java.rmi/sun.rmi.transport=ALL-UNNAMED
21-Jan-2026 10:14:23.904 INFO [main] org.apache.catalina.startup.VersionLoggerListener.log Command line argument: -Djava.util.logging.config.file=/opt/lms/tomcat/conf/logging.properties
21-Jan-2026 10:14:23.904 INFO [main] org.apache.catalina.startup.VersionLoggerListener.log Command line argument: -Djava.util.logging.manager=org.apache.juli.ClassLoaderLogManager
21-Jan-2026 10:14:23.904 INFO [main] org.apache.catalina.startup.VersionLoggerListener.log Command line argument: -Djdk.tls.ephemeralDHKeySize=2048
21-Jan-2026 10:14:23.904 INFO [main] org.apache.catalina.startup.VersionLoggerListener.log Command line argument: -Djava.protocol.handler.pkgs=org.apache.catalina.webresources
21-Jan-2026 10:14:23.904 INFO [main] org.apache.catalina.startup.VersionLoggerListener.log Command line argument: -Dorg.apache.catalina.security.SecurityListener.UMASK=0027
21-Jan-2026 10:14:23.904 INFO [main] org.apache.catalina.startup.VersionLoggerListener.log Command line argument: -Dignore.endorsed.dirs=
21-Jan-2026 10:14:23.905 INFO [main] org.apache.catalina.startup.VersionLoggerListener.log Command line argument: -Dcatalina.base=/opt/lms/tomcat
21-Jan-2026 10:14:23.905 INFO [main] org.apache.catalina.startup.VersionLoggerListener.log Command line argument: -Dcatalina.home=/opt/lms/tomcat
21-Jan-2026 10:14:23.905 INFO [main] org.apache.catalina.startup.VersionLoggerListener.log Command line argument: -Djava.io.tmpdir=/opt/lms/tomcat/temp
21-Jan-2026 10:14:23.916 INFO [main] org.apache.catalina.core.AprLifecycleListener.lifecycleEvent An older version [1.2.31] of the Apache Tomcat Native library is installed, while Tomcat recommends a minimum version of [1.3.0]
21-Jan-2026 10:14:23.917 INFO [main] org.apache.catalina.core.AprLifecycleListener.lifecycleEvent Loaded Apache Tomcat Native library [1.2.31] using APR version [1.7.0].
21-Jan-2026 10:14:23.917 INFO [main] org.apache.catalina.core.AprLifecycleListener.lifecycleEvent APR capabilities: IPv6 [true], sendfile [true], accept filters [false], random [true], UDS [true].
21-Jan-2026 10:14:23.917 INFO [main] org.apache.catalina.core.AprLifecycleListener.lifecycleEvent APR/OpenSSL configuration: useAprConnector [false], useOpenSSL [true]
21-Jan-2026 10:14:23.927 INFO [main] org.apache.catalina.core.AprLifecycleListener.initializeSSL OpenSSL successfully initialized [OpenSSL 3.0.2 15 Mar 2022]
21-Jan-2026 10:14:24.526 INFO [main] org.apache.coyote.AbstractProtocol.init Initializing ProtocolHandler ["http-nio-8001"]
21-Jan-2026 10:14:24.600 INFO [main] org.apache.catalina.startup.Catalina.load Server initialization in [1077] milliseconds
21-Jan-2026 10:14:24.718 INFO [main] org.apache.catalina.core.StandardService.startInternal Starting service [Catalina]
21-Jan-2026 10:14:24.719 INFO [main] org.apache.catalina.core.StandardEngine.startInternal Starting Servlet engine: [Apache Tomcat/9.0.96]
21-Jan-2026 10:14:24.748 INFO [main] org.apache.catalina.startup.HostConfig.deployWAR Deploying web application archive [/opt/lms/tomcat/webapps/ROOT.war]
21-Jan-2026 10:14:25.206 INFO [main] org.apache.catalina.startup.HostConfig.deployWAR Deployment of web application archive [/opt/lms/tomcat/webapps/ROOT.war] has finished in [457] ms
21-Jan-2026 10:14:25.207 INFO [main] org.apache.catalina.startup.HostConfig.deployDirectory Deploying web application directory [/opt/lms/tomcat/webapps/manager]
21-Jan-2026 10:14:25.284 INFO [main] org.apache.catalina.startup.HostConfig.deployDirectory Deployment of web application directory [/opt/lms/tomcat/webapps/manager] has finished in [77] ms
21-Jan-2026 10:14:25.285 INFO [main] org.apache.catalina.startup.HostConfig.deployDirectory Deploying web application directory [/opt/lms/tomcat/webapps/examples]
21-Jan-2026 10:14:25.687 INFO [main] org.apache.catalina.startup.HostConfig.deployDirectory Deployment of web application directory [/opt/lms/tomcat/webapps/examples] has finished in [401] ms
21-Jan-2026 10:14:25.687 INFO [main] org.apache.catalina.startup.HostConfig.deployDirectory Deploying web application directory [/opt/lms/tomcat/webapps/host-manager]
21-Jan-2026 10:14:25.713 INFO [main] org.apache.catalina.startup.HostConfig.deployDirectory Deployment of web application directory [/opt/lms/tomcat/webapps/host-manager] has finished in [26] ms
21-Jan-2026 10:14:25.714 INFO [main] org.apache.catalina.startup.HostConfig.deployDirectory Deploying web application directory [/opt/lms/tomcat/webapps/docs]
21-Jan-2026 10:14:25.736 INFO [main] org.apache.catalina.startup.HostConfig.deployDirectory Deployment of web application directory [/opt/lms/tomcat/webapps/docs] has finished in [22] ms
21-Jan-2026 10:14:25.741 INFO [main] org.apache.coyote.AbstractProtocol.start Starting ProtocolHandler ["http-nio-8001"]
21-Jan-2026 10:14:25.768 INFO [main] org.apache.catalina.startup.Catalina.start Server startup in [1165] milliseconds
21-Jan-2026 10:16:07.908 INFO [main] org.apache.catalina.core.StandardServer.await A valid shutdown command was received via the shutdown port. Stopping the Server instance.
21-Jan-2026 10:16:07.910 INFO [main] org.apache.coyote.AbstractProtocol.pause Pausing ProtocolHandler ["http-nio-8001"]
21-Jan-2026 10:16:07.925 INFO [main] org.apache.catalina.core.StandardService.stopInternal Stopping service [Catalina]
NOTE: Picked up JDK_JAVA_OPTIONS:  --add-opens=java.base/java.lang=ALL-UNNAMED --add-opens=java.base/java.io=ALL-UNNAMED --add-opens=java.base/java.util=ALL-UNNAMED --add-opens=java.base/java.util.concurrent=ALL-UNNAMED --add-opens=java.rmi/sun.rmi.transport=ALL-UNNAMED
21-Jan-2026 10:16:08.010 INFO [main] org.apache.coyote.AbstractProtocol.stop Stopping ProtocolHandler ["http-nio-8001"]
21-Jan-2026 10:16:08.035 INFO [main] org.apache.coyote.AbstractProtocol.destroy Destroying ProtocolHandler ["http-nio-8001"]
21-Jan-2026 10:16:08.910 INFO [main] org.apache.catalina.startup.VersionLoggerListener.log Server version name:   Apache Tomcat/9.0.96
21-Jan-2026 10:16:08.923 INFO [main] org.apache.catalina.startup.VersionLoggerListener.log Server built:          Oct 3 2024 19:44:30 UTC
21-Jan-2026 10:16:08.925 INFO [main] org.apache.catalina.startup.VersionLoggerListener.log Server version number: 9.0.96.0
21-Jan-2026 10:16:08.925 INFO [main] org.apache.catalina.startup.VersionLoggerListener.log OS Name:               Linux
21-Jan-2026 10:16:08.925 INFO [main] org.apache.catalina.startup.VersionLoggerListener.log OS Version:            6.8.0-1044-aws
21-Jan-2026 10:16:08.925 INFO [main] org.apache.catalina.startup.VersionLoggerListener.log Architecture:          amd64
21-Jan-2026 10:16:08.926 INFO [main] org.apache.catalina.startup.VersionLoggerListener.log Java Home:             /usr/lib/jvm/java-17-openjdk-amd64
21-Jan-2026 10:16:08.926 INFO [main] org.apache.catalina.startup.VersionLoggerListener.log JVM Version:           17.0.17+10-Ubuntu-122.04
21-Jan-2026 10:16:08.926 INFO [main] org.apache.catalina.startup.VersionLoggerListener.log JVM Vendor:            Ubuntu
21-Jan-2026 10:16:08.929 INFO [main] org.apache.catalina.startup.VersionLoggerListener.log CATALINA_BASE:         /opt/lms/tomcat
21-Jan-2026 10:16:08.929 INFO [main] org.apache.catalina.startup.VersionLoggerListener.log CATALINA_HOME:         /opt/lms/tomcat
21-Jan-2026 10:16:08.949 INFO [main] org.apache.catalina.startup.VersionLoggerListener.log Command line argument: --add-opens=java.base/java.lang=ALL-UNNAMED
21-Jan-2026 10:16:08.949 INFO [main] org.apache.catalina.startup.VersionLoggerListener.log Command line argument: --add-opens=java.base/java.io=ALL-UNNAMED
21-Jan-2026 10:16:08.953 INFO [main] org.apache.catalina.startup.VersionLoggerListener.log Command line argument: --add-opens=java.base/java.util=ALL-UNNAMED
21-Jan-2026 10:16:08.956 INFO [main] org.apache.catalina.startup.VersionLoggerListener.log Command line argument: --add-opens=java.base/java.util.concurrent=ALL-UNNAMED
21-Jan-2026 10:16:08.956 INFO [main] org.apache.catalina.startup.VersionLoggerListener.log Command line argument: --add-opens=java.rmi/sun.rmi.transport=ALL-UNNAMED
21-Jan-2026 10:16:08.956 INFO [main] org.apache.catalina.startup.VersionLoggerListener.log Command line argument: -Djava.util.logging.config.file=/opt/lms/tomcat/conf/logging.properties
21-Jan-2026 10:16:08.956 INFO [main] org.apache.catalina.startup.VersionLoggerListener.log Command line argument: -Djava.util.logging.manager=org.apache.juli.ClassLoaderLogManager
21-Jan-2026 10:16:08.956 INFO [main] org.apache.catalina.startup.VersionLoggerListener.log Command line argument: -Djdk.tls.ephemeralDHKeySize=2048
21-Jan-2026 10:16:08.957 INFO [main] org.apache.catalina.startup.VersionLoggerListener.log Command line argument: -Djava.protocol.handler.pkgs=org.apache.catalina.webresources
21-Jan-2026 10:16:08.957 INFO [main] org.apache.catalina.startup.VersionLoggerListener.log Command line argument: -Dorg.apache.catalina.security.SecurityListener.UMASK=0027
21-Jan-2026 10:16:08.957 INFO [main] org.apache.catalina.startup.VersionLoggerListener.log Command line argument: -Dignore.endorsed.dirs=
21-Jan-2026 10:16:08.957 INFO [main] org.apache.catalina.startup.VersionLoggerListener.log Command line argument: -Dcatalina.base=/opt/lms/tomcat
21-Jan-2026 10:16:08.960 INFO [main] org.apache.catalina.startup.VersionLoggerListener.log Command line argument: -Dcatalina.home=/opt/lms/tomcat
21-Jan-2026 10:16:08.960 INFO [main] org.apache.catalina.startup.VersionLoggerListener.log Command line argument: -Djava.io.tmpdir=/opt/lms/tomcat/temp
21-Jan-2026 10:16:08.976 INFO [main] org.apache.catalina.core.AprLifecycleListener.lifecycleEvent An older version [1.2.31] of the Apache Tomcat Native library is installed, while Tomcat recommends a minimum version of [1.3.0]
21-Jan-2026 10:16:08.978 INFO [main] org.apache.catalina.core.AprLifecycleListener.lifecycleEvent Loaded Apache Tomcat Native library [1.2.31] using APR version [1.7.0].
21-Jan-2026 10:16:08.979 INFO [main] org.apache.catalina.core.AprLifecycleListener.lifecycleEvent APR capabilities: IPv6 [true], sendfile [true], accept filters [false], random [true], UDS [true].
21-Jan-2026 10:16:08.979 INFO [main] org.apache.catalina.core.AprLifecycleListener.lifecycleEvent APR/OpenSSL configuration: useAprConnector [false], useOpenSSL [true]
21-Jan-2026 10:16:08.989 INFO [main] org.apache.catalina.core.AprLifecycleListener.initializeSSL OpenSSL successfully initialized [OpenSSL 3.0.2 15 Mar 2022]
21-Jan-2026 10:16:09.682 INFO [main] org.apache.coyote.AbstractProtocol.init Initializing ProtocolHandler ["http-nio-8001"]
21-Jan-2026 10:16:09.735 INFO [main] org.apache.catalina.startup.Catalina.load Server initialization in [1361] milliseconds
21-Jan-2026 10:16:09.783 INFO [main] org.apache.catalina.core.StandardService.startInternal Starting service [Catalina]
21-Jan-2026 10:16:09.783 INFO [main] org.apache.catalina.core.StandardEngine.startInternal Starting Servlet engine: [Apache Tomcat/9.0.96]
21-Jan-2026 10:16:09.806 INFO [main] org.apache.catalina.startup.HostConfig.deployWAR Deploying web application archive [/opt/lms/tomcat/webapps/ROOT.war]
21-Jan-2026 10:16:10.249 INFO [main] org.apache.catalina.startup.HostConfig.deployWAR Deployment of web application archive [/opt/lms/tomcat/webapps/ROOT.war] has finished in [441] ms
21-Jan-2026 10:16:10.250 INFO [main] org.apache.catalina.startup.HostConfig.deployDirectory Deploying web application directory [/opt/lms/tomcat/webapps/manager]
21-Jan-2026 10:16:10.333 INFO [main] org.apache.catalina.startup.HostConfig.deployDirectory Deployment of web application directory [/opt/lms/tomcat/webapps/manager] has finished in [83] ms
21-Jan-2026 10:16:10.333 INFO [main] org.apache.catalina.startup.HostConfig.deployDirectory Deploying web application directory [/opt/lms/tomcat/webapps/examples]
21-Jan-2026 10:16:10.689 INFO [main] org.apache.catalina.startup.HostConfig.deployDirectory Deployment of web application directory [/opt/lms/tomcat/webapps/examples] has finished in [356] ms
21-Jan-2026 10:16:10.689 INFO [main] org.apache.catalina.startup.HostConfig.deployDirectory Deploying web application directory [/opt/lms/tomcat/webapps/host-manager]
21-Jan-2026 10:16:10.722 INFO [main] org.apache.catalina.startup.HostConfig.deployDirectory Deployment of web application directory [/opt/lms/tomcat/webapps/host-manager] has finished in [33] ms
21-Jan-2026 10:16:10.724 INFO [main] org.apache.catalina.startup.HostConfig.deployDirectory Deploying web application directory [/opt/lms/tomcat/webapps/docs]
21-Jan-2026 10:16:10.761 INFO [main] org.apache.catalina.startup.HostConfig.deployDirectory Deployment of web application directory [/opt/lms/tomcat/webapps/docs] has finished in [37] ms
21-Jan-2026 10:16:10.767 INFO [main] org.apache.coyote.AbstractProtocol.start Starting ProtocolHandler ["http-nio-8001"]
21-Jan-2026 10:16:10.783 INFO [main] org.apache.catalina.startup.Catalina.start Server startup in [1048] milliseconds
NOTE: Picked up JDK_JAVA_OPTIONS:  --add-opens=java.base/java.lang=ALL-UNNAMED --add-opens=java.base/java.io=ALL-UNNAMED --add-opens=java.base/java.util=ALL-UNNAMED --add-opens=java.base/java.util.concurrent=ALL-UNNAMED --add-opens=java.rmi/sun.rmi.transport=ALL-UNNAMED
21-Jan-2026 10:16:20.099 INFO [main] org.apache.catalina.startup.VersionLoggerListener.log Server version name:   Apache Tomcat/9.0.96
21-Jan-2026 10:16:20.103 INFO [main] org.apache.catalina.startup.VersionLoggerListener.log Server built:          Oct 3 2024 19:44:30 UTC
21-Jan-2026 10:16:20.103 INFO [main] org.apache.catalina.startup.VersionLoggerListener.log Server version number: 9.0.96.0
21-Jan-2026 10:16:20.103 INFO [main] org.apache.catalina.startup.VersionLoggerListener.log OS Name:               Linux
21-Jan-2026 10:16:20.103 INFO [main] org.apache.catalina.startup.VersionLoggerListener.log OS Version:            6.8.0-1044-aws
21-Jan-2026 10:16:20.104 INFO [main] org.apache.catalina.startup.VersionLoggerListener.log Architecture:          amd64
21-Jan-2026 10:16:20.104 INFO [main] org.apache.catalina.startup.VersionLoggerListener.log Java Home:             /usr/lib/jvm/java-11-openjdk-amd64
21-Jan-2026 10:16:20.104 INFO [main] org.apache.catalina.startup.VersionLoggerListener.log JVM Version:           11.0.29+7-post-Ubuntu-1ubuntu122.04
21-Jan-2026 10:16:20.104 INFO [main] org.apache.catalina.startup.VersionLoggerListener.log JVM Vendor:            Ubuntu
21-Jan-2026 10:16:20.104 INFO [main] org.apache.catalina.startup.VersionLoggerListener.log CATALINA_BASE:         /opt/lms/tomcat
21-Jan-2026 10:16:20.104 INFO [main] org.apache.catalina.startup.VersionLoggerListener.log CATALINA_HOME:         /opt/lms/tomcat
21-Jan-2026 10:16:20.135 INFO [main] org.apache.catalina.startup.VersionLoggerListener.log Command line argument: --add-opens=java.base/java.lang=ALL-UNNAMED
21-Jan-2026 10:16:20.135 INFO [main] org.apache.catalina.startup.VersionLoggerListener.log Command line argument: --add-opens=java.base/java.io=ALL-UNNAMED
21-Jan-2026 10:16:20.135 INFO [main] org.apache.catalina.startup.VersionLoggerListener.log Command line argument: --add-opens=java.base/java.util=ALL-UNNAMED
21-Jan-2026 10:16:20.136 INFO [main] org.apache.catalina.startup.VersionLoggerListener.log Command line argument: --add-opens=java.base/java.util.concurrent=ALL-UNNAMED
21-Jan-2026 10:16:20.136 INFO [main] org.apache.catalina.startup.VersionLoggerListener.log Command line argument: --add-opens=java.rmi/sun.rmi.transport=ALL-UNNAMED
21-Jan-2026 10:16:20.136 INFO [main] org.apache.catalina.startup.VersionLoggerListener.log Command line argument: -Djava.util.logging.config.file=/opt/lms/tomcat/conf/logging.properties
21-Jan-2026 10:16:20.136 INFO [main] org.apache.catalina.startup.VersionLoggerListener.log Command line argument: -Djava.util.logging.manager=org.apache.juli.ClassLoaderLogManager
21-Jan-2026 10:16:20.136 INFO [main] org.apache.catalina.startup.VersionLoggerListener.log Command line argument: -Djdk.tls.ephemeralDHKeySize=2048
21-Jan-2026 10:16:20.136 INFO [main] org.apache.catalina.startup.VersionLoggerListener.log Command line argument: -Djava.protocol.handler.pkgs=org.apache.catalina.webresources
21-Jan-2026 10:16:20.136 INFO [main] org.apache.catalina.startup.VersionLoggerListener.log Command line argument: -Dorg.apache.catalina.security.SecurityListener.UMASK=0027
21-Jan-2026 10:16:20.136 INFO [main] org.apache.catalina.startup.VersionLoggerListener.log Command line argument: -Dignore.endorsed.dirs=
21-Jan-2026 10:16:20.136 INFO [main] org.apache.catalina.startup.VersionLoggerListener.log Command line argument: -Dcatalina.base=/opt/lms/tomcat
21-Jan-2026 10:16:20.136 INFO [main] org.apache.catalina.startup.VersionLoggerListener.log Command line argument: -Dcatalina.home=/opt/lms/tomcat
21-Jan-2026 10:16:20.136 INFO [main] org.apache.catalina.startup.VersionLoggerListener.log Command line argument: -Djava.io.tmpdir=/opt/lms/tomcat/temp
21-Jan-2026 10:16:20.141 INFO [main] org.apache.catalina.core.AprLifecycleListener.lifecycleEvent An older version [1.2.31] of the Apache Tomcat Native library is installed, while Tomcat recommends a minimum version of [1.3.0]
21-Jan-2026 10:16:20.141 INFO [main] org.apache.catalina.core.AprLifecycleListener.lifecycleEvent Loaded Apache Tomcat Native library [1.2.31] using APR version [1.7.0].
21-Jan-2026 10:16:20.142 INFO [main] org.apache.catalina.core.AprLifecycleListener.lifecycleEvent APR capabilities: IPv6 [true], sendfile [true], accept filters [false], random [true], UDS [true].
21-Jan-2026 10:16:20.142 INFO [main] org.apache.catalina.core.AprLifecycleListener.lifecycleEvent APR/OpenSSL configuration: useAprConnector [false], useOpenSSL [true]
21-Jan-2026 10:16:20.146 INFO [main] org.apache.catalina.core.AprLifecycleListener.initializeSSL OpenSSL successfully initialized [OpenSSL 3.0.2 15 Mar 2022]
21-Jan-2026 10:16:20.832 INFO [main] org.apache.coyote.AbstractProtocol.init Initializing ProtocolHandler ["http-nio-8001"]
21-Jan-2026 10:16:20.860 SEVERE [main] org.apache.catalina.util.LifecycleBase.handleSubClassException Failed to initialize component [Connector["http-nio-8001"]]
	org.apache.catalina.LifecycleException: Protocol handler initialization failed
		at org.apache.catalina.connector.Connector.initInternal(Connector.java:1027)
		at org.apache.catalina.util.LifecycleBase.init(LifecycleBase.java:122)
		at org.apache.catalina.core.StandardService.initInternal(StandardService.java:525)
		at org.apache.catalina.util.LifecycleBase.init(LifecycleBase.java:122)
		at org.apache.catalina.core.StandardServer.initInternal(StandardServer.java:986)
		at org.apache.catalina.util.LifecycleBase.init(LifecycleBase.java:122)
		at org.apache.catalina.startup.Catalina.load(Catalina.java:686)
		at org.apache.catalina.startup.Catalina.load(Catalina.java:709)
		at java.base/jdk.internal.reflect.NativeMethodAccessorImpl.invoke0(Native Method)
		at java.base/jdk.internal.reflect.NativeMethodAccessorImpl.invoke(NativeMethodAccessorImpl.java:62)
		at java.base/jdk.internal.reflect.DelegatingMethodAccessorImpl.invoke(DelegatingMethodAccessorImpl.java:43)
		at java.base/java.lang.reflect.Method.invoke(Method.java:566)
		at org.apache.catalina.startup.Bootstrap.load(Bootstrap.java:302)
		at org.apache.catalina.startup.Bootstrap.main(Bootstrap.java:472)
	Caused by: java.net.BindException: Address already in use
		at java.base/sun.nio.ch.Net.bind0(Native Method)
		at java.base/sun.nio.ch.Net.bind(Net.java:459)
		at java.base/sun.nio.ch.Net.bind(Net.java:448)
		at java.base/sun.nio.ch.ServerSocketChannelImpl.bind(ServerSocketChannelImpl.java:227)
		at org.apache.tomcat.util.net.NioEndpoint.initServerSocket(NioEndpoint.java:268)
		at org.apache.tomcat.util.net.NioEndpoint.bind(NioEndpoint.java:223)
		at org.apache.tomcat.util.net.AbstractEndpoint.bindWithCleanup(AbstractEndpoint.java:1373)
		at org.apache.tomcat.util.net.AbstractEndpoint.init(AbstractEndpoint.java:1386)
		at org.apache.coyote.AbstractProtocol.init(AbstractProtocol.java:663)
		at org.apache.coyote.http11.AbstractHttp11Protocol.init(AbstractHttp11Protocol.java:77)
		at org.apache.catalina.connector.Connector.initInternal(Connector.java:1025)
		... 13 more
21-Jan-2026 10:16:20.865 INFO [main] org.apache.catalina.startup.Catalina.load Server initialization in [1092] milliseconds
21-Jan-2026 10:16:21.021 INFO [main] org.apache.catalina.core.StandardService.startInternal Starting service [Catalina]
21-Jan-2026 10:16:21.021 INFO [main] org.apache.catalina.core.StandardEngine.startInternal Starting Servlet engine: [Apache Tomcat/9.0.96]
21-Jan-2026 10:16:21.050 INFO [main] org.apache.catalina.startup.HostConfig.deployWAR Deploying web application archive [/opt/lms/tomcat/webapps/ROOT.war]
21-Jan-2026 10:16:21.628 INFO [main] org.apache.catalina.startup.HostConfig.deployWAR Deployment of web application archive [/opt/lms/tomcat/webapps/ROOT.war] has finished in [577] ms
21-Jan-2026 10:16:21.629 INFO [main] org.apache.catalina.startup.HostConfig.deployDirectory Deploying web application directory [/opt/lms/tomcat/webapps/manager]
21-Jan-2026 10:16:21.726 INFO [main] org.apache.catalina.startup.HostConfig.deployDirectory Deployment of web application directory [/opt/lms/tomcat/webapps/manager] has finished in [97] ms
21-Jan-2026 10:16:21.727 INFO [main] org.apache.catalina.startup.HostConfig.deployDirectory Deploying web application directory [/opt/lms/tomcat/webapps/examples]
21-Jan-2026 10:16:22.168 INFO [main] org.apache.catalina.startup.HostConfig.deployDirectory Deployment of web application directory [/opt/lms/tomcat/webapps/examples] has finished in [441] ms
21-Jan-2026 10:16:22.170 INFO [main] org.apache.catalina.startup.HostConfig.deployDirectory Deploying web application directory [/opt/lms/tomcat/webapps/host-manager]
21-Jan-2026 10:16:22.197 INFO [main] org.apache.catalina.startup.HostConfig.deployDirectory Deployment of web application directory [/opt/lms/tomcat/webapps/host-manager] has finished in [26] ms
21-Jan-2026 10:16:22.197 INFO [main] org.apache.catalina.startup.HostConfig.deployDirectory Deploying web application directory [/opt/lms/tomcat/webapps/docs]
21-Jan-2026 10:16:22.218 INFO [main] org.apache.catalina.startup.HostConfig.deployDirectory Deployment of web application directory [/opt/lms/tomcat/webapps/docs] has finished in [21] ms
21-Jan-2026 10:16:22.226 INFO [main] org.apache.catalina.startup.Catalina.start Server startup in [1360] milliseconds
21-Jan-2026 10:16:22.237 SEVERE [main] org.apache.catalina.core.StandardServer.await Failed to create server shutdown socket on address [localhost] and port [8005] (base port [8005] and offset [0])
	java.net.BindException: Address already in use (Bind failed)
		at java.base/java.net.PlainSocketImpl.socketBind(Native Method)
		at java.base/java.net.AbstractPlainSocketImpl.bind(AbstractPlainSocketImpl.java:452)
		at java.base/java.net.ServerSocket.bind(ServerSocket.java:395)
		at java.base/java.net.ServerSocket.<init>(ServerSocket.java:257)
		at org.apache.catalina.core.StandardServer.await(StandardServer.java:537)
		at org.apache.catalina.startup.Catalina.await(Catalina.java:825)
		at org.apache.catalina.startup.Catalina.start(Catalina.java:773)
		at java.base/jdk.internal.reflect.NativeMethodAccessorImpl.invoke0(Native Method)
		at java.base/jdk.internal.reflect.NativeMethodAccessorImpl.invoke(NativeMethodAccessorImpl.java:62)
		at java.base/jdk.internal.reflect.DelegatingMethodAccessorImpl.invoke(DelegatingMethodAccessorImpl.java:43)
		at java.base/java.lang.reflect.Method.invoke(Method.java:566)
		at org.apache.catalina.startup.Bootstrap.start(Bootstrap.java:345)
		at org.apache.catalina.startup.Bootstrap.main(Bootstrap.java:473)
21-Jan-2026 10:16:22.240 INFO [main] org.apache.coyote.AbstractProtocol.pause Pausing ProtocolHandler ["http-nio-8001"]
21-Jan-2026 10:16:22.240 INFO [main] org.apache.catalina.core.StandardService.stopInternal Stopping service [Catalina]
21-Jan-2026 10:16:22.311 INFO [main] org.apache.coyote.AbstractProtocol.stop Stopping ProtocolHandler ["http-nio-8001"]
21-Jan-2026 10:16:22.315 INFO [main] org.apache.coyote.AbstractProtocol.destroy Destroying ProtocolHandler ["http-nio-8001"]
21-Jan-2026 10:16:22.835 INFO [main] org.apache.catalina.core.StandardServer.await A valid shutdown command was received via the shutdown port. Stopping the Server instance.
21-Jan-2026 10:16:22.837 INFO [main] org.apache.coyote.AbstractProtocol.pause Pausing ProtocolHandler ["http-nio-8001"]
21-Jan-2026 10:16:22.842 INFO [main] org.apache.catalina.core.StandardService.stopInternal Stopping service [Catalina]
21-Jan-2026 10:16:22.887 INFO [main] org.apache.coyote.AbstractProtocol.stop Stopping ProtocolHandler ["http-nio-8001"]
21-Jan-2026 10:16:22.898 INFO [main] org.apache.coyote.AbstractProtocol.destroy Destroying ProtocolHandler ["http-nio-8001"]
NOTE: Picked up JDK_JAVA_OPTIONS:  --add-opens=java.base/java.lang=ALL-UNNAMED --add-opens=java.base/java.io=ALL-UNNAMED --add-opens=java.base/java.util=ALL-UNNAMED --add-opens=java.base/java.util.concurrent=ALL-UNNAMED --add-opens=java.rmi/sun.rmi.transport=ALL-UNNAMED
21-Jan-2026 10:16:33.673 INFO [main] org.apache.catalina.startup.VersionLoggerListener.log Server version name:   Apache Tomcat/9.0.96
21-Jan-2026 10:16:33.679 INFO [main] org.apache.catalina.startup.VersionLoggerListener.log Server built:          Oct 3 2024 19:44:30 UTC
21-Jan-2026 10:16:33.679 INFO [main] org.apache.catalina.startup.VersionLoggerListener.log Server version number: 9.0.96.0
21-Jan-2026 10:16:33.679 INFO [main] org.apache.catalina.startup.VersionLoggerListener.log OS Name:               Linux
21-Jan-2026 10:16:33.679 INFO [main] org.apache.catalina.startup.VersionLoggerListener.log OS Version:            6.8.0-1044-aws
21-Jan-2026 10:16:33.679 INFO [main] org.apache.catalina.startup.VersionLoggerListener.log Architecture:          amd64
21-Jan-2026 10:16:33.680 INFO [main] org.apache.catalina.startup.VersionLoggerListener.log Java Home:             /usr/lib/jvm/java-11-openjdk-amd64
21-Jan-2026 10:16:33.680 INFO [main] org.apache.catalina.startup.VersionLoggerListener.log JVM Version:           11.0.29+7-post-Ubuntu-1ubuntu122.04
21-Jan-2026 10:16:33.680 INFO [main] org.apache.catalina.startup.VersionLoggerListener.log JVM Vendor:            Ubuntu
21-Jan-2026 10:16:33.680 INFO [main] org.apache.catalina.startup.VersionLoggerListener.log CATALINA_BASE:         /opt/lms/tomcat
21-Jan-2026 10:16:33.683 INFO [main] org.apache.catalina.startup.VersionLoggerListener.log CATALINA_HOME:         /opt/lms/tomcat
21-Jan-2026 10:16:33.705 INFO [main] org.apache.catalina.startup.VersionLoggerListener.log Command line argument: --add-opens=java.base/java.lang=ALL-UNNAMED
21-Jan-2026 10:16:33.707 INFO [main] org.apache.catalina.startup.VersionLoggerListener.log Command line argument: --add-opens=java.base/java.io=ALL-UNNAMED
21-Jan-2026 10:16:33.707 INFO [main] org.apache.catalina.startup.VersionLoggerListener.log Command line argument: --add-opens=java.base/java.util=ALL-UNNAMED
21-Jan-2026 10:16:33.707 INFO [main] org.apache.catalina.startup.VersionLoggerListener.log Command line argument: --add-opens=java.base/java.util.concurrent=ALL-UNNAMED
21-Jan-2026 10:16:33.709 INFO [main] org.apache.catalina.startup.VersionLoggerListener.log Command line argument: --add-opens=java.rmi/sun.rmi.transport=ALL-UNNAMED
21-Jan-2026 10:16:33.709 INFO [main] org.apache.catalina.startup.VersionLoggerListener.log Command line argument: -Djava.util.logging.config.file=/opt/lms/tomcat/conf/logging.properties
21-Jan-2026 10:16:33.709 INFO [main] org.apache.catalina.startup.VersionLoggerListener.log Command line argument: -Djava.util.logging.manager=org.apache.juli.ClassLoaderLogManager
21-Jan-2026 10:16:33.709 INFO [main] org.apache.catalina.startup.VersionLoggerListener.log Command line argument: -Djdk.tls.ephemeralDHKeySize=2048
21-Jan-2026 10:16:33.709 INFO [main] org.apache.catalina.startup.VersionLoggerListener.log Command line argument: -Djava.protocol.handler.pkgs=org.apache.catalina.webresources
21-Jan-2026 10:16:33.710 INFO [main] org.apache.catalina.startup.VersionLoggerListener.log Command line argument: -Dorg.apache.catalina.security.SecurityListener.UMASK=0027
21-Jan-2026 10:16:33.710 INFO [main] org.apache.catalina.startup.VersionLoggerListener.log Command line argument: -Dignore.endorsed.dirs=
21-Jan-2026 10:16:33.710 INFO [main] org.apache.catalina.startup.VersionLoggerListener.log Command line argument: -Dcatalina.base=/opt/lms/tomcat
21-Jan-2026 10:16:33.710 INFO [main] org.apache.catalina.startup.VersionLoggerListener.log Command line argument: -Dcatalina.home=/opt/lms/tomcat
21-Jan-2026 10:16:33.710 INFO [main] org.apache.catalina.startup.VersionLoggerListener.log Command line argument: -Djava.io.tmpdir=/opt/lms/tomcat/temp
21-Jan-2026 10:16:33.720 INFO [main] org.apache.catalina.core.AprLifecycleListener.lifecycleEvent An older version [1.2.31] of the Apache Tomcat Native library is installed, while Tomcat recommends a minimum version of [1.3.0]
21-Jan-2026 10:16:33.721 INFO [main] org.apache.catalina.core.AprLifecycleListener.lifecycleEvent Loaded Apache Tomcat Native library [1.2.31] using APR version [1.7.0].
21-Jan-2026 10:16:33.721 INFO [main] org.apache.catalina.core.AprLifecycleListener.lifecycleEvent APR capabilities: IPv6 [true], sendfile [true], accept filters [false], random [true], UDS [true].
21-Jan-2026 10:16:33.721 INFO [main] org.apache.catalina.core.AprLifecycleListener.lifecycleEvent APR/OpenSSL configuration: useAprConnector [false], useOpenSSL [true]
21-Jan-2026 10:16:33.727 INFO [main] org.apache.catalina.core.AprLifecycleListener.initializeSSL OpenSSL successfully initialized [OpenSSL 3.0.2 15 Mar 2022]
21-Jan-2026 10:16:34.331 INFO [main] org.apache.coyote.AbstractProtocol.init Initializing ProtocolHandler ["http-nio-8001"]
21-Jan-2026 10:16:34.398 INFO [main] org.apache.catalina.startup.Catalina.load Server initialization in [1093] milliseconds
21-Jan-2026 10:16:34.522 INFO [main] org.apache.catalina.core.StandardService.startInternal Starting service [Catalina]
21-Jan-2026 10:16:34.522 INFO [main] org.apache.catalina.core.StandardEngine.startInternal Starting Servlet engine: [Apache Tomcat/9.0.96]
21-Jan-2026 10:16:34.551 INFO [main] org.apache.catalina.startup.HostConfig.deployWAR Deploying web application archive [/opt/lms/tomcat/webapps/ROOT.war]
21-Jan-2026 10:16:35.060 INFO [main] org.apache.catalina.startup.HostConfig.deployWAR Deployment of web application archive [/opt/lms/tomcat/webapps/ROOT.war] has finished in [508] ms
21-Jan-2026 10:16:35.061 INFO [main] org.apache.catalina.startup.HostConfig.deployDirectory Deploying web application directory [/opt/lms/tomcat/webapps/manager]
21-Jan-2026 10:16:35.108 INFO [main] org.apache.catalina.startup.HostConfig.deployDirectory Deployment of web application directory [/opt/lms/tomcat/webapps/manager] has finished in [47] ms
21-Jan-2026 10:16:35.108 INFO [main] org.apache.catalina.startup.HostConfig.deployDirectory Deploying web application directory [/opt/lms/tomcat/webapps/examples]
21-Jan-2026 10:16:35.491 INFO [main] org.apache.catalina.startup.HostConfig.deployDirectory Deployment of web application directory [/opt/lms/tomcat/webapps/examples] has finished in [382] ms
21-Jan-2026 10:16:35.491 INFO [main] org.apache.catalina.startup.HostConfig.deployDirectory Deploying web application directory [/opt/lms/tomcat/webapps/host-manager]
21-Jan-2026 10:16:35.533 INFO [main] org.apache.catalina.startup.HostConfig.deployDirectory Deployment of web application directory [/opt/lms/tomcat/webapps/host-manager] has finished in [41] ms
21-Jan-2026 10:16:35.533 INFO [main] org.apache.catalina.startup.HostConfig.deployDirectory Deploying web application directory [/opt/lms/tomcat/webapps/docs]
21-Jan-2026 10:16:35.554 INFO [main] org.apache.catalina.startup.HostConfig.deployDirectory Deployment of web application directory [/opt/lms/tomcat/webapps/docs] has finished in [21] ms
21-Jan-2026 10:16:35.560 INFO [main] org.apache.coyote.AbstractProtocol.start Starting ProtocolHandler ["http-nio-8001"]
21-Jan-2026 10:16:35.590 INFO [main] org.apache.catalina.startup.Catalina.start Server startup in [1190] milliseconds
21-Jan-2026 10:18:12.041 INFO [main] org.apache.catalina.core.StandardServer.await A valid shutdown command was received via the shutdown port. Stopping the Server instance.
21-Jan-2026 10:18:12.043 INFO [main] org.apache.coyote.AbstractProtocol.pause Pausing ProtocolHandler ["http-nio-8001"]
21-Jan-2026 10:18:12.057 INFO [main] org.apache.catalina.core.StandardService.stopInternal Stopping service [Catalina]
NOTE: Picked up JDK_JAVA_OPTIONS:  --add-opens=java.base/java.lang=ALL-UNNAMED --add-opens=java.base/java.io=ALL-UNNAMED --add-opens=java.base/java.util=ALL-UNNAMED --add-opens=java.base/java.util.concurrent=ALL-UNNAMED --add-opens=java.rmi/sun.rmi.transport=ALL-UNNAMED
21-Jan-2026 10:18:12.138 INFO [main] org.apache.coyote.AbstractProtocol.stop Stopping ProtocolHandler ["http-nio-8001"]
21-Jan-2026 10:18:12.156 INFO [main] org.apache.coyote.AbstractProtocol.destroy Destroying ProtocolHandler ["http-nio-8001"]
21-Jan-2026 10:18:13.058 INFO [main] org.apache.catalina.startup.VersionLoggerListener.log Server version name:   Apache Tomcat/9.0.96
21-Jan-2026 10:18:13.070 INFO [main] org.apache.catalina.startup.VersionLoggerListener.log Server built:          Oct 3 2024 19:44:30 UTC
21-Jan-2026 10:18:13.070 INFO [main] org.apache.catalina.startup.VersionLoggerListener.log Server version number: 9.0.96.0
21-Jan-2026 10:18:13.070 INFO [main] org.apache.catalina.startup.VersionLoggerListener.log OS Name:               Linux
21-Jan-2026 10:18:13.070 INFO [main] org.apache.catalina.startup.VersionLoggerListener.log OS Version:            6.8.0-1044-aws
21-Jan-2026 10:18:13.070 INFO [main] org.apache.catalina.startup.VersionLoggerListener.log Architecture:          amd64
21-Jan-2026 10:18:13.070 INFO [main] org.apache.catalina.startup.VersionLoggerListener.log Java Home:             /usr/lib/jvm/java-17-openjdk-amd64
21-Jan-2026 10:18:13.071 INFO [main] org.apache.catalina.startup.VersionLoggerListener.log JVM Version:           17.0.17+10-Ubuntu-122.04
21-Jan-2026 10:18:13.072 INFO [main] org.apache.catalina.startup.VersionLoggerListener.log JVM Vendor:            Ubuntu
21-Jan-2026 10:18:13.072 INFO [main] org.apache.catalina.startup.VersionLoggerListener.log CATALINA_BASE:         /opt/lms/tomcat
21-Jan-2026 10:18:13.073 INFO [main] org.apache.catalina.startup.VersionLoggerListener.log CATALINA_HOME:         /opt/lms/tomcat
21-Jan-2026 10:18:13.099 INFO [main] org.apache.catalina.startup.VersionLoggerListener.log Command line argument: --add-opens=java.base/java.lang=ALL-UNNAMED
21-Jan-2026 10:18:13.100 INFO [main] org.apache.catalina.startup.VersionLoggerListener.log Command line argument: --add-opens=java.base/java.io=ALL-UNNAMED
21-Jan-2026 10:18:13.100 INFO [main] org.apache.catalina.startup.VersionLoggerListener.log Command line argument: --add-opens=java.base/java.util=ALL-UNNAMED
21-Jan-2026 10:18:13.101 INFO [main] org.apache.catalina.startup.VersionLoggerListener.log Command line argument: --add-opens=java.base/java.util.concurrent=ALL-UNNAMED
21-Jan-2026 10:18:13.101 INFO [main] org.apache.catalina.startup.VersionLoggerListener.log Command line argument: --add-opens=java.rmi/sun.rmi.transport=ALL-UNNAMED
21-Jan-2026 10:18:13.101 INFO [main] org.apache.catalina.startup.VersionLoggerListener.log Command line argument: -Djava.util.logging.config.file=/opt/lms/tomcat/conf/logging.properties
21-Jan-2026 10:18:13.101 INFO [main] org.apache.catalina.startup.VersionLoggerListener.log Command line argument: -Djava.util.logging.manager=org.apache.juli.ClassLoaderLogManager
21-Jan-2026 10:18:13.101 INFO [main] org.apache.catalina.startup.VersionLoggerListener.log Command line argument: -Djdk.tls.ephemeralDHKeySize=2048
21-Jan-2026 10:18:13.105 INFO [main] org.apache.catalina.startup.VersionLoggerListener.log Command line argument: -Djava.protocol.handler.pkgs=org.apache.catalina.webresources
21-Jan-2026 10:18:13.105 INFO [main] org.apache.catalina.startup.VersionLoggerListener.log Command line argument: -Dorg.apache.catalina.security.SecurityListener.UMASK=0027
21-Jan-2026 10:18:13.106 INFO [main] org.apache.catalina.startup.VersionLoggerListener.log Command line argument: -Dignore.endorsed.dirs=
21-Jan-2026 10:18:13.106 INFO [main] org.apache.catalina.startup.VersionLoggerListener.log Command line argument: -Dcatalina.base=/opt/lms/tomcat
21-Jan-2026 10:18:13.106 INFO [main] org.apache.catalina.startup.VersionLoggerListener.log Command line argument: -Dcatalina.home=/opt/lms/tomcat
21-Jan-2026 10:18:13.106 INFO [main] org.apache.catalina.startup.VersionLoggerListener.log Command line argument: -Djava.io.tmpdir=/opt/lms/tomcat/temp
21-Jan-2026 10:18:13.121 INFO [main] org.apache.catalina.core.AprLifecycleListener.lifecycleEvent An older version [1.2.31] of the Apache Tomcat Native library is installed, while Tomcat recommends a minimum version of [1.3.0]
21-Jan-2026 10:18:13.122 INFO [main] org.apache.catalina.core.AprLifecycleListener.lifecycleEvent Loaded Apache Tomcat Native library [1.2.31] using APR version [1.7.0].
21-Jan-2026 10:18:13.122 INFO [main] org.apache.catalina.core.AprLifecycleListener.lifecycleEvent APR capabilities: IPv6 [true], sendfile [true], accept filters [false], random [true], UDS [true].
21-Jan-2026 10:18:13.122 INFO [main] org.apache.catalina.core.AprLifecycleListener.lifecycleEvent APR/OpenSSL configuration: useAprConnector [false], useOpenSSL [true]
21-Jan-2026 10:18:13.137 INFO [main] org.apache.catalina.core.AprLifecycleListener.initializeSSL OpenSSL successfully initialized [OpenSSL 3.0.2 15 Mar 2022]
21-Jan-2026 10:18:13.798 INFO [main] org.apache.coyote.AbstractProtocol.init Initializing ProtocolHandler ["http-nio-8001"]
21-Jan-2026 10:18:13.832 INFO [main] org.apache.catalina.startup.Catalina.load Server initialization in [1306] milliseconds
21-Jan-2026 10:18:13.909 INFO [main] org.apache.catalina.core.StandardService.startInternal Starting service [Catalina]
21-Jan-2026 10:18:13.909 INFO [main] org.apache.catalina.core.StandardEngine.startInternal Starting Servlet engine: [Apache Tomcat/9.0.96]
21-Jan-2026 10:18:13.929 INFO [main] org.apache.catalina.startup.HostConfig.deployWAR Deploying web application archive [/opt/lms/tomcat/webapps/ROOT.war]
21-Jan-2026 10:18:14.412 INFO [main] org.apache.catalina.startup.HostConfig.deployWAR Deployment of web application archive [/opt/lms/tomcat/webapps/ROOT.war] has finished in [483] ms
21-Jan-2026 10:18:14.413 INFO [main] org.apache.catalina.startup.HostConfig.deployDirectory Deploying web application directory [/opt/lms/tomcat/webapps/manager]
21-Jan-2026 10:18:14.489 INFO [main] org.apache.catalina.startup.HostConfig.deployDirectory Deployment of web application directory [/opt/lms/tomcat/webapps/manager] has finished in [76] ms
21-Jan-2026 10:18:14.490 INFO [main] org.apache.catalina.startup.HostConfig.deployDirectory Deploying web application directory [/opt/lms/tomcat/webapps/examples]
21-Jan-2026 10:18:14.860 INFO [main] org.apache.catalina.startup.HostConfig.deployDirectory Deployment of web application directory [/opt/lms/tomcat/webapps/examples] has finished in [370] ms
21-Jan-2026 10:18:14.861 INFO [main] org.apache.catalina.startup.HostConfig.deployDirectory Deploying web application directory [/opt/lms/tomcat/webapps/host-manager]
21-Jan-2026 10:18:14.896 INFO [main] org.apache.catalina.startup.HostConfig.deployDirectory Deployment of web application directory [/opt/lms/tomcat/webapps/host-manager] has finished in [35] ms
21-Jan-2026 10:18:14.897 INFO [main] org.apache.catalina.startup.HostConfig.deployDirectory Deploying web application directory [/opt/lms/tomcat/webapps/docs]
21-Jan-2026 10:18:14.932 INFO [main] org.apache.catalina.startup.HostConfig.deployDirectory Deployment of web application directory [/opt/lms/tomcat/webapps/docs] has finished in [35] ms
21-Jan-2026 10:18:14.940 INFO [main] org.apache.coyote.AbstractProtocol.start Starting ProtocolHandler ["http-nio-8001"]
21-Jan-2026 10:18:14.954 INFO [main] org.apache.catalina.startup.Catalina.start Server startup in [1121] milliseconds
NOTE: Picked up JDK_JAVA_OPTIONS:  --add-opens=java.base/java.lang=ALL-UNNAMED --add-opens=java.base/java.io=ALL-UNNAMED --add-opens=java.base/java.util=ALL-UNNAMED --add-opens=java.base/java.util.concurrent=ALL-UNNAMED --add-opens=java.rmi/sun.rmi.transport=ALL-UNNAMED
21-Jan-2026 10:18:24.083 INFO [main] org.apache.catalina.startup.VersionLoggerListener.log Server version name:   Apache Tomcat/9.0.96
21-Jan-2026 10:18:24.087 INFO [main] org.apache.catalina.startup.VersionLoggerListener.log Server built:          Oct 3 2024 19:44:30 UTC
21-Jan-2026 10:18:24.088 INFO [main] org.apache.catalina.startup.VersionLoggerListener.log Server version number: 9.0.96.0
21-Jan-2026 10:18:24.088 INFO [main] org.apache.catalina.startup.VersionLoggerListener.log OS Name:               Linux
21-Jan-2026 10:18:24.088 INFO [main] org.apache.catalina.startup.VersionLoggerListener.log OS Version:            6.8.0-1044-aws
21-Jan-2026 10:18:24.089 INFO [main] org.apache.catalina.startup.VersionLoggerListener.log Architecture:          amd64
21-Jan-2026 10:18:24.089 INFO [main] org.apache.catalina.startup.VersionLoggerListener.log Java Home:             /usr/lib/jvm/java-11-openjdk-amd64
21-Jan-2026 10:18:24.089 INFO [main] org.apache.catalina.startup.VersionLoggerListener.log JVM Version:           11.0.29+7-post-Ubuntu-1ubuntu122.04
21-Jan-2026 10:18:24.089 INFO [main] org.apache.catalina.startup.VersionLoggerListener.log JVM Vendor:            Ubuntu
21-Jan-2026 10:18:24.090 INFO [main] org.apache.catalina.startup.VersionLoggerListener.log CATALINA_BASE:         /opt/lms/tomcat
21-Jan-2026 10:18:24.090 INFO [main] org.apache.catalina.startup.VersionLoggerListener.log CATALINA_HOME:         /opt/lms/tomcat
21-Jan-2026 10:18:24.128 INFO [main] org.apache.catalina.startup.VersionLoggerListener.log Command line argument: --add-opens=java.base/java.lang=ALL-UNNAMED
21-Jan-2026 10:18:24.129 INFO [main] org.apache.catalina.startup.VersionLoggerListener.log Command line argument: --add-opens=java.base/java.io=ALL-UNNAMED
21-Jan-2026 10:18:24.129 INFO [main] org.apache.catalina.startup.VersionLoggerListener.log Command line argument: --add-opens=java.base/java.util=ALL-UNNAMED
21-Jan-2026 10:18:24.129 INFO [main] org.apache.catalina.startup.VersionLoggerListener.log Command line argument: --add-opens=java.base/java.util.concurrent=ALL-UNNAMED
21-Jan-2026 10:18:24.129 INFO [main] org.apache.catalina.startup.VersionLoggerListener.log Command line argument: --add-opens=java.rmi/sun.rmi.transport=ALL-UNNAMED
21-Jan-2026 10:18:24.129 INFO [main] org.apache.catalina.startup.VersionLoggerListener.log Command line argument: -Djava.util.logging.config.file=/opt/lms/tomcat/conf/logging.properties
21-Jan-2026 10:18:24.129 INFO [main] org.apache.catalina.startup.VersionLoggerListener.log Command line argument: -Djava.util.logging.manager=org.apache.juli.ClassLoaderLogManager
21-Jan-2026 10:18:24.129 INFO [main] org.apache.catalina.startup.VersionLoggerListener.log Command line argument: -Djdk.tls.ephemeralDHKeySize=2048
21-Jan-2026 10:18:24.130 INFO [main] org.apache.catalina.startup.VersionLoggerListener.log Command line argument: -Djava.protocol.handler.pkgs=org.apache.catalina.webresources
21-Jan-2026 10:18:24.130 INFO [main] org.apache.catalina.startup.VersionLoggerListener.log Command line argument: -Dorg.apache.catalina.security.SecurityListener.UMASK=0027
21-Jan-2026 10:18:24.130 INFO [main] org.apache.catalina.startup.VersionLoggerListener.log Command line argument: -Dignore.endorsed.dirs=
21-Jan-2026 10:18:24.130 INFO [main] org.apache.catalina.startup.VersionLoggerListener.log Command line argument: -Dcatalina.base=/opt/lms/tomcat
21-Jan-2026 10:18:24.133 INFO [main] org.apache.catalina.startup.VersionLoggerListener.log Command line argument: -Dcatalina.home=/opt/lms/tomcat
21-Jan-2026 10:18:24.135 INFO [main] org.apache.catalina.startup.VersionLoggerListener.log Command line argument: -Djava.io.tmpdir=/opt/lms/tomcat/temp
21-Jan-2026 10:18:24.146 INFO [main] org.apache.catalina.core.AprLifecycleListener.lifecycleEvent An older version [1.2.31] of the Apache Tomcat Native library is installed, while Tomcat recommends a minimum version of [1.3.0]
21-Jan-2026 10:18:24.146 INFO [main] org.apache.catalina.core.AprLifecycleListener.lifecycleEvent Loaded Apache Tomcat Native library [1.2.31] using APR version [1.7.0].
21-Jan-2026 10:18:24.147 INFO [main] org.apache.catalina.core.AprLifecycleListener.lifecycleEvent APR capabilities: IPv6 [true], sendfile [true], accept filters [false], random [true], UDS [true].
21-Jan-2026 10:18:24.147 INFO [main] org.apache.catalina.core.AprLifecycleListener.lifecycleEvent APR/OpenSSL configuration: useAprConnector [false], useOpenSSL [true]
21-Jan-2026 10:18:24.155 INFO [main] org.apache.catalina.core.AprLifecycleListener.initializeSSL OpenSSL successfully initialized [OpenSSL 3.0.2 15 Mar 2022]
21-Jan-2026 10:18:24.838 INFO [main] org.apache.coyote.AbstractProtocol.init Initializing ProtocolHandler ["http-nio-8001"]
21-Jan-2026 10:18:24.875 SEVERE [main] org.apache.catalina.util.LifecycleBase.handleSubClassException Failed to initialize component [Connector["http-nio-8001"]]
	org.apache.catalina.LifecycleException: Protocol handler initialization failed
		at org.apache.catalina.connector.Connector.initInternal(Connector.java:1027)
		at org.apache.catalina.util.LifecycleBase.init(LifecycleBase.java:122)
		at org.apache.catalina.core.StandardService.initInternal(StandardService.java:525)
		at org.apache.catalina.util.LifecycleBase.init(LifecycleBase.java:122)
		at org.apache.catalina.core.StandardServer.initInternal(StandardServer.java:986)
		at org.apache.catalina.util.LifecycleBase.init(LifecycleBase.java:122)
		at org.apache.catalina.startup.Catalina.load(Catalina.java:686)
		at org.apache.catalina.startup.Catalina.load(Catalina.java:709)
		at java.base/jdk.internal.reflect.NativeMethodAccessorImpl.invoke0(Native Method)
		at java.base/jdk.internal.reflect.NativeMethodAccessorImpl.invoke(NativeMethodAccessorImpl.java:62)
		at java.base/jdk.internal.reflect.DelegatingMethodAccessorImpl.invoke(DelegatingMethodAccessorImpl.java:43)
		at java.base/java.lang.reflect.Method.invoke(Method.java:566)
		at org.apache.catalina.startup.Bootstrap.load(Bootstrap.java:302)
		at org.apache.catalina.startup.Bootstrap.main(Bootstrap.java:472)
	Caused by: java.net.BindException: Address already in use
		at java.base/sun.nio.ch.Net.bind0(Native Method)
		at java.base/sun.nio.ch.Net.bind(Net.java:459)
		at java.base/sun.nio.ch.Net.bind(Net.java:448)
		at java.base/sun.nio.ch.ServerSocketChannelImpl.bind(ServerSocketChannelImpl.java:227)
		at org.apache.tomcat.util.net.NioEndpoint.initServerSocket(NioEndpoint.java:268)
		at org.apache.tomcat.util.net.NioEndpoint.bind(NioEndpoint.java:223)
		at org.apache.tomcat.util.net.AbstractEndpoint.bindWithCleanup(AbstractEndpoint.java:1373)
		at org.apache.tomcat.util.net.AbstractEndpoint.init(AbstractEndpoint.java:1386)
		at org.apache.coyote.AbstractProtocol.init(AbstractProtocol.java:663)
		at org.apache.coyote.http11.AbstractHttp11Protocol.init(AbstractHttp11Protocol.java:77)
		at org.apache.catalina.connector.Connector.initInternal(Connector.java:1025)
		... 13 more
21-Jan-2026 10:18:24.877 INFO [main] org.apache.catalina.startup.Catalina.load Server initialization in [1133] milliseconds
21-Jan-2026 10:18:25.010 INFO [main] org.apache.catalina.core.StandardService.startInternal Starting service [Catalina]
21-Jan-2026 10:18:25.010 INFO [main] org.apache.catalina.core.StandardEngine.startInternal Starting Servlet engine: [Apache Tomcat/9.0.96]
21-Jan-2026 10:18:25.037 INFO [main] org.apache.catalina.startup.HostConfig.deployWAR Deploying web application archive [/opt/lms/tomcat/webapps/ROOT.war]
21-Jan-2026 10:18:25.516 INFO [main] org.apache.catalina.startup.HostConfig.deployWAR Deployment of web application archive [/opt/lms/tomcat/webapps/ROOT.war] has finished in [478] ms
21-Jan-2026 10:18:25.517 INFO [main] org.apache.catalina.startup.HostConfig.deployDirectory Deploying web application directory [/opt/lms/tomcat/webapps/manager]
21-Jan-2026 10:18:25.579 INFO [main] org.apache.catalina.startup.HostConfig.deployDirectory Deployment of web application directory [/opt/lms/tomcat/webapps/manager] has finished in [62] ms
21-Jan-2026 10:18:25.579 INFO [main] org.apache.catalina.startup.HostConfig.deployDirectory Deploying web application directory [/opt/lms/tomcat/webapps/examples]
21-Jan-2026 10:18:25.945 INFO [main] org.apache.catalina.startup.HostConfig.deployDirectory Deployment of web application directory [/opt/lms/tomcat/webapps/examples] has finished in [366] ms
21-Jan-2026 10:18:25.945 INFO [main] org.apache.catalina.startup.HostConfig.deployDirectory Deploying web application directory [/opt/lms/tomcat/webapps/host-manager]
21-Jan-2026 10:18:25.994 INFO [main] org.apache.catalina.startup.HostConfig.deployDirectory Deployment of web application directory [/opt/lms/tomcat/webapps/host-manager] has finished in [49] ms
21-Jan-2026 10:18:25.996 INFO [main] org.apache.catalina.startup.HostConfig.deployDirectory Deploying web application directory [/opt/lms/tomcat/webapps/docs]
21-Jan-2026 10:18:26.028 INFO [main] org.apache.catalina.startup.HostConfig.deployDirectory Deployment of web application directory [/opt/lms/tomcat/webapps/docs] has finished in [32] ms
21-Jan-2026 10:18:26.035 INFO [main] org.apache.catalina.startup.Catalina.start Server startup in [1158] milliseconds
21-Jan-2026 10:18:26.038 SEVERE [main] org.apache.catalina.core.StandardServer.await Failed to create server shutdown socket on address [localhost] and port [8005] (base port [8005] and offset [0])
	java.net.BindException: Address already in use (Bind failed)
		at java.base/java.net.PlainSocketImpl.socketBind(Native Method)
		at java.base/java.net.AbstractPlainSocketImpl.bind(AbstractPlainSocketImpl.java:452)
		at java.base/java.net.ServerSocket.bind(ServerSocket.java:395)
		at java.base/java.net.ServerSocket.<init>(ServerSocket.java:257)
		at org.apache.catalina.core.StandardServer.await(StandardServer.java:537)
		at org.apache.catalina.startup.Catalina.await(Catalina.java:825)
		at org.apache.catalina.startup.Catalina.start(Catalina.java:773)
		at java.base/jdk.internal.reflect.NativeMethodAccessorImpl.invoke0(Native Method)
		at java.base/jdk.internal.reflect.NativeMethodAccessorImpl.invoke(NativeMethodAccessorImpl.java:62)
		at java.base/jdk.internal.reflect.DelegatingMethodAccessorImpl.invoke(DelegatingMethodAccessorImpl.java:43)
		at java.base/java.lang.reflect.Method.invoke(Method.java:566)
		at org.apache.catalina.startup.Bootstrap.start(Bootstrap.java:345)
		at org.apache.catalina.startup.Bootstrap.main(Bootstrap.java:473)
21-Jan-2026 10:18:26.039 INFO [main] org.apache.coyote.AbstractProtocol.pause Pausing ProtocolHandler ["http-nio-8001"]
21-Jan-2026 10:18:26.040 INFO [main] org.apache.catalina.core.StandardService.stopInternal Stopping service [Catalina]
21-Jan-2026 10:18:26.069 INFO [main] org.apache.coyote.AbstractProtocol.stop Stopping ProtocolHandler ["http-nio-8001"]
21-Jan-2026 10:18:26.071 INFO [main] org.apache.coyote.AbstractProtocol.destroy Destroying ProtocolHandler ["http-nio-8001"]
21-Jan-2026 10:18:26.502 INFO [main] org.apache.catalina.core.StandardServer.await A valid shutdown command was received via the shutdown port. Stopping the Server instance.
21-Jan-2026 10:18:26.502 INFO [main] org.apache.coyote.AbstractProtocol.pause Pausing ProtocolHandler ["http-nio-8001"]
21-Jan-2026 10:18:26.510 INFO [main] org.apache.catalina.core.StandardService.stopInternal Stopping service [Catalina]
21-Jan-2026 10:18:26.554 INFO [main] org.apache.coyote.AbstractProtocol.stop Stopping ProtocolHandler ["http-nio-8001"]
21-Jan-2026 10:18:26.564 INFO [main] org.apache.coyote.AbstractProtocol.destroy Destroying ProtocolHandler ["http-nio-8001"]
NOTE: Picked up JDK_JAVA_OPTIONS:  --add-opens=java.base/java.lang=ALL-UNNAMED --add-opens=java.base/java.io=ALL-UNNAMED --add-opens=java.base/java.util=ALL-UNNAMED --add-opens=java.base/java.util.concurrent=ALL-UNNAMED --add-opens=java.rmi/sun.rmi.transport=ALL-UNNAMED
21-Jan-2026 10:18:37.418 INFO [main] org.apache.catalina.startup.VersionLoggerListener.log Server version name:   Apache Tomcat/9.0.96
21-Jan-2026 10:18:37.422 INFO [main] org.apache.catalina.startup.VersionLoggerListener.log Server built:          Oct 3 2024 19:44:30 UTC
21-Jan-2026 10:18:37.423 INFO [main] org.apache.catalina.startup.VersionLoggerListener.log Server version number: 9.0.96.0
21-Jan-2026 10:18:37.423 INFO [main] org.apache.catalina.startup.VersionLoggerListener.log OS Name:               Linux
21-Jan-2026 10:18:37.423 INFO [main] org.apache.catalina.startup.VersionLoggerListener.log OS Version:            6.8.0-1044-aws
21-Jan-2026 10:18:37.423 INFO [main] org.apache.catalina.startup.VersionLoggerListener.log Architecture:          amd64
21-Jan-2026 10:18:37.423 INFO [main] org.apache.catalina.startup.VersionLoggerListener.log Java Home:             /usr/lib/jvm/java-11-openjdk-amd64
21-Jan-2026 10:18:37.424 INFO [main] org.apache.catalina.startup.VersionLoggerListener.log JVM Version:           11.0.29+7-post-Ubuntu-1ubuntu122.04
21-Jan-2026 10:18:37.424 INFO [main] org.apache.catalina.startup.VersionLoggerListener.log JVM Vendor:            Ubuntu
21-Jan-2026 10:18:37.424 INFO [main] org.apache.catalina.startup.VersionLoggerListener.log CATALINA_BASE:         /opt/lms/tomcat
21-Jan-2026 10:18:37.424 INFO [main] org.apache.catalina.startup.VersionLoggerListener.log CATALINA_HOME:         /opt/lms/tomcat
21-Jan-2026 10:18:37.446 INFO [main] org.apache.catalina.startup.VersionLoggerListener.log Command line argument: --add-opens=java.base/java.lang=ALL-UNNAMED
21-Jan-2026 10:18:37.446 INFO [main] org.apache.catalina.startup.VersionLoggerListener.log Command line argument: --add-opens=java.base/java.io=ALL-UNNAMED
21-Jan-2026 10:18:37.447 INFO [main] org.apache.catalina.startup.VersionLoggerListener.log Command line argument: --add-opens=java.base/java.util=ALL-UNNAMED
21-Jan-2026 10:18:37.447 INFO [main] org.apache.catalina.startup.VersionLoggerListener.log Command line argument: --add-opens=java.base/java.util.concurrent=ALL-UNNAMED
21-Jan-2026 10:18:37.447 INFO [main] org.apache.catalina.startup.VersionLoggerListener.log Command line argument: --add-opens=java.rmi/sun.rmi.transport=ALL-UNNAMED
21-Jan-2026 10:18:37.447 INFO [main] org.apache.catalina.startup.VersionLoggerListener.log Command line argument: -Djava.util.logging.config.file=/opt/lms/tomcat/conf/logging.properties
21-Jan-2026 10:18:37.450 INFO [main] org.apache.catalina.startup.VersionLoggerListener.log Command line argument: -Djava.util.logging.manager=org.apache.juli.ClassLoaderLogManager
21-Jan-2026 10:18:37.450 INFO [main] org.apache.catalina.startup.VersionLoggerListener.log Command line argument: -Djdk.tls.ephemeralDHKeySize=2048
21-Jan-2026 10:18:37.451 INFO [main] org.apache.catalina.startup.VersionLoggerListener.log Command line argument: -Djava.protocol.handler.pkgs=org.apache.catalina.webresources
21-Jan-2026 10:18:37.451 INFO [main] org.apache.catalina.startup.VersionLoggerListener.log Command line argument: -Dorg.apache.catalina.security.SecurityListener.UMASK=0027
21-Jan-2026 10:18:37.451 INFO [main] org.apache.catalina.startup.VersionLoggerListener.log Command line argument: -Dignore.endorsed.dirs=
21-Jan-2026 10:18:37.451 INFO [main] org.apache.catalina.startup.VersionLoggerListener.log Command line argument: -Dcatalina.base=/opt/lms/tomcat
21-Jan-2026 10:18:37.451 INFO [main] org.apache.catalina.startup.VersionLoggerListener.log Command line argument: -Dcatalina.home=/opt/lms/tomcat
21-Jan-2026 10:18:37.453 INFO [main] org.apache.catalina.startup.VersionLoggerListener.log Command line argument: -Djava.io.tmpdir=/opt/lms/tomcat/temp
21-Jan-2026 10:18:37.463 INFO [main] org.apache.catalina.core.AprLifecycleListener.lifecycleEvent An older version [1.2.31] of the Apache Tomcat Native library is installed, while Tomcat recommends a minimum version of [1.3.0]
21-Jan-2026 10:18:37.465 INFO [main] org.apache.catalina.core.AprLifecycleListener.lifecycleEvent Loaded Apache Tomcat Native library [1.2.31] using APR version [1.7.0].
21-Jan-2026 10:18:37.465 INFO [main] org.apache.catalina.core.AprLifecycleListener.lifecycleEvent APR capabilities: IPv6 [true], sendfile [true], accept filters [false], random [true], UDS [true].
21-Jan-2026 10:18:37.465 INFO [main] org.apache.catalina.core.AprLifecycleListener.lifecycleEvent APR/OpenSSL configuration: useAprConnector [false], useOpenSSL [true]
21-Jan-2026 10:18:37.474 INFO [main] org.apache.catalina.core.AprLifecycleListener.initializeSSL OpenSSL successfully initialized [OpenSSL 3.0.2 15 Mar 2022]
21-Jan-2026 10:18:38.090 INFO [main] org.apache.coyote.AbstractProtocol.init Initializing ProtocolHandler ["http-nio-8001"]
21-Jan-2026 10:18:38.145 INFO [main] org.apache.catalina.startup.Catalina.load Server initialization in [1116] milliseconds
21-Jan-2026 10:18:38.252 INFO [main] org.apache.catalina.core.StandardService.startInternal Starting service [Catalina]
21-Jan-2026 10:18:38.252 INFO [main] org.apache.catalina.core.StandardEngine.startInternal Starting Servlet engine: [Apache Tomcat/9.0.96]
21-Jan-2026 10:18:38.273 INFO [main] org.apache.catalina.startup.HostConfig.deployWAR Deploying web application archive [/opt/lms/tomcat/webapps/ROOT.war]
21-Jan-2026 10:18:38.687 INFO [main] org.apache.catalina.startup.HostConfig.deployWAR Deployment of web application archive [/opt/lms/tomcat/webapps/ROOT.war] has finished in [414] ms
21-Jan-2026 10:18:38.689 INFO [main] org.apache.catalina.startup.HostConfig.deployDirectory Deploying web application directory [/opt/lms/tomcat/webapps/manager]
21-Jan-2026 10:18:38.773 INFO [main] org.apache.catalina.startup.HostConfig.deployDirectory Deployment of web application directory [/opt/lms/tomcat/webapps/manager] has finished in [85] ms
21-Jan-2026 10:18:38.774 INFO [main] org.apache.catalina.startup.HostConfig.deployDirectory Deploying web application directory [/opt/lms/tomcat/webapps/examples]
21-Jan-2026 10:18:39.179 INFO [main] org.apache.catalina.startup.HostConfig.deployDirectory Deployment of web application directory [/opt/lms/tomcat/webapps/examples] has finished in [404] ms
21-Jan-2026 10:18:39.180 INFO [main] org.apache.catalina.startup.HostConfig.deployDirectory Deploying web application directory [/opt/lms/tomcat/webapps/host-manager]
21-Jan-2026 10:18:39.208 INFO [main] org.apache.catalina.startup.HostConfig.deployDirectory Deployment of web application directory [/opt/lms/tomcat/webapps/host-manager] has finished in [28] ms
21-Jan-2026 10:18:39.208 INFO [main] org.apache.catalina.startup.HostConfig.deployDirectory Deploying web application directory [/opt/lms/tomcat/webapps/docs]
21-Jan-2026 10:18:39.242 INFO [main] org.apache.catalina.startup.HostConfig.deployDirectory Deployment of web application directory [/opt/lms/tomcat/webapps/docs] has finished in [34] ms
21-Jan-2026 10:18:39.251 INFO [main] org.apache.coyote.AbstractProtocol.start Starting ProtocolHandler ["http-nio-8001"]
21-Jan-2026 10:18:39.283 INFO [main] org.apache.catalina.startup.Catalina.start Server startup in [1137] milliseconds
21-Jan-2026 11:05:29.741 INFO [main] org.apache.catalina.core.StandardServer.await A valid shutdown command was received via the shutdown port. Stopping the Server instance.
21-Jan-2026 11:05:29.953 INFO [main] org.apache.coyote.AbstractProtocol.pause Pausing ProtocolHandler ["http-nio-8001"]
21-Jan-2026 11:05:30.301 INFO [main] org.apache.catalina.core.StandardService.stopInternal Stopping service [Catalina]
21-Jan-2026 11:05:31.126 INFO [main] org.apache.coyote.AbstractProtocol.stop Stopping ProtocolHandler ["http-nio-8001"]
21-Jan-2026 11:05:31.193 INFO [main] org.apache.coyote.AbstractProtocol.destroy Destroying ProtocolHandler ["http-nio-8001"]
NOTE: Picked up JDK_JAVA_OPTIONS:  --add-opens=java.base/java.lang=ALL-UNNAMED --add-opens=java.base/java.io=ALL-UNNAMED --add-opens=java.base/java.util=ALL-UNNAMED --add-opens=java.base/java.util.concurrent=ALL-UNNAMED --add-opens=java.rmi/sun.rmi.transport=ALL-UNNAMED
21-Jan-2026 11:05:39.124 INFO [main] org.apache.catalina.startup.VersionLoggerListener.log Server version name:   Apache Tomcat/9.0.96
21-Jan-2026 11:05:39.133 INFO [main] org.apache.catalina.startup.VersionLoggerListener.log Server built:          Oct 3 2024 19:44:30 UTC
21-Jan-2026 11:05:39.135 INFO [main] org.apache.catalina.startup.VersionLoggerListener.log Server version number: 9.0.96.0
21-Jan-2026 11:05:39.136 INFO [main] org.apache.catalina.startup.VersionLoggerListener.log OS Name:               Linux
21-Jan-2026 11:05:39.136 INFO [main] org.apache.catalina.startup.VersionLoggerListener.log OS Version:            6.8.0-1044-aws
21-Jan-2026 11:05:39.136 INFO [main] org.apache.catalina.startup.VersionLoggerListener.log Architecture:          amd64
21-Jan-2026 11:05:39.136 INFO [main] org.apache.catalina.startup.VersionLoggerListener.log Java Home:             /usr/lib/jvm/java-17-openjdk-amd64
21-Jan-2026 11:05:39.136 INFO [main] org.apache.catalina.startup.VersionLoggerListener.log JVM Version:           17.0.17+10-Ubuntu-122.04
21-Jan-2026 11:05:39.136 INFO [main] org.apache.catalina.startup.VersionLoggerListener.log JVM Vendor:            Ubuntu
21-Jan-2026 11:05:39.136 INFO [main] org.apache.catalina.startup.VersionLoggerListener.log CATALINA_BASE:         /opt/lms/tomcat
21-Jan-2026 11:05:39.137 INFO [main] org.apache.catalina.startup.VersionLoggerListener.log CATALINA_HOME:         /opt/lms/tomcat
21-Jan-2026 11:05:39.170 INFO [main] org.apache.catalina.startup.VersionLoggerListener.log Command line argument: --add-opens=java.base/java.lang=ALL-UNNAMED
21-Jan-2026 11:05:39.171 INFO [main] org.apache.catalina.startup.VersionLoggerListener.log Command line argument: --add-opens=java.base/java.io=ALL-UNNAMED
21-Jan-2026 11:05:39.172 INFO [main] org.apache.catalina.startup.VersionLoggerListener.log Command line argument: --add-opens=java.base/java.util=ALL-UNNAMED
21-Jan-2026 11:05:39.173 INFO [main] org.apache.catalina.startup.VersionLoggerListener.log Command line argument: --add-opens=java.base/java.util.concurrent=ALL-UNNAMED
21-Jan-2026 11:05:39.173 INFO [main] org.apache.catalina.startup.VersionLoggerListener.log Command line argument: --add-opens=java.rmi/sun.rmi.transport=ALL-UNNAMED
21-Jan-2026 11:05:39.173 INFO [main] org.apache.catalina.startup.VersionLoggerListener.log Command line argument: -Djava.util.logging.config.file=/opt/lms/tomcat/conf/logging.properties
21-Jan-2026 11:05:39.173 INFO [main] org.apache.catalina.startup.VersionLoggerListener.log Command line argument: -Djava.util.logging.manager=org.apache.juli.ClassLoaderLogManager
21-Jan-2026 11:05:39.173 INFO [main] org.apache.catalina.startup.VersionLoggerListener.log Command line argument: -Djdk.tls.ephemeralDHKeySize=2048
21-Jan-2026 11:05:39.173 INFO [main] org.apache.catalina.startup.VersionLoggerListener.log Command line argument: -Djava.protocol.handler.pkgs=org.apache.catalina.webresources
21-Jan-2026 11:05:39.173 INFO [main] org.apache.catalina.startup.VersionLoggerListener.log Command line argument: -Dorg.apache.catalina.security.SecurityListener.UMASK=0027
21-Jan-2026 11:05:39.173 INFO [main] org.apache.catalina.startup.VersionLoggerListener.log Command line argument: -Dignore.endorsed.dirs=
21-Jan-2026 11:05:39.173 INFO [main] org.apache.catalina.startup.VersionLoggerListener.log Command line argument: -Dcatalina.base=/opt/lms/tomcat
21-Jan-2026 11:05:39.174 INFO [main] org.apache.catalina.startup.VersionLoggerListener.log Command line argument: -Dcatalina.home=/opt/lms/tomcat
21-Jan-2026 11:05:39.174 INFO [main] org.apache.catalina.startup.VersionLoggerListener.log Command line argument: -Djava.io.tmpdir=/opt/lms/tomcat/temp
21-Jan-2026 11:05:39.200 INFO [main] org.apache.catalina.core.AprLifecycleListener.lifecycleEvent An older version [1.2.31] of the Apache Tomcat Native library is installed, while Tomcat recommends a minimum version of [1.3.0]
21-Jan-2026 11:05:39.201 INFO [main] org.apache.catalina.core.AprLifecycleListener.lifecycleEvent Loaded Apache Tomcat Native library [1.2.31] using APR version [1.7.0].
21-Jan-2026 11:05:39.201 INFO [main] org.apache.catalina.core.AprLifecycleListener.lifecycleEvent APR capabilities: IPv6 [true], sendfile [true], accept filters [false], random [true], UDS [true].
21-Jan-2026 11:05:39.201 INFO [main] org.apache.catalina.core.AprLifecycleListener.lifecycleEvent APR/OpenSSL configuration: useAprConnector [false], useOpenSSL [true]
21-Jan-2026 11:05:39.214 INFO [main] org.apache.catalina.core.AprLifecycleListener.initializeSSL OpenSSL successfully initialized [OpenSSL 3.0.2 15 Mar 2022]
21-Jan-2026 11:05:39.712 INFO [main] org.apache.coyote.AbstractProtocol.init Initializing ProtocolHandler ["http-nio-8001"]
21-Jan-2026 11:05:39.768 INFO [main] org.apache.catalina.startup.Catalina.load Server initialization in [959] milliseconds
21-Jan-2026 11:05:39.860 INFO [main] org.apache.catalina.core.StandardService.startInternal Starting service [Catalina]
21-Jan-2026 11:05:39.861 INFO [main] org.apache.catalina.core.StandardEngine.startInternal Starting Servlet engine: [Apache Tomcat/9.0.96]
21-Jan-2026 11:05:39.882 INFO [main] org.apache.catalina.startup.HostConfig.deployWAR Deploying web application archive [/opt/lms/tomcat/webapps/ROOT.war]
21-Jan-2026 11:05:40.947 INFO [main] org.apache.catalina.startup.HostConfig.deployWAR Deployment of web application archive [/opt/lms/tomcat/webapps/ROOT.war] has finished in [1,064] ms
21-Jan-2026 11:05:40.948 INFO [main] org.apache.catalina.startup.HostConfig.deployDirectory Deploying web application directory [/opt/lms/tomcat/webapps/manager]
21-Jan-2026 11:05:41.006 INFO [main] org.apache.catalina.startup.HostConfig.deployDirectory Deployment of web application directory [/opt/lms/tomcat/webapps/manager] has finished in [58] ms
21-Jan-2026 11:05:41.007 INFO [main] org.apache.catalina.startup.HostConfig.deployDirectory Deploying web application directory [/opt/lms/tomcat/webapps/examples]
21-Jan-2026 11:05:41.515 INFO [main] org.apache.catalina.startup.HostConfig.deployDirectory Deployment of web application directory [/opt/lms/tomcat/webapps/examples] has finished in [509] ms
21-Jan-2026 11:05:41.515 INFO [main] org.apache.catalina.startup.HostConfig.deployDirectory Deploying web application directory [/opt/lms/tomcat/webapps/host-manager]
21-Jan-2026 11:05:41.577 INFO [main] org.apache.catalina.startup.HostConfig.deployDirectory Deployment of web application directory [/opt/lms/tomcat/webapps/host-manager] has finished in [61] ms
21-Jan-2026 11:05:41.578 INFO [main] org.apache.catalina.startup.HostConfig.deployDirectory Deploying web application directory [/opt/lms/tomcat/webapps/docs]
21-Jan-2026 11:05:41.631 INFO [main] org.apache.catalina.startup.HostConfig.deployDirectory Deployment of web application directory [/opt/lms/tomcat/webapps/docs] has finished in [54] ms
21-Jan-2026 11:05:41.642 INFO [main] org.apache.coyote.AbstractProtocol.start Starting ProtocolHandler ["http-nio-8001"]
21-Jan-2026 11:05:41.668 INFO [main] org.apache.catalina.startup.Catalina.start Server startup in [1898] milliseconds
NOTE: Picked up JDK_JAVA_OPTIONS:  --add-opens=java.base/java.lang=ALL-UNNAMED --add-opens=java.base/java.io=ALL-UNNAMED --add-opens=java.base/java.util=ALL-UNNAMED --add-opens=java.base/java.util.concurrent=ALL-UNNAMED --add-opens=java.rmi/sun.rmi.transport=ALL-UNNAMED
21-Jan-2026 11:05:44.079 INFO [main] org.apache.catalina.startup.VersionLoggerListener.log Server version name:   Apache Tomcat/9.0.96
21-Jan-2026 11:05:44.084 INFO [main] org.apache.catalina.startup.VersionLoggerListener.log Server built:          Oct 3 2024 19:44:30 UTC
21-Jan-2026 11:05:44.084 INFO [main] org.apache.catalina.startup.VersionLoggerListener.log Server version number: 9.0.96.0
21-Jan-2026 11:05:44.084 INFO [main] org.apache.catalina.startup.VersionLoggerListener.log OS Name:               Linux
21-Jan-2026 11:05:44.084 INFO [main] org.apache.catalina.startup.VersionLoggerListener.log OS Version:            6.8.0-1044-aws
21-Jan-2026 11:05:44.084 INFO [main] org.apache.catalina.startup.VersionLoggerListener.log Architecture:          amd64
21-Jan-2026 11:05:44.085 INFO [main] org.apache.catalina.startup.VersionLoggerListener.log Java Home:             /usr/lib/jvm/java-11-openjdk-amd64
21-Jan-2026 11:05:44.086 INFO [main] org.apache.catalina.startup.VersionLoggerListener.log JVM Version:           11.0.29+7-post-Ubuntu-1ubuntu122.04
21-Jan-2026 11:05:44.086 INFO [main] org.apache.catalina.startup.VersionLoggerListener.log JVM Vendor:            Ubuntu
21-Jan-2026 11:05:44.086 INFO [main] org.apache.catalina.startup.VersionLoggerListener.log CATALINA_BASE:         /opt/lms/tomcat
21-Jan-2026 11:05:44.086 INFO [main] org.apache.catalina.startup.VersionLoggerListener.log CATALINA_HOME:         /opt/lms/tomcat
21-Jan-2026 11:05:44.117 INFO [main] org.apache.catalina.startup.VersionLoggerListener.log Command line argument: --add-opens=java.base/java.lang=ALL-UNNAMED
21-Jan-2026 11:05:44.117 INFO [main] org.apache.catalina.startup.VersionLoggerListener.log Command line argument: --add-opens=java.base/java.io=ALL-UNNAMED
21-Jan-2026 11:05:44.117 INFO [main] org.apache.catalina.startup.VersionLoggerListener.log Command line argument: --add-opens=java.base/java.util=ALL-UNNAMED
21-Jan-2026 11:05:44.117 INFO [main] org.apache.catalina.startup.VersionLoggerListener.log Command line argument: --add-opens=java.base/java.util.concurrent=ALL-UNNAMED
21-Jan-2026 11:05:44.117 INFO [main] org.apache.catalina.startup.VersionLoggerListener.log Command line argument: --add-opens=java.rmi/sun.rmi.transport=ALL-UNNAMED
21-Jan-2026 11:05:44.118 INFO [main] org.apache.catalina.startup.VersionLoggerListener.log Command line argument: -Djava.util.logging.config.file=/opt/lms/tomcat/conf/logging.properties
21-Jan-2026 11:05:44.118 INFO [main] org.apache.catalina.startup.VersionLoggerListener.log Command line argument: -Djava.util.logging.manager=org.apache.juli.ClassLoaderLogManager
21-Jan-2026 11:05:44.118 INFO [main] org.apache.catalina.startup.VersionLoggerListener.log Command line argument: -Djdk.tls.ephemeralDHKeySize=2048
21-Jan-2026 11:05:44.119 INFO [main] org.apache.catalina.startup.VersionLoggerListener.log Command line argument: -Djava.protocol.handler.pkgs=org.apache.catalina.webresources
21-Jan-2026 11:05:44.119 INFO [main] org.apache.catalina.startup.VersionLoggerListener.log Command line argument: -Dorg.apache.catalina.security.SecurityListener.UMASK=0027
21-Jan-2026 11:05:44.119 INFO [main] org.apache.catalina.startup.VersionLoggerListener.log Command line argument: -Dignore.endorsed.dirs=
21-Jan-2026 11:05:44.119 INFO [main] org.apache.catalina.startup.VersionLoggerListener.log Command line argument: -Dcatalina.base=/opt/lms/tomcat
21-Jan-2026 11:05:44.120 INFO [main] org.apache.catalina.startup.VersionLoggerListener.log Command line argument: -Dcatalina.home=/opt/lms/tomcat
21-Jan-2026 11:05:44.120 INFO [main] org.apache.catalina.startup.VersionLoggerListener.log Command line argument: -Djava.io.tmpdir=/opt/lms/tomcat/temp
21-Jan-2026 11:05:44.127 INFO [main] org.apache.catalina.core.AprLifecycleListener.lifecycleEvent An older version [1.2.31] of the Apache Tomcat Native library is installed, while Tomcat recommends a minimum version of [1.3.0]
21-Jan-2026 11:05:44.128 INFO [main] org.apache.catalina.core.AprLifecycleListener.lifecycleEvent Loaded Apache Tomcat Native library [1.2.31] using APR version [1.7.0].
21-Jan-2026 11:05:44.128 INFO [main] org.apache.catalina.core.AprLifecycleListener.lifecycleEvent APR capabilities: IPv6 [true], sendfile [true], accept filters [false], random [true], UDS [true].
21-Jan-2026 11:05:44.128 INFO [main] org.apache.catalina.core.AprLifecycleListener.lifecycleEvent APR/OpenSSL configuration: useAprConnector [false], useOpenSSL [true]
21-Jan-2026 11:05:44.135 INFO [main] org.apache.catalina.core.AprLifecycleListener.initializeSSL OpenSSL successfully initialized [OpenSSL 3.0.2 15 Mar 2022]
21-Jan-2026 11:05:44.870 INFO [main] org.apache.coyote.AbstractProtocol.init Initializing ProtocolHandler ["http-nio-8001"]
21-Jan-2026 11:05:44.918 SEVERE [main] org.apache.catalina.util.LifecycleBase.handleSubClassException Failed to initialize component [Connector["http-nio-8001"]]
	org.apache.catalina.LifecycleException: Protocol handler initialization failed
		at org.apache.catalina.connector.Connector.initInternal(Connector.java:1027)
		at org.apache.catalina.util.LifecycleBase.init(LifecycleBase.java:122)
		at org.apache.catalina.core.StandardService.initInternal(StandardService.java:525)
		at org.apache.catalina.util.LifecycleBase.init(LifecycleBase.java:122)
		at org.apache.catalina.core.StandardServer.initInternal(StandardServer.java:986)
		at org.apache.catalina.util.LifecycleBase.init(LifecycleBase.java:122)
		at org.apache.catalina.startup.Catalina.load(Catalina.java:686)
		at org.apache.catalina.startup.Catalina.load(Catalina.java:709)
		at java.base/jdk.internal.reflect.NativeMethodAccessorImpl.invoke0(Native Method)
		at java.base/jdk.internal.reflect.NativeMethodAccessorImpl.invoke(NativeMethodAccessorImpl.java:62)
		at java.base/jdk.internal.reflect.DelegatingMethodAccessorImpl.invoke(DelegatingMethodAccessorImpl.java:43)
		at java.base/java.lang.reflect.Method.invoke(Method.java:566)
		at org.apache.catalina.startup.Bootstrap.load(Bootstrap.java:302)
		at org.apache.catalina.startup.Bootstrap.main(Bootstrap.java:472)
	Caused by: java.net.BindException: Address already in use
		at java.base/sun.nio.ch.Net.bind0(Native Method)
		at java.base/sun.nio.ch.Net.bind(Net.java:459)
		at java.base/sun.nio.ch.Net.bind(Net.java:448)
		at java.base/sun.nio.ch.ServerSocketChannelImpl.bind(ServerSocketChannelImpl.java:227)
		at org.apache.tomcat.util.net.NioEndpoint.initServerSocket(NioEndpoint.java:268)
		at org.apache.tomcat.util.net.NioEndpoint.bind(NioEndpoint.java:223)
		at org.apache.tomcat.util.net.AbstractEndpoint.bindWithCleanup(AbstractEndpoint.java:1373)
		at org.apache.tomcat.util.net.AbstractEndpoint.init(AbstractEndpoint.java:1386)
		at org.apache.coyote.AbstractProtocol.init(AbstractProtocol.java:663)
		at org.apache.coyote.http11.AbstractHttp11Protocol.init(AbstractHttp11Protocol.java:77)
		at org.apache.catalina.connector.Connector.initInternal(Connector.java:1025)
		... 13 more
21-Jan-2026 11:05:44.921 INFO [main] org.apache.catalina.startup.Catalina.load Server initialization in [1269] milliseconds
21-Jan-2026 11:05:45.040 INFO [main] org.apache.catalina.core.StandardService.startInternal Starting service [Catalina]
21-Jan-2026 11:05:45.042 INFO [main] org.apache.catalina.core.StandardEngine.startInternal Starting Servlet engine: [Apache Tomcat/9.0.96]
21-Jan-2026 11:05:45.063 INFO [main] org.apache.catalina.startup.HostConfig.deployWAR Deploying web application archive [/opt/lms/tomcat/webapps/ROOT.war]
21-Jan-2026 11:05:45.540 INFO [main] org.apache.catalina.startup.HostConfig.deployWAR Deployment of web application archive [/opt/lms/tomcat/webapps/ROOT.war] has finished in [475] ms
21-Jan-2026 11:05:45.541 INFO [main] org.apache.catalina.startup.HostConfig.deployDirectory Deploying web application directory [/opt/lms/tomcat/webapps/manager]
21-Jan-2026 11:05:45.597 INFO [main] org.apache.catalina.startup.HostConfig.deployDirectory Deployment of web application directory [/opt/lms/tomcat/webapps/manager] has finished in [55] ms
21-Jan-2026 11:05:45.597 INFO [main] org.apache.catalina.startup.HostConfig.deployDirectory Deploying web application directory [/opt/lms/tomcat/webapps/examples]
21-Jan-2026 11:05:46.052 INFO [main] org.apache.catalina.startup.HostConfig.deployDirectory Deployment of web application directory [/opt/lms/tomcat/webapps/examples] has finished in [453] ms
21-Jan-2026 11:05:46.053 INFO [main] org.apache.catalina.startup.HostConfig.deployDirectory Deploying web application directory [/opt/lms/tomcat/webapps/host-manager]
21-Jan-2026 11:05:46.096 INFO [main] org.apache.catalina.startup.HostConfig.deployDirectory Deployment of web application directory [/opt/lms/tomcat/webapps/host-manager] has finished in [43] ms
21-Jan-2026 11:05:46.096 INFO [main] org.apache.catalina.startup.HostConfig.deployDirectory Deploying web application directory [/opt/lms/tomcat/webapps/docs]
21-Jan-2026 11:05:46.139 INFO [main] org.apache.catalina.startup.HostConfig.deployDirectory Deployment of web application directory [/opt/lms/tomcat/webapps/docs] has finished in [43] ms
21-Jan-2026 11:05:46.155 INFO [main] org.apache.catalina.startup.Catalina.start Server startup in [1233] milliseconds
21-Jan-2026 11:05:46.162 SEVERE [main] org.apache.catalina.core.StandardServer.await Failed to create server shutdown socket on address [localhost] and port [8005] (base port [8005] and offset [0])
	java.net.BindException: Address already in use (Bind failed)
		at java.base/java.net.PlainSocketImpl.socketBind(Native Method)
		at java.base/java.net.AbstractPlainSocketImpl.bind(AbstractPlainSocketImpl.java:452)
		at java.base/java.net.ServerSocket.bind(ServerSocket.java:395)
		at java.base/java.net.ServerSocket.<init>(ServerSocket.java:257)
		at org.apache.catalina.core.StandardServer.await(StandardServer.java:537)
		at org.apache.catalina.startup.Catalina.await(Catalina.java:825)
		at org.apache.catalina.startup.Catalina.start(Catalina.java:773)
		at java.base/jdk.internal.reflect.NativeMethodAccessorImpl.invoke0(Native Method)
		at java.base/jdk.internal.reflect.NativeMethodAccessorImpl.invoke(NativeMethodAccessorImpl.java:62)
		at java.base/jdk.internal.reflect.DelegatingMethodAccessorImpl.invoke(DelegatingMethodAccessorImpl.java:43)
		at java.base/java.lang.reflect.Method.invoke(Method.java:566)
		at org.apache.catalina.startup.Bootstrap.start(Bootstrap.java:345)
		at org.apache.catalina.startup.Bootstrap.main(Bootstrap.java:473)
21-Jan-2026 11:05:46.163 INFO [main] org.apache.coyote.AbstractProtocol.pause Pausing ProtocolHandler ["http-nio-8001"]
21-Jan-2026 11:05:46.163 INFO [main] org.apache.catalina.core.StandardService.stopInternal Stopping service [Catalina]
21-Jan-2026 11:05:46.203 INFO [main] org.apache.coyote.AbstractProtocol.stop Stopping ProtocolHandler ["http-nio-8001"]
21-Jan-2026 11:05:46.204 INFO [main] org.apache.coyote.AbstractProtocol.destroy Destroying ProtocolHandler ["http-nio-8001"]
21-Jan-2026 11:05:46.773 INFO [main] org.apache.catalina.core.StandardServer.await A valid shutdown command was received via the shutdown port. Stopping the Server instance.
21-Jan-2026 11:05:46.774 INFO [main] org.apache.coyote.AbstractProtocol.pause Pausing ProtocolHandler ["http-nio-8001"]
21-Jan-2026 11:05:46.787 INFO [main] org.apache.catalina.core.StandardService.stopInternal Stopping service [Catalina]
21-Jan-2026 11:05:46.831 INFO [main] org.apache.coyote.AbstractProtocol.stop Stopping ProtocolHandler ["http-nio-8001"]
21-Jan-2026 11:05:46.844 INFO [main] org.apache.coyote.AbstractProtocol.destroy Destroying ProtocolHandler ["http-nio-8001"]
NOTE: Picked up JDK_JAVA_OPTIONS:  --add-opens=java.base/java.lang=ALL-UNNAMED --add-opens=java.base/java.io=ALL-UNNAMED --add-opens=java.base/java.util=ALL-UNNAMED --add-opens=java.base/java.util.concurrent=ALL-UNNAMED --add-opens=java.rmi/sun.rmi.transport=ALL-UNNAMED
21-Jan-2026 11:05:57.605 INFO [main] org.apache.catalina.startup.VersionLoggerListener.log Server version name:   Apache Tomcat/9.0.96
21-Jan-2026 11:05:57.609 INFO [main] org.apache.catalina.startup.VersionLoggerListener.log Server built:          Oct 3 2024 19:44:30 UTC
21-Jan-2026 11:05:57.609 INFO [main] org.apache.catalina.startup.VersionLoggerListener.log Server version number: 9.0.96.0
21-Jan-2026 11:05:57.610 INFO [main] org.apache.catalina.startup.VersionLoggerListener.log OS Name:               Linux
21-Jan-2026 11:05:57.610 INFO [main] org.apache.catalina.startup.VersionLoggerListener.log OS Version:            6.8.0-1044-aws
21-Jan-2026 11:05:57.610 INFO [main] org.apache.catalina.startup.VersionLoggerListener.log Architecture:          amd64
21-Jan-2026 11:05:57.610 INFO [main] org.apache.catalina.startup.VersionLoggerListener.log Java Home:             /usr/lib/jvm/java-11-openjdk-amd64
21-Jan-2026 11:05:57.611 INFO [main] org.apache.catalina.startup.VersionLoggerListener.log JVM Version:           11.0.29+7-post-Ubuntu-1ubuntu122.04
21-Jan-2026 11:05:57.611 INFO [main] org.apache.catalina.startup.VersionLoggerListener.log JVM Vendor:            Ubuntu
21-Jan-2026 11:05:57.611 INFO [main] org.apache.catalina.startup.VersionLoggerListener.log CATALINA_BASE:         /opt/lms/tomcat
21-Jan-2026 11:05:57.611 INFO [main] org.apache.catalina.startup.VersionLoggerListener.log CATALINA_HOME:         /opt/lms/tomcat
21-Jan-2026 11:05:57.636 INFO [main] org.apache.catalina.startup.VersionLoggerListener.log Command line argument: --add-opens=java.base/java.lang=ALL-UNNAMED
21-Jan-2026 11:05:57.636 INFO [main] org.apache.catalina.startup.VersionLoggerListener.log Command line argument: --add-opens=java.base/java.io=ALL-UNNAMED
21-Jan-2026 11:05:57.636 INFO [main] org.apache.catalina.startup.VersionLoggerListener.log Command line argument: --add-opens=java.base/java.util=ALL-UNNAMED
21-Jan-2026 11:05:57.636 INFO [main] org.apache.catalina.startup.VersionLoggerListener.log Command line argument: --add-opens=java.base/java.util.concurrent=ALL-UNNAMED
21-Jan-2026 11:05:57.637 INFO [main] org.apache.catalina.startup.VersionLoggerListener.log Command line argument: --add-opens=java.rmi/sun.rmi.transport=ALL-UNNAMED
21-Jan-2026 11:05:57.637 INFO [main] org.apache.catalina.startup.VersionLoggerListener.log Command line argument: -Djava.util.logging.config.file=/opt/lms/tomcat/conf/logging.properties
21-Jan-2026 11:05:57.637 INFO [main] org.apache.catalina.startup.VersionLoggerListener.log Command line argument: -Djava.util.logging.manager=org.apache.juli.ClassLoaderLogManager
21-Jan-2026 11:05:57.637 INFO [main] org.apache.catalina.startup.VersionLoggerListener.log Command line argument: -Djdk.tls.ephemeralDHKeySize=2048
21-Jan-2026 11:05:57.637 INFO [main] org.apache.catalina.startup.VersionLoggerListener.log Command line argument: -Djava.protocol.handler.pkgs=org.apache.catalina.webresources
21-Jan-2026 11:05:57.637 INFO [main] org.apache.catalina.startup.VersionLoggerListener.log Command line argument: -Dorg.apache.catalina.security.SecurityListener.UMASK=0027
21-Jan-2026 11:05:57.637 INFO [main] org.apache.catalina.startup.VersionLoggerListener.log Command line argument: -Dignore.endorsed.dirs=
21-Jan-2026 11:05:57.638 INFO [main] org.apache.catalina.startup.VersionLoggerListener.log Command line argument: -Dcatalina.base=/opt/lms/tomcat
21-Jan-2026 11:05:57.638 INFO [main] org.apache.catalina.startup.VersionLoggerListener.log Command line argument: -Dcatalina.home=/opt/lms/tomcat
21-Jan-2026 11:05:57.638 INFO [main] org.apache.catalina.startup.VersionLoggerListener.log Command line argument: -Djava.io.tmpdir=/opt/lms/tomcat/temp
21-Jan-2026 11:05:57.654 INFO [main] org.apache.catalina.core.AprLifecycleListener.lifecycleEvent An older version [1.2.31] of the Apache Tomcat Native library is installed, while Tomcat recommends a minimum version of [1.3.0]
21-Jan-2026 11:05:57.654 INFO [main] org.apache.catalina.core.AprLifecycleListener.lifecycleEvent Loaded Apache Tomcat Native library [1.2.31] using APR version [1.7.0].
21-Jan-2026 11:05:57.654 INFO [main] org.apache.catalina.core.AprLifecycleListener.lifecycleEvent APR capabilities: IPv6 [true], sendfile [true], accept filters [false], random [true], UDS [true].
21-Jan-2026 11:05:57.654 INFO [main] org.apache.catalina.core.AprLifecycleListener.lifecycleEvent APR/OpenSSL configuration: useAprConnector [false], useOpenSSL [true]
21-Jan-2026 11:05:57.666 INFO [main] org.apache.catalina.core.AprLifecycleListener.initializeSSL OpenSSL successfully initialized [OpenSSL 3.0.2 15 Mar 2022]
21-Jan-2026 11:05:58.329 INFO [main] org.apache.coyote.AbstractProtocol.init Initializing ProtocolHandler ["http-nio-8001"]
21-Jan-2026 11:05:58.380 INFO [main] org.apache.catalina.startup.Catalina.load Server initialization in [1135] milliseconds
21-Jan-2026 11:05:58.482 INFO [main] org.apache.catalina.core.StandardService.startInternal Starting service [Catalina]
21-Jan-2026 11:05:58.484 INFO [main] org.apache.catalina.core.StandardEngine.startInternal Starting Servlet engine: [Apache Tomcat/9.0.96]
21-Jan-2026 11:05:58.509 INFO [main] org.apache.catalina.startup.HostConfig.deployWAR Deploying web application archive [/opt/lms/tomcat/webapps/ROOT.war]
21-Jan-2026 11:05:58.950 INFO [main] org.apache.catalina.startup.HostConfig.deployWAR Deployment of web application archive [/opt/lms/tomcat/webapps/ROOT.war] has finished in [438] ms
21-Jan-2026 11:05:58.951 INFO [main] org.apache.catalina.startup.HostConfig.deployDirectory Deploying web application directory [/opt/lms/tomcat/webapps/manager]
21-Jan-2026 11:05:59.024 INFO [main] org.apache.catalina.startup.HostConfig.deployDirectory Deployment of web application directory [/opt/lms/tomcat/webapps/manager] has finished in [74] ms
21-Jan-2026 11:05:59.025 INFO [main] org.apache.catalina.startup.HostConfig.deployDirectory Deploying web application directory [/opt/lms/tomcat/webapps/examples]
21-Jan-2026 11:05:59.406 INFO [main] org.apache.catalina.startup.HostConfig.deployDirectory Deployment of web application directory [/opt/lms/tomcat/webapps/examples] has finished in [381] ms
21-Jan-2026 11:05:59.406 INFO [main] org.apache.catalina.startup.HostConfig.deployDirectory Deploying web application directory [/opt/lms/tomcat/webapps/host-manager]
21-Jan-2026 11:05:59.433 INFO [main] org.apache.catalina.startup.HostConfig.deployDirectory Deployment of web application directory [/opt/lms/tomcat/webapps/host-manager] has finished in [27] ms
21-Jan-2026 11:05:59.433 INFO [main] org.apache.catalina.startup.HostConfig.deployDirectory Deploying web application directory [/opt/lms/tomcat/webapps/docs]
21-Jan-2026 11:05:59.475 INFO [main] org.apache.catalina.startup.HostConfig.deployDirectory Deployment of web application directory [/opt/lms/tomcat/webapps/docs] has finished in [42] ms
21-Jan-2026 11:05:59.488 INFO [main] org.apache.coyote.AbstractProtocol.start Starting ProtocolHandler ["http-nio-8001"]
21-Jan-2026 11:05:59.510 INFO [main] org.apache.catalina.startup.Catalina.start Server startup in [1129] milliseconds
21-Jan-2026 11:08:09.190 INFO [main] org.apache.catalina.core.StandardServer.await A valid shutdown command was received via the shutdown port. Stopping the Server instance.
21-Jan-2026 11:08:09.216 INFO [main] org.apache.coyote.AbstractProtocol.pause Pausing ProtocolHandler ["http-nio-8001"]
21-Jan-2026 11:08:09.248 INFO [main] org.apache.catalina.core.StandardService.stopInternal Stopping service [Catalina]
21-Jan-2026 11:08:09.471 INFO [main] org.apache.coyote.AbstractProtocol.stop Stopping ProtocolHandler ["http-nio-8001"]
21-Jan-2026 11:08:09.500 INFO [main] org.apache.coyote.AbstractProtocol.destroy Destroying ProtocolHandler ["http-nio-8001"]
NOTE: Picked up JDK_JAVA_OPTIONS:  --add-opens=java.base/java.lang=ALL-UNNAMED --add-opens=java.base/java.io=ALL-UNNAMED --add-opens=java.base/java.util=ALL-UNNAMED --add-opens=java.base/java.util.concurrent=ALL-UNNAMED --add-opens=java.rmi/sun.rmi.transport=ALL-UNNAMED
21-Jan-2026 11:08:21.950 INFO [main] org.apache.catalina.startup.VersionLoggerListener.log Server version name:   Apache Tomcat/9.0.96
21-Jan-2026 11:08:21.953 INFO [main] org.apache.catalina.startup.VersionLoggerListener.log Server built:          Oct 3 2024 19:44:30 UTC
21-Jan-2026 11:08:21.953 INFO [main] org.apache.catalina.startup.VersionLoggerListener.log Server version number: 9.0.96.0
21-Jan-2026 11:08:21.953 INFO [main] org.apache.catalina.startup.VersionLoggerListener.log OS Name:               Linux
21-Jan-2026 11:08:21.953 INFO [main] org.apache.catalina.startup.VersionLoggerListener.log OS Version:            6.8.0-1044-aws
21-Jan-2026 11:08:21.953 INFO [main] org.apache.catalina.startup.VersionLoggerListener.log Architecture:          amd64
21-Jan-2026 11:08:21.953 INFO [main] org.apache.catalina.startup.VersionLoggerListener.log Java Home:             /usr/lib/jvm/java-11-openjdk-amd64
21-Jan-2026 11:08:21.953 INFO [main] org.apache.catalina.startup.VersionLoggerListener.log JVM Version:           11.0.29+7-post-Ubuntu-1ubuntu122.04
21-Jan-2026 11:08:21.953 INFO [main] org.apache.catalina.startup.VersionLoggerListener.log JVM Vendor:            Ubuntu
21-Jan-2026 11:08:21.954 INFO [main] org.apache.catalina.startup.VersionLoggerListener.log CATALINA_BASE:         /opt/lms/tomcat
21-Jan-2026 11:08:21.954 INFO [main] org.apache.catalina.startup.VersionLoggerListener.log CATALINA_HOME:         /opt/lms/tomcat
21-Jan-2026 11:08:21.992 INFO [main] org.apache.catalina.startup.VersionLoggerListener.log Command line argument: --add-opens=java.base/java.lang=ALL-UNNAMED
21-Jan-2026 11:08:21.993 INFO [main] org.apache.catalina.startup.VersionLoggerListener.log Command line argument: --add-opens=java.base/java.io=ALL-UNNAMED
21-Jan-2026 11:08:21.993 INFO [main] org.apache.catalina.startup.VersionLoggerListener.log Command line argument: --add-opens=java.base/java.util=ALL-UNNAMED
21-Jan-2026 11:08:21.993 INFO [main] org.apache.catalina.startup.VersionLoggerListener.log Command line argument: --add-opens=java.base/java.util.concurrent=ALL-UNNAMED
21-Jan-2026 11:08:21.994 INFO [main] org.apache.catalina.startup.VersionLoggerListener.log Command line argument: --add-opens=java.rmi/sun.rmi.transport=ALL-UNNAMED
21-Jan-2026 11:08:21.994 INFO [main] org.apache.catalina.startup.VersionLoggerListener.log Command line argument: -Djava.util.logging.config.file=/opt/lms/tomcat/conf/logging.properties
21-Jan-2026 11:08:21.995 INFO [main] org.apache.catalina.startup.VersionLoggerListener.log Command line argument: -Djava.util.logging.manager=org.apache.juli.ClassLoaderLogManager
21-Jan-2026 11:08:21.995 INFO [main] org.apache.catalina.startup.VersionLoggerListener.log Command line argument: -Djdk.tls.ephemeralDHKeySize=2048
21-Jan-2026 11:08:21.995 INFO [main] org.apache.catalina.startup.VersionLoggerListener.log Command line argument: -Djava.protocol.handler.pkgs=org.apache.catalina.webresources
21-Jan-2026 11:08:21.995 INFO [main] org.apache.catalina.startup.VersionLoggerListener.log Command line argument: -Dorg.apache.catalina.security.SecurityListener.UMASK=0027
21-Jan-2026 11:08:21.995 INFO [main] org.apache.catalina.startup.VersionLoggerListener.log Command line argument: -Dignore.endorsed.dirs=
21-Jan-2026 11:08:21.995 INFO [main] org.apache.catalina.startup.VersionLoggerListener.log Command line argument: -Dcatalina.base=/opt/lms/tomcat
21-Jan-2026 11:08:21.996 INFO [main] org.apache.catalina.startup.VersionLoggerListener.log Command line argument: -Dcatalina.home=/opt/lms/tomcat
21-Jan-2026 11:08:21.996 INFO [main] org.apache.catalina.startup.VersionLoggerListener.log Command line argument: -Djava.io.tmpdir=/opt/lms/tomcat/temp
21-Jan-2026 11:08:22.010 INFO [main] org.apache.catalina.core.AprLifecycleListener.lifecycleEvent An older version [1.2.31] of the Apache Tomcat Native library is installed, while Tomcat recommends a minimum version of [1.3.0]
21-Jan-2026 11:08:22.010 INFO [main] org.apache.catalina.core.AprLifecycleListener.lifecycleEvent Loaded Apache Tomcat Native library [1.2.31] using APR version [1.7.0].
21-Jan-2026 11:08:22.010 INFO [main] org.apache.catalina.core.AprLifecycleListener.lifecycleEvent APR capabilities: IPv6 [true], sendfile [true], accept filters [false], random [true], UDS [true].
21-Jan-2026 11:08:22.010 INFO [main] org.apache.catalina.core.AprLifecycleListener.lifecycleEvent APR/OpenSSL configuration: useAprConnector [false], useOpenSSL [true]
21-Jan-2026 11:08:22.017 INFO [main] org.apache.catalina.core.AprLifecycleListener.initializeSSL OpenSSL successfully initialized [OpenSSL 3.0.2 15 Mar 2022]
21-Jan-2026 11:08:22.823 INFO [main] org.apache.coyote.AbstractProtocol.init Initializing ProtocolHandler ["http-nio-8001"]
21-Jan-2026 11:08:22.897 INFO [main] org.apache.catalina.startup.Catalina.load Server initialization in [1521] milliseconds
21-Jan-2026 11:08:23.061 INFO [main] org.apache.catalina.core.StandardService.startInternal Starting service [Catalina]
21-Jan-2026 11:08:23.063 INFO [main] org.apache.catalina.core.StandardEngine.startInternal Starting Servlet engine: [Apache Tomcat/9.0.96]
21-Jan-2026 11:08:23.106 INFO [main] org.apache.catalina.startup.HostConfig.deployWAR Deploying web application archive [/opt/lms/tomcat/webapps/ROOT.war]
21-Jan-2026 11:08:23.778 INFO [main] org.apache.catalina.startup.HostConfig.deployWAR Deployment of web application archive [/opt/lms/tomcat/webapps/ROOT.war] has finished in [671] ms
21-Jan-2026 11:08:23.778 INFO [main] org.apache.catalina.startup.HostConfig.deployDirectory Deploying web application directory [/opt/lms/tomcat/webapps/manager]
21-Jan-2026 11:08:23.827 INFO [main] org.apache.catalina.startup.HostConfig.deployDirectory Deployment of web application directory [/opt/lms/tomcat/webapps/manager] has finished in [49] ms
21-Jan-2026 11:08:23.828 INFO [main] org.apache.catalina.startup.HostConfig.deployDirectory Deploying web application directory [/opt/lms/tomcat/webapps/examples]
21-Jan-2026 11:08:24.288 INFO [main] org.apache.catalina.startup.HostConfig.deployDirectory Deployment of web application directory [/opt/lms/tomcat/webapps/examples] has finished in [460] ms
21-Jan-2026 11:08:24.289 INFO [main] org.apache.catalina.startup.HostConfig.deployDirectory Deploying web application directory [/opt/lms/tomcat/webapps/host-manager]
21-Jan-2026 11:08:24.341 INFO [main] org.apache.catalina.startup.HostConfig.deployDirectory Deployment of web application directory [/opt/lms/tomcat/webapps/host-manager] has finished in [52] ms
21-Jan-2026 11:08:24.341 INFO [main] org.apache.catalina.startup.HostConfig.deployDirectory Deploying web application directory [/opt/lms/tomcat/webapps/docs]
21-Jan-2026 11:08:24.367 INFO [main] org.apache.catalina.startup.HostConfig.deployDirectory Deployment of web application directory [/opt/lms/tomcat/webapps/docs] has finished in [25] ms
21-Jan-2026 11:08:24.378 INFO [main] org.apache.coyote.AbstractProtocol.start Starting ProtocolHandler ["http-nio-8001"]
21-Jan-2026 11:08:24.409 INFO [main] org.apache.catalina.startup.Catalina.start Server startup in [1511] milliseconds
NOTE: Picked up JDK_JAVA_OPTIONS:  --add-opens=java.base/java.lang=ALL-UNNAMED --add-opens=java.base/java.io=ALL-UNNAMED --add-opens=java.base/java.util=ALL-UNNAMED --add-opens=java.base/java.util.concurrent=ALL-UNNAMED --add-opens=java.rmi/sun.rmi.transport=ALL-UNNAMED
21-Jan-2026 11:08:33.000 INFO [main] org.apache.catalina.startup.VersionLoggerListener.log Server version name:   Apache Tomcat/9.0.96
21-Jan-2026 11:08:33.009 INFO [main] org.apache.catalina.startup.VersionLoggerListener.log Server built:          Oct 3 2024 19:44:30 UTC
21-Jan-2026 11:08:33.009 INFO [main] org.apache.catalina.startup.VersionLoggerListener.log Server version number: 9.0.96.0
21-Jan-2026 11:08:33.009 INFO [main] org.apache.catalina.startup.VersionLoggerListener.log OS Name:               Linux
21-Jan-2026 11:08:33.009 INFO [main] org.apache.catalina.startup.VersionLoggerListener.log OS Version:            6.8.0-1044-aws
21-Jan-2026 11:08:33.009 INFO [main] org.apache.catalina.startup.VersionLoggerListener.log Architecture:          amd64
21-Jan-2026 11:08:33.010 INFO [main] org.apache.catalina.startup.VersionLoggerListener.log Java Home:             /usr/lib/jvm/java-17-openjdk-amd64
21-Jan-2026 11:08:33.010 INFO [main] org.apache.catalina.startup.VersionLoggerListener.log JVM Version:           17.0.17+10-Ubuntu-122.04
21-Jan-2026 11:08:33.010 INFO [main] org.apache.catalina.startup.VersionLoggerListener.log JVM Vendor:            Ubuntu
21-Jan-2026 11:08:33.010 INFO [main] org.apache.catalina.startup.VersionLoggerListener.log CATALINA_BASE:         /opt/lms/tomcat
21-Jan-2026 11:08:33.011 INFO [main] org.apache.catalina.startup.VersionLoggerListener.log CATALINA_HOME:         /opt/lms/tomcat
21-Jan-2026 11:08:33.045 INFO [main] org.apache.catalina.startup.VersionLoggerListener.log Command line argument: --add-opens=java.base/java.lang=ALL-UNNAMED
21-Jan-2026 11:08:33.046 INFO [main] org.apache.catalina.startup.VersionLoggerListener.log Command line argument: --add-opens=java.base/java.io=ALL-UNNAMED
21-Jan-2026 11:08:33.046 INFO [main] org.apache.catalina.startup.VersionLoggerListener.log Command line argument: --add-opens=java.base/java.util=ALL-UNNAMED
21-Jan-2026 11:08:33.046 INFO [main] org.apache.catalina.startup.VersionLoggerListener.log Command line argument: --add-opens=java.base/java.util.concurrent=ALL-UNNAMED
21-Jan-2026 11:08:33.046 INFO [main] org.apache.catalina.startup.VersionLoggerListener.log Command line argument: --add-opens=java.rmi/sun.rmi.transport=ALL-UNNAMED
21-Jan-2026 11:08:33.046 INFO [main] org.apache.catalina.startup.VersionLoggerListener.log Command line argument: -Djava.util.logging.config.file=/opt/lms/tomcat/conf/logging.properties
21-Jan-2026 11:08:33.046 INFO [main] org.apache.catalina.startup.VersionLoggerListener.log Command line argument: -Djava.util.logging.manager=org.apache.juli.ClassLoaderLogManager
21-Jan-2026 11:08:33.046 INFO [main] org.apache.catalina.startup.VersionLoggerListener.log Command line argument: -Djdk.tls.ephemeralDHKeySize=2048
21-Jan-2026 11:08:33.046 INFO [main] org.apache.catalina.startup.VersionLoggerListener.log Command line argument: -Djava.protocol.handler.pkgs=org.apache.catalina.webresources
21-Jan-2026 11:08:33.047 INFO [main] org.apache.catalina.startup.VersionLoggerListener.log Command line argument: -Dorg.apache.catalina.security.SecurityListener.UMASK=0027
21-Jan-2026 11:08:33.047 INFO [main] org.apache.catalina.startup.VersionLoggerListener.log Command line argument: -Dignore.endorsed.dirs=
21-Jan-2026 11:08:33.047 INFO [main] org.apache.catalina.startup.VersionLoggerListener.log Command line argument: -Dcatalina.base=/opt/lms/tomcat
21-Jan-2026 11:08:33.047 INFO [main] org.apache.catalina.startup.VersionLoggerListener.log Command line argument: -Dcatalina.home=/opt/lms/tomcat
21-Jan-2026 11:08:33.049 INFO [main] org.apache.catalina.startup.VersionLoggerListener.log Command line argument: -Djava.io.tmpdir=/opt/lms/tomcat/temp
21-Jan-2026 11:08:33.061 INFO [main] org.apache.catalina.core.AprLifecycleListener.lifecycleEvent An older version [1.2.31] of the Apache Tomcat Native library is installed, while Tomcat recommends a minimum version of [1.3.0]
21-Jan-2026 11:08:33.061 INFO [main] org.apache.catalina.core.AprLifecycleListener.lifecycleEvent Loaded Apache Tomcat Native library [1.2.31] using APR version [1.7.0].
21-Jan-2026 11:08:33.061 INFO [main] org.apache.catalina.core.AprLifecycleListener.lifecycleEvent APR capabilities: IPv6 [true], sendfile [true], accept filters [false], random [true], UDS [true].
21-Jan-2026 11:08:33.061 INFO [main] org.apache.catalina.core.AprLifecycleListener.lifecycleEvent APR/OpenSSL configuration: useAprConnector [false], useOpenSSL [true]
21-Jan-2026 11:08:33.067 INFO [main] org.apache.catalina.core.AprLifecycleListener.initializeSSL OpenSSL successfully initialized [OpenSSL 3.0.2 15 Mar 2022]
21-Jan-2026 11:08:33.608 INFO [main] org.apache.coyote.AbstractProtocol.init Initializing ProtocolHandler ["http-nio-8001"]
21-Jan-2026 11:08:33.654 SEVERE [main] org.apache.catalina.util.LifecycleBase.handleSubClassException Failed to initialize component [Connector["http-nio-8001"]]
	org.apache.catalina.LifecycleException: Protocol handler initialization failed
		at org.apache.catalina.connector.Connector.initInternal(Connector.java:1027)
		at org.apache.catalina.util.LifecycleBase.init(LifecycleBase.java:122)
		at org.apache.catalina.core.StandardService.initInternal(StandardService.java:525)
		at org.apache.catalina.util.LifecycleBase.init(LifecycleBase.java:122)
		at org.apache.catalina.core.StandardServer.initInternal(StandardServer.java:986)
		at org.apache.catalina.util.LifecycleBase.init(LifecycleBase.java:122)
		at org.apache.catalina.startup.Catalina.load(Catalina.java:686)
		at org.apache.catalina.startup.Catalina.load(Catalina.java:709)
		at java.base/jdk.internal.reflect.NativeMethodAccessorImpl.invoke0(Native Method)
		at java.base/jdk.internal.reflect.NativeMethodAccessorImpl.invoke(NativeMethodAccessorImpl.java:77)
		at java.base/jdk.internal.reflect.DelegatingMethodAccessorImpl.invoke(DelegatingMethodAccessorImpl.java:43)
		at java.base/java.lang.reflect.Method.invoke(Method.java:569)
		at org.apache.catalina.startup.Bootstrap.load(Bootstrap.java:302)
		at org.apache.catalina.startup.Bootstrap.main(Bootstrap.java:472)
	Caused by: java.net.BindException: Address already in use
		at java.base/sun.nio.ch.Net.bind0(Native Method)
		at java.base/sun.nio.ch.Net.bind(Net.java:555)
		at java.base/sun.nio.ch.ServerSocketChannelImpl.netBind(ServerSocketChannelImpl.java:337)
		at java.base/sun.nio.ch.ServerSocketChannelImpl.bind(ServerSocketChannelImpl.java:294)
		at org.apache.tomcat.util.net.NioEndpoint.initServerSocket(NioEndpoint.java:268)
		at org.apache.tomcat.util.net.NioEndpoint.bind(NioEndpoint.java:223)
		at org.apache.tomcat.util.net.AbstractEndpoint.bindWithCleanup(AbstractEndpoint.java:1373)
		at org.apache.tomcat.util.net.AbstractEndpoint.init(AbstractEndpoint.java:1386)
		at org.apache.coyote.AbstractProtocol.init(AbstractProtocol.java:663)
		at org.apache.coyote.http11.AbstractHttp11Protocol.init(AbstractHttp11Protocol.java:77)
		at org.apache.catalina.connector.Connector.initInternal(Connector.java:1025)
		... 13 more
21-Jan-2026 11:08:33.655 INFO [main] org.apache.catalina.startup.Catalina.load Server initialization in [1009] milliseconds
21-Jan-2026 11:08:33.754 INFO [main] org.apache.catalina.core.StandardService.startInternal Starting service [Catalina]
21-Jan-2026 11:08:33.755 INFO [main] org.apache.catalina.core.StandardEngine.startInternal Starting Servlet engine: [Apache Tomcat/9.0.96]
21-Jan-2026 11:08:33.767 INFO [main] org.apache.catalina.startup.HostConfig.deployDirectory Deploying web application directory [/opt/lms/tomcat/webapps/manager]
21-Jan-2026 11:08:34.391 INFO [Catalina-utility-1] org.apache.catalina.startup.HostConfig.undeploy Undeploying context []
21-Jan-2026 11:08:34.470 INFO [main] org.apache.catalina.startup.HostConfig.deployDirectory Deployment of web application directory [/opt/lms/tomcat/webapps/manager] has finished in [702] ms
21-Jan-2026 11:08:34.471 INFO [main] org.apache.catalina.startup.HostConfig.deployDirectory Deploying web application directory [/opt/lms/tomcat/webapps/examples]
21-Jan-2026 11:08:34.825 INFO [main] org.apache.catalina.startup.HostConfig.deployDirectory Deployment of web application directory [/opt/lms/tomcat/webapps/examples] has finished in [354] ms
21-Jan-2026 11:08:34.825 INFO [main] org.apache.catalina.startup.HostConfig.deployDirectory Deploying web application directory [/opt/lms/tomcat/webapps/host-manager]
21-Jan-2026 11:08:34.887 INFO [main] org.apache.catalina.startup.HostConfig.deployDirectory Deployment of web application directory [/opt/lms/tomcat/webapps/host-manager] has finished in [60] ms
21-Jan-2026 11:08:34.887 INFO [main] org.apache.catalina.startup.HostConfig.deployDirectory Deploying web application directory [/opt/lms/tomcat/webapps/docs]
21-Jan-2026 11:08:34.917 INFO [main] org.apache.catalina.startup.HostConfig.deployDirectory Deployment of web application directory [/opt/lms/tomcat/webapps/docs] has finished in [29] ms
21-Jan-2026 11:08:34.923 INFO [main] org.apache.catalina.startup.Catalina.start Server startup in [1268] milliseconds
21-Jan-2026 11:08:34.932 SEVERE [main] org.apache.catalina.core.StandardServer.await Failed to create server shutdown socket on address [localhost] and port [8005] (base port [8005] and offset [0])
	java.net.BindException: Address already in use
		at java.base/sun.nio.ch.Net.bind0(Native Method)
		at java.base/sun.nio.ch.Net.bind(Net.java:555)
		at java.base/sun.nio.ch.Net.bind(Net.java:544)
		at java.base/sun.nio.ch.NioSocketImpl.bind(NioSocketImpl.java:648)
		at java.base/java.net.ServerSocket.bind(ServerSocket.java:388)
		at java.base/java.net.ServerSocket.<init>(ServerSocket.java:274)
		at org.apache.catalina.core.StandardServer.await(StandardServer.java:537)
		at org.apache.catalina.startup.Catalina.await(Catalina.java:825)
		at org.apache.catalina.startup.Catalina.start(Catalina.java:773)
		at java.base/jdk.internal.reflect.NativeMethodAccessorImpl.invoke0(Native Method)
		at java.base/jdk.internal.reflect.NativeMethodAccessorImpl.invoke(NativeMethodAccessorImpl.java:77)
		at java.base/jdk.internal.reflect.DelegatingMethodAccessorImpl.invoke(DelegatingMethodAccessorImpl.java:43)
		at java.base/java.lang.reflect.Method.invoke(Method.java:569)
		at org.apache.catalina.startup.Bootstrap.start(Bootstrap.java:345)
		at org.apache.catalina.startup.Bootstrap.main(Bootstrap.java:473)
21-Jan-2026 11:08:34.934 INFO [main] org.apache.coyote.AbstractProtocol.pause Pausing ProtocolHandler ["http-nio-8001"]
21-Jan-2026 11:08:34.934 INFO [main] org.apache.catalina.core.StandardService.stopInternal Stopping service [Catalina]
21-Jan-2026 11:08:34.987 INFO [main] org.apache.coyote.AbstractProtocol.stop Stopping ProtocolHandler ["http-nio-8001"]
21-Jan-2026 11:08:34.994 INFO [main] org.apache.coyote.AbstractProtocol.destroy Destroying ProtocolHandler ["http-nio-8001"]
21-Jan-2026 11:09:12.206 WARNING [main] org.apache.catalina.core.StandardServer.await Invalid shutdown command [GET /?id=0513973d-e2e5-4e50-9cd2-b2a58f15d3fb&vscodeBrowserReqId=1768993752135 HTTP/1.1] received
NOTE: Picked up JDK_JAVA_OPTIONS:  --add-opens=java.base/java.lang=ALL-UNNAMED --add-opens=java.base/java.io=ALL-UNNAMED --add-opens=java.base/java.util=ALL-UNNAMED --add-opens=java.base/java.util.concurrent=ALL-UNNAMED --add-opens=java.rmi/sun.rmi.transport=ALL-UNNAMED
21-Jan-2026 11:09:26.447 INFO [main] org.apache.catalina.startup.VersionLoggerListener.log Server version name:   Apache Tomcat/9.0.96
21-Jan-2026 11:09:26.454 INFO [main] org.apache.catalina.startup.VersionLoggerListener.log Server built:          Oct 3 2024 19:44:30 UTC
21-Jan-2026 11:09:26.454 INFO [main] org.apache.catalina.startup.VersionLoggerListener.log Server version number: 9.0.96.0
21-Jan-2026 11:09:26.455 INFO [main] org.apache.catalina.startup.VersionLoggerListener.log OS Name:               Linux
21-Jan-2026 11:09:26.455 INFO [main] org.apache.catalina.startup.VersionLoggerListener.log OS Version:            6.8.0-1044-aws
21-Jan-2026 11:09:26.455 INFO [main] org.apache.catalina.startup.VersionLoggerListener.log Architecture:          amd64
21-Jan-2026 11:09:26.455 INFO [main] org.apache.catalina.startup.VersionLoggerListener.log Java Home:             /usr/lib/jvm/java-11-openjdk-amd64
21-Jan-2026 11:09:26.455 INFO [main] org.apache.catalina.startup.VersionLoggerListener.log JVM Version:           11.0.29+7-post-Ubuntu-1ubuntu122.04
21-Jan-2026 11:09:26.456 INFO [main] org.apache.catalina.startup.VersionLoggerListener.log JVM Vendor:            Ubuntu
21-Jan-2026 11:09:26.457 INFO [main] org.apache.catalina.startup.VersionLoggerListener.log CATALINA_BASE:         /opt/lms/tomcat
21-Jan-2026 11:09:26.457 INFO [main] org.apache.catalina.startup.VersionLoggerListener.log CATALINA_HOME:         /opt/lms/tomcat
21-Jan-2026 11:09:26.529 INFO [main] org.apache.catalina.startup.VersionLoggerListener.log Command line argument: --add-opens=java.base/java.lang=ALL-UNNAMED
21-Jan-2026 11:09:26.529 INFO [main] org.apache.catalina.startup.VersionLoggerListener.log Command line argument: --add-opens=java.base/java.io=ALL-UNNAMED
21-Jan-2026 11:09:26.529 INFO [main] org.apache.catalina.startup.VersionLoggerListener.log Command line argument: --add-opens=java.base/java.util=ALL-UNNAMED
21-Jan-2026 11:09:26.530 INFO [main] org.apache.catalina.startup.VersionLoggerListener.log Command line argument: --add-opens=java.base/java.util.concurrent=ALL-UNNAMED
21-Jan-2026 11:09:26.530 INFO [main] org.apache.catalina.startup.VersionLoggerListener.log Command line argument: --add-opens=java.rmi/sun.rmi.transport=ALL-UNNAMED
21-Jan-2026 11:09:26.530 INFO [main] org.apache.catalina.startup.VersionLoggerListener.log Command line argument: -Djava.util.logging.config.file=/opt/lms/tomcat/conf/logging.properties
21-Jan-2026 11:09:26.530 INFO [main] org.apache.catalina.startup.VersionLoggerListener.log Command line argument: -Djava.util.logging.manager=org.apache.juli.ClassLoaderLogManager
21-Jan-2026 11:09:26.530 INFO [main] org.apache.catalina.startup.VersionLoggerListener.log Command line argument: -Djdk.tls.ephemeralDHKeySize=2048
21-Jan-2026 11:09:26.531 INFO [main] org.apache.catalina.startup.VersionLoggerListener.log Command line argument: -Djava.protocol.handler.pkgs=org.apache.catalina.webresources
21-Jan-2026 11:09:26.531 INFO [main] org.apache.catalina.startup.VersionLoggerListener.log Command line argument: -Dorg.apache.catalina.security.SecurityListener.UMASK=0027
21-Jan-2026 11:09:26.531 INFO [main] org.apache.catalina.startup.VersionLoggerListener.log Command line argument: -Dignore.endorsed.dirs=
21-Jan-2026 11:09:26.531 INFO [main] org.apache.catalina.startup.VersionLoggerListener.log Command line argument: -Dcatalina.base=/opt/lms/tomcat
21-Jan-2026 11:09:26.531 INFO [main] org.apache.catalina.startup.VersionLoggerListener.log Command line argument: -Dcatalina.home=/opt/lms/tomcat
21-Jan-2026 11:09:26.534 INFO [main] org.apache.catalina.startup.VersionLoggerListener.log Command line argument: -Djava.io.tmpdir=/opt/lms/tomcat/temp
21-Jan-2026 11:09:26.546 INFO [main] org.apache.catalina.core.AprLifecycleListener.lifecycleEvent An older version [1.2.31] of the Apache Tomcat Native library is installed, while Tomcat recommends a minimum version of [1.3.0]
21-Jan-2026 11:09:26.546 INFO [main] org.apache.catalina.core.AprLifecycleListener.lifecycleEvent Loaded Apache Tomcat Native library [1.2.31] using APR version [1.7.0].
21-Jan-2026 11:09:26.546 INFO [main] org.apache.catalina.core.AprLifecycleListener.lifecycleEvent APR capabilities: IPv6 [true], sendfile [true], accept filters [false], random [true], UDS [true].
21-Jan-2026 11:09:26.546 INFO [main] org.apache.catalina.core.AprLifecycleListener.lifecycleEvent APR/OpenSSL configuration: useAprConnector [false], useOpenSSL [true]
21-Jan-2026 11:09:26.558 INFO [main] org.apache.catalina.core.AprLifecycleListener.initializeSSL OpenSSL successfully initialized [OpenSSL 3.0.2 15 Mar 2022]
21-Jan-2026 11:09:27.609 INFO [main] org.apache.coyote.AbstractProtocol.init Initializing ProtocolHandler ["http-nio-8001"]
21-Jan-2026 11:09:27.747 INFO [main] org.apache.catalina.startup.Catalina.load Server initialization in [2145] milliseconds
21-Jan-2026 11:09:28.053 INFO [main] org.apache.catalina.core.StandardService.startInternal Starting service [Catalina]
21-Jan-2026 11:09:28.054 INFO [main] org.apache.catalina.core.StandardEngine.startInternal Starting Servlet engine: [Apache Tomcat/9.0.96]
21-Jan-2026 11:09:28.077 INFO [main] org.apache.catalina.startup.HostConfig.deployDirectory Deploying web application directory [/opt/lms/tomcat/webapps/manager]
21-Jan-2026 11:09:28.864 INFO [main] org.apache.catalina.startup.HostConfig.deployDirectory Deployment of web application directory [/opt/lms/tomcat/webapps/manager] has finished in [786] ms
21-Jan-2026 11:09:28.864 INFO [main] org.apache.catalina.startup.HostConfig.deployDirectory Deploying web application directory [/opt/lms/tomcat/webapps/examples]
21-Jan-2026 11:09:29.367 INFO [main] org.apache.catalina.startup.HostConfig.deployDirectory Deployment of web application directory [/opt/lms/tomcat/webapps/examples] has finished in [503] ms
21-Jan-2026 11:09:29.367 INFO [main] org.apache.catalina.startup.HostConfig.deployDirectory Deploying web application directory [/opt/lms/tomcat/webapps/host-manager]
21-Jan-2026 11:09:29.410 INFO [main] org.apache.catalina.startup.HostConfig.deployDirectory Deployment of web application directory [/opt/lms/tomcat/webapps/host-manager] has finished in [42] ms
21-Jan-2026 11:09:29.410 INFO [main] org.apache.catalina.startup.HostConfig.deployDirectory Deploying web application directory [/opt/lms/tomcat/webapps/docs]
21-Jan-2026 11:09:29.454 INFO [main] org.apache.catalina.startup.HostConfig.deployDirectory Deployment of web application directory [/opt/lms/tomcat/webapps/docs] has finished in [44] ms
21-Jan-2026 11:09:29.462 INFO [main] org.apache.coyote.AbstractProtocol.start Starting ProtocolHandler ["http-nio-8001"]
21-Jan-2026 11:09:29.479 INFO [main] org.apache.catalina.startup.Catalina.start Server startup in [1732] milliseconds
NOTE: Picked up JDK_JAVA_OPTIONS:  --add-opens=java.base/java.lang=ALL-UNNAMED --add-opens=java.base/java.io=ALL-UNNAMED --add-opens=java.base/java.util=ALL-UNNAMED --add-opens=java.base/java.util.concurrent=ALL-UNNAMED --add-opens=java.rmi/sun.rmi.transport=ALL-UNNAMED
21-Jan-2026 11:09:31.524 INFO [main] org.apache.catalina.startup.VersionLoggerListener.log Server version name:   Apache Tomcat/9.0.96
21-Jan-2026 11:09:31.535 INFO [main] org.apache.catalina.startup.VersionLoggerListener.log Server built:          Oct 3 2024 19:44:30 UTC
21-Jan-2026 11:09:31.536 INFO [main] org.apache.catalina.startup.VersionLoggerListener.log Server version number: 9.0.96.0
21-Jan-2026 11:09:31.536 INFO [main] org.apache.catalina.startup.VersionLoggerListener.log OS Name:               Linux
21-Jan-2026 11:09:31.536 INFO [main] org.apache.catalina.startup.VersionLoggerListener.log OS Version:            6.8.0-1044-aws
21-Jan-2026 11:09:31.536 INFO [main] org.apache.catalina.startup.VersionLoggerListener.log Architecture:          amd64
21-Jan-2026 11:09:31.536 INFO [main] org.apache.catalina.startup.VersionLoggerListener.log Java Home:             /usr/lib/jvm/java-17-openjdk-amd64
21-Jan-2026 11:09:31.536 INFO [main] org.apache.catalina.startup.VersionLoggerListener.log JVM Version:           17.0.17+10-Ubuntu-122.04
21-Jan-2026 11:09:31.537 INFO [main] org.apache.catalina.startup.VersionLoggerListener.log JVM Vendor:            Ubuntu
21-Jan-2026 11:09:31.537 INFO [main] org.apache.catalina.startup.VersionLoggerListener.log CATALINA_BASE:         /opt/lms/tomcat
21-Jan-2026 11:09:31.537 INFO [main] org.apache.catalina.startup.VersionLoggerListener.log CATALINA_HOME:         /opt/lms/tomcat
21-Jan-2026 11:09:31.575 INFO [main] org.apache.catalina.startup.VersionLoggerListener.log Command line argument: --add-opens=java.base/java.lang=ALL-UNNAMED
21-Jan-2026 11:09:31.575 INFO [main] org.apache.catalina.startup.VersionLoggerListener.log Command line argument: --add-opens=java.base/java.io=ALL-UNNAMED
21-Jan-2026 11:09:31.575 INFO [main] org.apache.catalina.startup.VersionLoggerListener.log Command line argument: --add-opens=java.base/java.util=ALL-UNNAMED
21-Jan-2026 11:09:31.577 INFO [main] org.apache.catalina.startup.VersionLoggerListener.log Command line argument: --add-opens=java.base/java.util.concurrent=ALL-UNNAMED
21-Jan-2026 11:09:31.578 INFO [main] org.apache.catalina.startup.VersionLoggerListener.log Command line argument: --add-opens=java.rmi/sun.rmi.transport=ALL-UNNAMED
21-Jan-2026 11:09:31.578 INFO [main] org.apache.catalina.startup.VersionLoggerListener.log Command line argument: -Djava.util.logging.config.file=/opt/lms/tomcat/conf/logging.properties
21-Jan-2026 11:09:31.578 INFO [main] org.apache.catalina.startup.VersionLoggerListener.log Command line argument: -Djava.util.logging.manager=org.apache.juli.ClassLoaderLogManager
21-Jan-2026 11:09:31.578 INFO [main] org.apache.catalina.startup.VersionLoggerListener.log Command line argument: -Djdk.tls.ephemeralDHKeySize=2048
21-Jan-2026 11:09:31.578 INFO [main] org.apache.catalina.startup.VersionLoggerListener.log Command line argument: -Djava.protocol.handler.pkgs=org.apache.catalina.webresources
21-Jan-2026 11:09:31.580 INFO [main] org.apache.catalina.startup.VersionLoggerListener.log Command line argument: -Dorg.apache.catalina.security.SecurityListener.UMASK=0027
21-Jan-2026 11:09:31.580 INFO [main] org.apache.catalina.startup.VersionLoggerListener.log Command line argument: -Dignore.endorsed.dirs=
21-Jan-2026 11:09:31.581 INFO [main] org.apache.catalina.startup.VersionLoggerListener.log Command line argument: -Dcatalina.base=/opt/lms/tomcat
21-Jan-2026 11:09:31.581 INFO [main] org.apache.catalina.startup.VersionLoggerListener.log Command line argument: -Dcatalina.home=/opt/lms/tomcat
21-Jan-2026 11:09:31.581 INFO [main] org.apache.catalina.startup.VersionLoggerListener.log Command line argument: -Djava.io.tmpdir=/opt/lms/tomcat/temp
21-Jan-2026 11:09:31.591 INFO [main] org.apache.catalina.core.AprLifecycleListener.lifecycleEvent An older version [1.2.31] of the Apache Tomcat Native library is installed, while Tomcat recommends a minimum version of [1.3.0]
21-Jan-2026 11:09:31.592 INFO [main] org.apache.catalina.core.AprLifecycleListener.lifecycleEvent Loaded Apache Tomcat Native library [1.2.31] using APR version [1.7.0].
21-Jan-2026 11:09:31.592 INFO [main] org.apache.catalina.core.AprLifecycleListener.lifecycleEvent APR capabilities: IPv6 [true], sendfile [true], accept filters [false], random [true], UDS [true].
21-Jan-2026 11:09:31.592 INFO [main] org.apache.catalina.core.AprLifecycleListener.lifecycleEvent APR/OpenSSL configuration: useAprConnector [false], useOpenSSL [true]
21-Jan-2026 11:09:31.606 INFO [main] org.apache.catalina.core.AprLifecycleListener.initializeSSL OpenSSL successfully initialized [OpenSSL 3.0.2 15 Mar 2022]
21-Jan-2026 11:09:32.206 INFO [main] org.apache.coyote.AbstractProtocol.init Initializing ProtocolHandler ["http-nio-8001"]
21-Jan-2026 11:09:32.243 SEVERE [main] org.apache.catalina.util.LifecycleBase.handleSubClassException Failed to initialize component [Connector["http-nio-8001"]]
	org.apache.catalina.LifecycleException: Protocol handler initialization failed
		at org.apache.catalina.connector.Connector.initInternal(Connector.java:1027)
		at org.apache.catalina.util.LifecycleBase.init(LifecycleBase.java:122)
		at org.apache.catalina.core.StandardService.initInternal(StandardService.java:525)
		at org.apache.catalina.util.LifecycleBase.init(LifecycleBase.java:122)
		at org.apache.catalina.core.StandardServer.initInternal(StandardServer.java:986)
		at org.apache.catalina.util.LifecycleBase.init(LifecycleBase.java:122)
		at org.apache.catalina.startup.Catalina.load(Catalina.java:686)
		at org.apache.catalina.startup.Catalina.load(Catalina.java:709)
		at java.base/jdk.internal.reflect.NativeMethodAccessorImpl.invoke0(Native Method)
		at java.base/jdk.internal.reflect.NativeMethodAccessorImpl.invoke(NativeMethodAccessorImpl.java:77)
		at java.base/jdk.internal.reflect.DelegatingMethodAccessorImpl.invoke(DelegatingMethodAccessorImpl.java:43)
		at java.base/java.lang.reflect.Method.invoke(Method.java:569)
		at org.apache.catalina.startup.Bootstrap.load(Bootstrap.java:302)
		at org.apache.catalina.startup.Bootstrap.main(Bootstrap.java:472)
	Caused by: java.net.BindException: Address already in use
		at java.base/sun.nio.ch.Net.bind0(Native Method)
		at java.base/sun.nio.ch.Net.bind(Net.java:555)
		at java.base/sun.nio.ch.ServerSocketChannelImpl.netBind(ServerSocketChannelImpl.java:337)
		at java.base/sun.nio.ch.ServerSocketChannelImpl.bind(ServerSocketChannelImpl.java:294)
		at org.apache.tomcat.util.net.NioEndpoint.initServerSocket(NioEndpoint.java:268)
		at org.apache.tomcat.util.net.NioEndpoint.bind(NioEndpoint.java:223)
		at org.apache.tomcat.util.net.AbstractEndpoint.bindWithCleanup(AbstractEndpoint.java:1373)
		at org.apache.tomcat.util.net.AbstractEndpoint.init(AbstractEndpoint.java:1386)
		at org.apache.coyote.AbstractProtocol.init(AbstractProtocol.java:663)
		at org.apache.coyote.http11.AbstractHttp11Protocol.init(AbstractHttp11Protocol.java:77)
		at org.apache.catalina.connector.Connector.initInternal(Connector.java:1025)
		... 13 more
21-Jan-2026 11:09:32.245 INFO [main] org.apache.catalina.startup.Catalina.load Server initialization in [1114] milliseconds
21-Jan-2026 11:09:32.337 INFO [main] org.apache.catalina.core.StandardService.startInternal Starting service [Catalina]
21-Jan-2026 11:09:32.337 INFO [main] org.apache.catalina.core.StandardEngine.startInternal Starting Servlet engine: [Apache Tomcat/9.0.96]
21-Jan-2026 11:09:32.348 INFO [main] org.apache.catalina.startup.HostConfig.deployDirectory Deploying web application directory [/opt/lms/tomcat/webapps/manager]
21-Jan-2026 11:09:33.073 INFO [main] org.apache.catalina.startup.HostConfig.deployDirectory Deployment of web application directory [/opt/lms/tomcat/webapps/manager] has finished in [724] ms
21-Jan-2026 11:09:33.074 INFO [main] org.apache.catalina.startup.HostConfig.deployDirectory Deploying web application directory [/opt/lms/tomcat/webapps/examples]
21-Jan-2026 11:09:33.503 INFO [main] org.apache.catalina.startup.HostConfig.deployDirectory Deployment of web application directory [/opt/lms/tomcat/webapps/examples] has finished in [430] ms
21-Jan-2026 11:09:33.504 INFO [main] org.apache.catalina.startup.HostConfig.deployDirectory Deploying web application directory [/opt/lms/tomcat/webapps/host-manager]
21-Jan-2026 11:09:33.550 INFO [main] org.apache.catalina.startup.HostConfig.deployDirectory Deployment of web application directory [/opt/lms/tomcat/webapps/host-manager] has finished in [46] ms
21-Jan-2026 11:09:33.551 INFO [main] org.apache.catalina.startup.HostConfig.deployDirectory Deploying web application directory [/opt/lms/tomcat/webapps/docs]
21-Jan-2026 11:09:33.583 INFO [main] org.apache.catalina.startup.HostConfig.deployDirectory Deployment of web application directory [/opt/lms/tomcat/webapps/docs] has finished in [33] ms
21-Jan-2026 11:09:33.600 INFO [main] org.apache.catalina.startup.Catalina.start Server startup in [1354] milliseconds
21-Jan-2026 11:09:33.610 SEVERE [main] org.apache.catalina.core.StandardServer.await Failed to create server shutdown socket on address [localhost] and port [8005] (base port [8005] and offset [0])
	java.net.BindException: Address already in use
		at java.base/sun.nio.ch.Net.bind0(Native Method)
		at java.base/sun.nio.ch.Net.bind(Net.java:555)
		at java.base/sun.nio.ch.Net.bind(Net.java:544)
		at java.base/sun.nio.ch.NioSocketImpl.bind(NioSocketImpl.java:648)
		at java.base/java.net.ServerSocket.bind(ServerSocket.java:388)
		at java.base/java.net.ServerSocket.<init>(ServerSocket.java:274)
		at org.apache.catalina.core.StandardServer.await(StandardServer.java:537)
		at org.apache.catalina.startup.Catalina.await(Catalina.java:825)
		at org.apache.catalina.startup.Catalina.start(Catalina.java:773)
		at java.base/jdk.internal.reflect.NativeMethodAccessorImpl.invoke0(Native Method)
		at java.base/jdk.internal.reflect.NativeMethodAccessorImpl.invoke(NativeMethodAccessorImpl.java:77)
		at java.base/jdk.internal.reflect.DelegatingMethodAccessorImpl.invoke(DelegatingMethodAccessorImpl.java:43)
		at java.base/java.lang.reflect.Method.invoke(Method.java:569)
		at org.apache.catalina.startup.Bootstrap.start(Bootstrap.java:345)
		at org.apache.catalina.startup.Bootstrap.main(Bootstrap.java:473)
21-Jan-2026 11:09:33.611 INFO [main] org.apache.coyote.AbstractProtocol.pause Pausing ProtocolHandler ["http-nio-8001"]
21-Jan-2026 11:09:33.611 INFO [main] org.apache.catalina.core.StandardService.stopInternal Stopping service [Catalina]
21-Jan-2026 11:09:33.642 INFO [main] org.apache.coyote.AbstractProtocol.stop Stopping ProtocolHandler ["http-nio-8001"]
21-Jan-2026 11:09:33.643 INFO [main] org.apache.coyote.AbstractProtocol.destroy Destroying ProtocolHandler ["http-nio-8001"]
NOTE: Picked up JDK_JAVA_OPTIONS:  --add-opens=java.base/java.lang=ALL-UNNAMED --add-opens=java.base/java.io=ALL-UNNAMED --add-opens=java.base/java.util=ALL-UNNAMED --add-opens=java.base/java.util.concurrent=ALL-UNNAMED --add-opens=java.rmi/sun.rmi.transport=ALL-UNNAMED
21-Jan-2026 11:10:57.810 INFO [main] org.apache.catalina.startup.VersionLoggerListener.log Server version name:   Apache Tomcat/9.0.96
21-Jan-2026 11:10:57.815 INFO [main] org.apache.catalina.startup.VersionLoggerListener.log Server built:          Oct 3 2024 19:44:30 UTC
21-Jan-2026 11:10:57.815 INFO [main] org.apache.catalina.startup.VersionLoggerListener.log Server version number: 9.0.96.0
21-Jan-2026 11:10:57.815 INFO [main] org.apache.catalina.startup.VersionLoggerListener.log OS Name:               Linux
21-Jan-2026 11:10:57.816 INFO [main] org.apache.catalina.startup.VersionLoggerListener.log OS Version:            6.8.0-1044-aws
21-Jan-2026 11:10:57.816 INFO [main] org.apache.catalina.startup.VersionLoggerListener.log Architecture:          amd64
21-Jan-2026 11:10:57.816 INFO [main] org.apache.catalina.startup.VersionLoggerListener.log Java Home:             /usr/lib/jvm/java-11-openjdk-amd64
21-Jan-2026 11:10:57.816 INFO [main] org.apache.catalina.startup.VersionLoggerListener.log JVM Version:           11.0.29+7-post-Ubuntu-1ubuntu122.04
21-Jan-2026 11:10:57.816 INFO [main] org.apache.catalina.startup.VersionLoggerListener.log JVM Vendor:            Ubuntu
21-Jan-2026 11:10:57.816 INFO [main] org.apache.catalina.startup.VersionLoggerListener.log CATALINA_BASE:         /opt/lms/tomcat
21-Jan-2026 11:10:57.816 INFO [main] org.apache.catalina.startup.VersionLoggerListener.log CATALINA_HOME:         /opt/lms/tomcat
21-Jan-2026 11:10:57.849 INFO [main] org.apache.catalina.startup.VersionLoggerListener.log Command line argument: --add-opens=java.base/java.lang=ALL-UNNAMED
21-Jan-2026 11:10:57.850 INFO [main] org.apache.catalina.startup.VersionLoggerListener.log Command line argument: --add-opens=java.base/java.io=ALL-UNNAMED
21-Jan-2026 11:10:57.850 INFO [main] org.apache.catalina.startup.VersionLoggerListener.log Command line argument: --add-opens=java.base/java.util=ALL-UNNAMED
21-Jan-2026 11:10:57.850 INFO [main] org.apache.catalina.startup.VersionLoggerListener.log Command line argument: --add-opens=java.base/java.util.concurrent=ALL-UNNAMED
21-Jan-2026 11:10:57.850 INFO [main] org.apache.catalina.startup.VersionLoggerListener.log Command line argument: --add-opens=java.rmi/sun.rmi.transport=ALL-UNNAMED
21-Jan-2026 11:10:57.850 INFO [main] org.apache.catalina.startup.VersionLoggerListener.log Command line argument: -Djava.util.logging.config.file=/opt/lms/tomcat/conf/logging.properties
21-Jan-2026 11:10:57.850 INFO [main] org.apache.catalina.startup.VersionLoggerListener.log Command line argument: -Djava.util.logging.manager=org.apache.juli.ClassLoaderLogManager
21-Jan-2026 11:10:57.850 INFO [main] org.apache.catalina.startup.VersionLoggerListener.log Command line argument: -Djdk.tls.ephemeralDHKeySize=2048
21-Jan-2026 11:10:57.850 INFO [main] org.apache.catalina.startup.VersionLoggerListener.log Command line argument: -Djava.protocol.handler.pkgs=org.apache.catalina.webresources
21-Jan-2026 11:10:57.850 INFO [main] org.apache.catalina.startup.VersionLoggerListener.log Command line argument: -Dorg.apache.catalina.security.SecurityListener.UMASK=0027
21-Jan-2026 11:10:57.850 INFO [main] org.apache.catalina.startup.VersionLoggerListener.log Command line argument: -Dignore.endorsed.dirs=
21-Jan-2026 11:10:57.850 INFO [main] org.apache.catalina.startup.VersionLoggerListener.log Command line argument: -Dcatalina.base=/opt/lms/tomcat
21-Jan-2026 11:10:57.850 INFO [main] org.apache.catalina.startup.VersionLoggerListener.log Command line argument: -Dcatalina.home=/opt/lms/tomcat
21-Jan-2026 11:10:57.850 INFO [main] org.apache.catalina.startup.VersionLoggerListener.log Command line argument: -Djava.io.tmpdir=/opt/lms/tomcat/temp
21-Jan-2026 11:10:57.859 INFO [main] org.apache.catalina.core.AprLifecycleListener.lifecycleEvent An older version [1.2.31] of the Apache Tomcat Native library is installed, while Tomcat recommends a minimum version of [1.3.0]
21-Jan-2026 11:10:57.859 INFO [main] org.apache.catalina.core.AprLifecycleListener.lifecycleEvent Loaded Apache Tomcat Native library [1.2.31] using APR version [1.7.0].
21-Jan-2026 11:10:57.859 INFO [main] org.apache.catalina.core.AprLifecycleListener.lifecycleEvent APR capabilities: IPv6 [true], sendfile [true], accept filters [false], random [true], UDS [true].
21-Jan-2026 11:10:57.859 INFO [main] org.apache.catalina.core.AprLifecycleListener.lifecycleEvent APR/OpenSSL configuration: useAprConnector [false], useOpenSSL [true]
21-Jan-2026 11:10:57.865 INFO [main] org.apache.catalina.core.AprLifecycleListener.initializeSSL OpenSSL successfully initialized [OpenSSL 3.0.2 15 Mar 2022]
21-Jan-2026 11:10:58.573 INFO [main] org.apache.coyote.AbstractProtocol.init Initializing ProtocolHandler ["http-nio-8001"]
21-Jan-2026 11:10:58.649 INFO [main] org.apache.catalina.startup.Catalina.load Server initialization in [1352] milliseconds
21-Jan-2026 11:10:58.814 INFO [main] org.apache.catalina.core.StandardService.startInternal Starting service [Catalina]
21-Jan-2026 11:10:58.814 INFO [main] org.apache.catalina.core.StandardEngine.startInternal Starting Servlet engine: [Apache Tomcat/9.0.96]
21-Jan-2026 11:10:58.829 INFO [main] org.apache.catalina.startup.HostConfig.deployDirectory Deploying web application directory [/opt/lms/tomcat/webapps/manager]
21-Jan-2026 11:10:59.527 INFO [main] org.apache.catalina.startup.HostConfig.deployDirectory Deployment of web application directory [/opt/lms/tomcat/webapps/manager] has finished in [696] ms
21-Jan-2026 11:10:59.527 INFO [main] org.apache.catalina.startup.HostConfig.deployDirectory Deploying web application directory [/opt/lms/tomcat/webapps/examples]
21-Jan-2026 11:11:00.107 INFO [main] org.apache.catalina.startup.HostConfig.deployDirectory Deployment of web application directory [/opt/lms/tomcat/webapps/examples] has finished in [580] ms
21-Jan-2026 11:11:00.108 INFO [main] org.apache.catalina.startup.HostConfig.deployDirectory Deploying web application directory [/opt/lms/tomcat/webapps/host-manager]
21-Jan-2026 11:11:00.155 INFO [main] org.apache.catalina.startup.HostConfig.deployDirectory Deployment of web application directory [/opt/lms/tomcat/webapps/host-manager] has finished in [47] ms
21-Jan-2026 11:11:00.156 INFO [main] org.apache.catalina.startup.HostConfig.deployDirectory Deploying web application directory [/opt/lms/tomcat/webapps/docs]
21-Jan-2026 11:11:00.198 INFO [main] org.apache.catalina.startup.HostConfig.deployDirectory Deployment of web application directory [/opt/lms/tomcat/webapps/docs] has finished in [42] ms
21-Jan-2026 11:11:00.206 INFO [main] org.apache.coyote.AbstractProtocol.start Starting ProtocolHandler ["http-nio-8001"]
21-Jan-2026 11:11:00.227 INFO [main] org.apache.catalina.startup.Catalina.start Server startup in [1577] milliseconds
21-Jan-2026 11:12:58.593 INFO [main] org.apache.catalina.core.StandardServer.await A valid shutdown command was received via the shutdown port. Stopping the Server instance.
21-Jan-2026 11:12:58.722 INFO [main] org.apache.coyote.AbstractProtocol.pause Pausing ProtocolHandler ["http-nio-8001"]
21-Jan-2026 11:12:59.015 INFO [main] org.apache.catalina.core.StandardService.stopInternal Stopping service [Catalina]
21-Jan-2026 11:12:59.861 INFO [main] org.apache.coyote.AbstractProtocol.stop Stopping ProtocolHandler ["http-nio-8001"]
21-Jan-2026 11:12:59.926 INFO [main] org.apache.coyote.AbstractProtocol.destroy Destroying ProtocolHandler ["http-nio-8001"]
NOTE: Picked up JDK_JAVA_OPTIONS:  --add-opens=java.base/java.lang=ALL-UNNAMED --add-opens=java.base/java.io=ALL-UNNAMED --add-opens=java.base/java.util=ALL-UNNAMED --add-opens=java.base/java.util.concurrent=ALL-UNNAMED --add-opens=java.rmi/sun.rmi.transport=ALL-UNNAMED
21-Jan-2026 11:13:12.646 INFO [main] org.apache.catalina.startup.VersionLoggerListener.log Server version name:   Apache Tomcat/9.0.96
21-Jan-2026 11:13:12.651 INFO [main] org.apache.catalina.startup.VersionLoggerListener.log Server built:          Oct 3 2024 19:44:30 UTC
21-Jan-2026 11:13:12.651 INFO [main] org.apache.catalina.startup.VersionLoggerListener.log Server version number: 9.0.96.0
21-Jan-2026 11:13:12.651 INFO [main] org.apache.catalina.startup.VersionLoggerListener.log OS Name:               Linux
21-Jan-2026 11:13:12.651 INFO [main] org.apache.catalina.startup.VersionLoggerListener.log OS Version:            6.8.0-1044-aws
21-Jan-2026 11:13:12.651 INFO [main] org.apache.catalina.startup.VersionLoggerListener.log Architecture:          amd64
21-Jan-2026 11:13:12.651 INFO [main] org.apache.catalina.startup.VersionLoggerListener.log Java Home:             /usr/lib/jvm/java-11-openjdk-amd64
21-Jan-2026 11:13:12.651 INFO [main] org.apache.catalina.startup.VersionLoggerListener.log JVM Version:           11.0.29+7-post-Ubuntu-1ubuntu122.04
21-Jan-2026 11:13:12.651 INFO [main] org.apache.catalina.startup.VersionLoggerListener.log JVM Vendor:            Ubuntu
21-Jan-2026 11:13:12.652 INFO [main] org.apache.catalina.startup.VersionLoggerListener.log CATALINA_BASE:         /opt/lms/tomcat
21-Jan-2026 11:13:12.652 INFO [main] org.apache.catalina.startup.VersionLoggerListener.log CATALINA_HOME:         /opt/lms/tomcat
21-Jan-2026 11:13:12.688 INFO [main] org.apache.catalina.startup.VersionLoggerListener.log Command line argument: --add-opens=java.base/java.lang=ALL-UNNAMED
21-Jan-2026 11:13:12.688 INFO [main] org.apache.catalina.startup.VersionLoggerListener.log Command line argument: --add-opens=java.base/java.io=ALL-UNNAMED
21-Jan-2026 11:13:12.689 INFO [main] org.apache.catalina.startup.VersionLoggerListener.log Command line argument: --add-opens=java.base/java.util=ALL-UNNAMED
21-Jan-2026 11:13:12.690 INFO [main] org.apache.catalina.startup.VersionLoggerListener.log Command line argument: --add-opens=java.base/java.util.concurrent=ALL-UNNAMED
21-Jan-2026 11:13:12.690 INFO [main] org.apache.catalina.startup.VersionLoggerListener.log Command line argument: --add-opens=java.rmi/sun.rmi.transport=ALL-UNNAMED
21-Jan-2026 11:13:12.690 INFO [main] org.apache.catalina.startup.VersionLoggerListener.log Command line argument: -Djava.util.logging.config.file=/opt/lms/tomcat/conf/logging.properties
21-Jan-2026 11:13:12.690 INFO [main] org.apache.catalina.startup.VersionLoggerListener.log Command line argument: -Djava.util.logging.manager=org.apache.juli.ClassLoaderLogManager
21-Jan-2026 11:13:12.690 INFO [main] org.apache.catalina.startup.VersionLoggerListener.log Command line argument: -Djdk.tls.ephemeralDHKeySize=2048
21-Jan-2026 11:13:12.690 INFO [main] org.apache.catalina.startup.VersionLoggerListener.log Command line argument: -Djava.protocol.handler.pkgs=org.apache.catalina.webresources
21-Jan-2026 11:13:12.690 INFO [main] org.apache.catalina.startup.VersionLoggerListener.log Command line argument: -Dorg.apache.catalina.security.SecurityListener.UMASK=0027
21-Jan-2026 11:13:12.690 INFO [main] org.apache.catalina.startup.VersionLoggerListener.log Command line argument: -Dignore.endorsed.dirs=
21-Jan-2026 11:13:12.690 INFO [main] org.apache.catalina.startup.VersionLoggerListener.log Command line argument: -Dcatalina.base=/opt/lms/tomcat
21-Jan-2026 11:13:12.690 INFO [main] org.apache.catalina.startup.VersionLoggerListener.log Command line argument: -Dcatalina.home=/opt/lms/tomcat
21-Jan-2026 11:13:12.690 INFO [main] org.apache.catalina.startup.VersionLoggerListener.log Command line argument: -Djava.io.tmpdir=/opt/lms/tomcat/temp
21-Jan-2026 11:13:12.698 INFO [main] org.apache.catalina.core.AprLifecycleListener.lifecycleEvent An older version [1.2.31] of the Apache Tomcat Native library is installed, while Tomcat recommends a minimum version of [1.3.0]
21-Jan-2026 11:13:12.698 INFO [main] org.apache.catalina.core.AprLifecycleListener.lifecycleEvent Loaded Apache Tomcat Native library [1.2.31] using APR version [1.7.0].
21-Jan-2026 11:13:12.698 INFO [main] org.apache.catalina.core.AprLifecycleListener.lifecycleEvent APR capabilities: IPv6 [true], sendfile [true], accept filters [false], random [true], UDS [true].
21-Jan-2026 11:13:12.698 INFO [main] org.apache.catalina.core.AprLifecycleListener.lifecycleEvent APR/OpenSSL configuration: useAprConnector [false], useOpenSSL [true]
21-Jan-2026 11:13:12.705 INFO [main] org.apache.catalina.core.AprLifecycleListener.initializeSSL OpenSSL successfully initialized [OpenSSL 3.0.2 15 Mar 2022]
21-Jan-2026 11:13:13.409 INFO [main] org.apache.coyote.AbstractProtocol.init Initializing ProtocolHandler ["http-nio-8001"]
21-Jan-2026 11:13:13.474 INFO [main] org.apache.catalina.startup.Catalina.load Server initialization in [1390] milliseconds
21-Jan-2026 11:13:13.673 INFO [main] org.apache.catalina.core.StandardService.startInternal Starting service [Catalina]
21-Jan-2026 11:13:13.673 INFO [main] org.apache.catalina.core.StandardEngine.startInternal Starting Servlet engine: [Apache Tomcat/9.0.96]
21-Jan-2026 11:13:13.686 INFO [main] org.apache.catalina.startup.HostConfig.deployDirectory Deploying web application directory [/opt/lms/tomcat/webapps/manager]
21-Jan-2026 11:13:14.270 INFO [main] org.apache.catalina.startup.HostConfig.deployDirectory Deployment of web application directory [/opt/lms/tomcat/webapps/manager] has finished in [584] ms
21-Jan-2026 11:13:14.271 INFO [main] org.apache.catalina.startup.HostConfig.deployDirectory Deploying web application directory [/opt/lms/tomcat/webapps/examples]
21-Jan-2026 11:13:14.902 INFO [main] org.apache.catalina.startup.HostConfig.deployDirectory Deployment of web application directory [/opt/lms/tomcat/webapps/examples] has finished in [631] ms
21-Jan-2026 11:13:14.903 INFO [main] org.apache.catalina.startup.HostConfig.deployDirectory Deploying web application directory [/opt/lms/tomcat/webapps/host-manager]
21-Jan-2026 11:13:14.955 INFO [main] org.apache.catalina.startup.HostConfig.deployDirectory Deployment of web application directory [/opt/lms/tomcat/webapps/host-manager] has finished in [51] ms
21-Jan-2026 11:13:14.956 INFO [main] org.apache.catalina.startup.HostConfig.deployDirectory Deploying web application directory [/opt/lms/tomcat/webapps/docs]
21-Jan-2026 11:13:15.017 INFO [main] org.apache.catalina.startup.HostConfig.deployDirectory Deployment of web application directory [/opt/lms/tomcat/webapps/docs] has finished in [62] ms
21-Jan-2026 11:13:15.027 INFO [main] org.apache.coyote.AbstractProtocol.start Starting ProtocolHandler ["http-nio-8001"]
21-Jan-2026 11:13:15.060 INFO [main] org.apache.catalina.startup.Catalina.start Server startup in [1585] milliseconds
21-Jan-2026 11:15:32.961 INFO [Thread-1] org.apache.coyote.AbstractProtocol.pause Pausing ProtocolHandler ["http-nio-8001"]
21-Jan-2026 11:15:34.003 INFO [Thread-1] org.apache.catalina.core.StandardService.stopInternal Stopping service [Catalina]
21-Jan-2026 11:15:35.501 INFO [Thread-1] org.apache.coyote.AbstractProtocol.stop Stopping ProtocolHandler ["http-nio-8001"]
21-Jan-2026 11:15:35.713 INFO [Thread-1] org.apache.coyote.AbstractProtocol.destroy Destroying ProtocolHandler ["http-nio-8001"]
NOTE: Picked up JDK_JAVA_OPTIONS:  --add-opens=java.base/java.lang=ALL-UNNAMED --add-opens=java.base/java.io=ALL-UNNAMED --add-opens=java.base/java.util=ALL-UNNAMED --add-opens=java.base/java.util.concurrent=ALL-UNNAMED --add-opens=java.rmi/sun.rmi.transport=ALL-UNNAMED
21-Jan-2026 11:15:49.897 INFO [main] org.apache.catalina.startup.VersionLoggerListener.log Server version name:   Apache Tomcat/9.0.96
21-Jan-2026 11:15:49.902 INFO [main] org.apache.catalina.startup.VersionLoggerListener.log Server built:          Oct 3 2024 19:44:30 UTC
21-Jan-2026 11:15:49.902 INFO [main] org.apache.catalina.startup.VersionLoggerListener.log Server version number: 9.0.96.0
21-Jan-2026 11:15:49.902 INFO [main] org.apache.catalina.startup.VersionLoggerListener.log OS Name:               Linux
21-Jan-2026 11:15:49.902 INFO [main] org.apache.catalina.startup.VersionLoggerListener.log OS Version:            6.8.0-1044-aws
21-Jan-2026 11:15:49.902 INFO [main] org.apache.catalina.startup.VersionLoggerListener.log Architecture:          amd64
21-Jan-2026 11:15:49.902 INFO [main] org.apache.catalina.startup.VersionLoggerListener.log Java Home:             /usr/lib/jvm/java-11-openjdk-amd64
21-Jan-2026 11:15:49.902 INFO [main] org.apache.catalina.startup.VersionLoggerListener.log JVM Version:           11.0.29+7-post-Ubuntu-1ubuntu122.04
21-Jan-2026 11:15:49.903 INFO [main] org.apache.catalina.startup.VersionLoggerListener.log JVM Vendor:            Ubuntu
21-Jan-2026 11:15:49.903 INFO [main] org.apache.catalina.startup.VersionLoggerListener.log CATALINA_BASE:         /opt/lms/tomcat
21-Jan-2026 11:15:49.903 INFO [main] org.apache.catalina.startup.VersionLoggerListener.log CATALINA_HOME:         /opt/lms/tomcat
21-Jan-2026 11:15:49.981 INFO [main] org.apache.catalina.startup.VersionLoggerListener.log Command line argument: --add-opens=java.base/java.lang=ALL-UNNAMED
21-Jan-2026 11:15:49.982 INFO [main] org.apache.catalina.startup.VersionLoggerListener.log Command line argument: --add-opens=java.base/java.io=ALL-UNNAMED
21-Jan-2026 11:15:49.982 INFO [main] org.apache.catalina.startup.VersionLoggerListener.log Command line argument: --add-opens=java.base/java.util=ALL-UNNAMED
21-Jan-2026 11:15:49.982 INFO [main] org.apache.catalina.startup.VersionLoggerListener.log Command line argument: --add-opens=java.base/java.util.concurrent=ALL-UNNAMED
21-Jan-2026 11:15:49.982 INFO [main] org.apache.catalina.startup.VersionLoggerListener.log Command line argument: --add-opens=java.rmi/sun.rmi.transport=ALL-UNNAMED
21-Jan-2026 11:15:49.982 INFO [main] org.apache.catalina.startup.VersionLoggerListener.log Command line argument: -Djava.util.logging.config.file=/opt/lms/tomcat/conf/logging.properties
21-Jan-2026 11:15:49.982 INFO [main] org.apache.catalina.startup.VersionLoggerListener.log Command line argument: -Djava.util.logging.manager=org.apache.juli.ClassLoaderLogManager
21-Jan-2026 11:15:49.982 INFO [main] org.apache.catalina.startup.VersionLoggerListener.log Command line argument: -Djdk.tls.ephemeralDHKeySize=2048
21-Jan-2026 11:15:49.982 INFO [main] org.apache.catalina.startup.VersionLoggerListener.log Command line argument: -Djava.protocol.handler.pkgs=org.apache.catalina.webresources
21-Jan-2026 11:15:49.982 INFO [main] org.apache.catalina.startup.VersionLoggerListener.log Command line argument: -Dorg.apache.catalina.security.SecurityListener.UMASK=0027
21-Jan-2026 11:15:49.982 INFO [main] org.apache.catalina.startup.VersionLoggerListener.log Command line argument: -Dignore.endorsed.dirs=
21-Jan-2026 11:15:49.982 INFO [main] org.apache.catalina.startup.VersionLoggerListener.log Command line argument: -Dcatalina.base=/opt/lms/tomcat
21-Jan-2026 11:15:49.983 INFO [main] org.apache.catalina.startup.VersionLoggerListener.log Command line argument: -Dcatalina.home=/opt/lms/tomcat
21-Jan-2026 11:15:49.983 INFO [main] org.apache.catalina.startup.VersionLoggerListener.log Command line argument: -Djava.io.tmpdir=/opt/lms/tomcat/temp
21-Jan-2026 11:15:49.994 INFO [main] org.apache.catalina.core.AprLifecycleListener.lifecycleEvent An older version [1.2.31] of the Apache Tomcat Native library is installed, while Tomcat recommends a minimum version of [1.3.0]
21-Jan-2026 11:15:49.995 INFO [main] org.apache.catalina.core.AprLifecycleListener.lifecycleEvent Loaded Apache Tomcat Native library [1.2.31] using APR version [1.7.0].
21-Jan-2026 11:15:49.995 INFO [main] org.apache.catalina.core.AprLifecycleListener.lifecycleEvent APR capabilities: IPv6 [true], sendfile [true], accept filters [false], random [true], UDS [true].
21-Jan-2026 11:15:49.995 INFO [main] org.apache.catalina.core.AprLifecycleListener.lifecycleEvent APR/OpenSSL configuration: useAprConnector [false], useOpenSSL [true]
21-Jan-2026 11:15:50.005 INFO [main] org.apache.catalina.core.AprLifecycleListener.initializeSSL OpenSSL successfully initialized [OpenSSL 3.0.2 15 Mar 2022]
21-Jan-2026 11:15:51.077 INFO [main] org.apache.coyote.AbstractProtocol.init Initializing ProtocolHandler ["http-nio-8001"]
21-Jan-2026 11:15:51.184 INFO [main] org.apache.catalina.startup.Catalina.load Server initialization in [2277] milliseconds
21-Jan-2026 11:15:51.450 INFO [main] org.apache.catalina.core.StandardService.startInternal Starting service [Catalina]
21-Jan-2026 11:15:51.453 INFO [main] org.apache.catalina.core.StandardEngine.startInternal Starting Servlet engine: [Apache Tomcat/9.0.96]
21-Jan-2026 11:15:51.473 INFO [main] org.apache.catalina.startup.HostConfig.deployDirectory Deploying web application directory [/opt/lms/tomcat/webapps/manager]
21-Jan-2026 11:15:52.336 INFO [main] org.apache.catalina.startup.HostConfig.deployDirectory Deployment of web application directory [/opt/lms/tomcat/webapps/manager] has finished in [863] ms
21-Jan-2026 11:15:52.336 INFO [main] org.apache.catalina.startup.HostConfig.deployDirectory Deploying web application directory [/opt/lms/tomcat/webapps/examples]
21-Jan-2026 11:15:52.895 INFO [main] org.apache.catalina.startup.HostConfig.deployDirectory Deployment of web application directory [/opt/lms/tomcat/webapps/examples] has finished in [559] ms
21-Jan-2026 11:15:52.895 INFO [main] org.apache.catalina.startup.HostConfig.deployDirectory Deploying web application directory [/opt/lms/tomcat/webapps/host-manager]
21-Jan-2026 11:15:52.934 INFO [main] org.apache.catalina.startup.HostConfig.deployDirectory Deployment of web application directory [/opt/lms/tomcat/webapps/host-manager] has finished in [39] ms
21-Jan-2026 11:15:52.935 INFO [main] org.apache.catalina.startup.HostConfig.deployDirectory Deploying web application directory [/opt/lms/tomcat/webapps/docs]
21-Jan-2026 11:15:52.980 INFO [main] org.apache.catalina.startup.HostConfig.deployDirectory Deployment of web application directory [/opt/lms/tomcat/webapps/docs] has finished in [45] ms
21-Jan-2026 11:15:52.988 INFO [main] org.apache.coyote.AbstractProtocol.start Starting ProtocolHandler ["http-nio-8001"]
21-Jan-2026 11:15:53.017 INFO [main] org.apache.catalina.startup.Catalina.start Server startup in [1832] milliseconds
21-Jan-2026 11:21:09.923 INFO [Thread-1] org.apache.coyote.AbstractProtocol.pause Pausing ProtocolHandler ["http-nio-8001"]
21-Jan-2026 11:21:10.367 INFO [Thread-1] org.apache.catalina.core.StandardService.stopInternal Stopping service [Catalina]
21-Jan-2026 11:21:12.898 INFO [Thread-1] org.apache.coyote.AbstractProtocol.stop Stopping ProtocolHandler ["http-nio-8001"]
21-Jan-2026 11:21:13.629 WARNING [Thread-1] org.apache.tomcat.util.net.Acceptor.stopMillis The acceptor thread [http-nio-8001-Acceptor] did not stop cleanly
21-Jan-2026 11:21:14.279 INFO [Thread-1] org.apache.coyote.AbstractProtocol.destroy Destroying ProtocolHandler ["http-nio-8001"]
NOTE: Picked up JDK_JAVA_OPTIONS:  --add-opens=java.base/java.lang=ALL-UNNAMED --add-opens=java.base/java.io=ALL-UNNAMED --add-opens=java.base/java.util=ALL-UNNAMED --add-opens=java.base/java.util.concurrent=ALL-UNNAMED --add-opens=java.rmi/sun.rmi.transport=ALL-UNNAMED
21-Jan-2026 11:21:28.856 INFO [main] org.apache.catalina.startup.VersionLoggerListener.log Server version name:   Apache Tomcat/9.0.96
21-Jan-2026 11:21:28.874 INFO [main] org.apache.catalina.startup.VersionLoggerListener.log Server built:          Oct 3 2024 19:44:30 UTC
21-Jan-2026 11:21:28.874 INFO [main] org.apache.catalina.startup.VersionLoggerListener.log Server version number: 9.0.96.0
21-Jan-2026 11:21:28.874 INFO [main] org.apache.catalina.startup.VersionLoggerListener.log OS Name:               Linux
21-Jan-2026 11:21:28.874 INFO [main] org.apache.catalina.startup.VersionLoggerListener.log OS Version:            6.8.0-1044-aws
21-Jan-2026 11:21:28.874 INFO [main] org.apache.catalina.startup.VersionLoggerListener.log Architecture:          amd64
21-Jan-2026 11:21:28.878 INFO [main] org.apache.catalina.startup.VersionLoggerListener.log Java Home:             /usr/lib/jvm/java-11-openjdk-amd64
21-Jan-2026 11:21:28.878 INFO [main] org.apache.catalina.startup.VersionLoggerListener.log JVM Version:           11.0.29+7-post-Ubuntu-1ubuntu122.04
21-Jan-2026 11:21:28.879 INFO [main] org.apache.catalina.startup.VersionLoggerListener.log JVM Vendor:            Ubuntu
21-Jan-2026 11:21:28.879 INFO [main] org.apache.catalina.startup.VersionLoggerListener.log CATALINA_BASE:         /opt/lms/tomcat
21-Jan-2026 11:21:28.879 INFO [main] org.apache.catalina.startup.VersionLoggerListener.log CATALINA_HOME:         /opt/lms/tomcat
21-Jan-2026 11:21:28.943 INFO [main] org.apache.catalina.startup.VersionLoggerListener.log Command line argument: --add-opens=java.base/java.lang=ALL-UNNAMED
21-Jan-2026 11:21:28.944 INFO [main] org.apache.catalina.startup.VersionLoggerListener.log Command line argument: --add-opens=java.base/java.io=ALL-UNNAMED
21-Jan-2026 11:21:28.944 INFO [main] org.apache.catalina.startup.VersionLoggerListener.log Command line argument: --add-opens=java.base/java.util=ALL-UNNAMED
21-Jan-2026 11:21:28.944 INFO [main] org.apache.catalina.startup.VersionLoggerListener.log Command line argument: --add-opens=java.base/java.util.concurrent=ALL-UNNAMED
21-Jan-2026 11:21:28.944 INFO [main] org.apache.catalina.startup.VersionLoggerListener.log Command line argument: --add-opens=java.rmi/sun.rmi.transport=ALL-UNNAMED
21-Jan-2026 11:21:28.944 INFO [main] org.apache.catalina.startup.VersionLoggerListener.log Command line argument: -Djava.util.logging.config.file=/opt/lms/tomcat/conf/logging.properties
21-Jan-2026 11:21:28.944 INFO [main] org.apache.catalina.startup.VersionLoggerListener.log Command line argument: -Djava.util.logging.manager=org.apache.juli.ClassLoaderLogManager
21-Jan-2026 11:21:28.945 INFO [main] org.apache.catalina.startup.VersionLoggerListener.log Command line argument: -Djdk.tls.ephemeralDHKeySize=2048
21-Jan-2026 11:21:28.945 INFO [main] org.apache.catalina.startup.VersionLoggerListener.log Command line argument: -Djava.protocol.handler.pkgs=org.apache.catalina.webresources
21-Jan-2026 11:21:28.945 INFO [main] org.apache.catalina.startup.VersionLoggerListener.log Command line argument: -Dorg.apache.catalina.security.SecurityListener.UMASK=0027
21-Jan-2026 11:21:28.945 INFO [main] org.apache.catalina.startup.VersionLoggerListener.log Command line argument: -Dignore.endorsed.dirs=
21-Jan-2026 11:21:28.945 INFO [main] org.apache.catalina.startup.VersionLoggerListener.log Command line argument: -Dcatalina.base=/opt/lms/tomcat
21-Jan-2026 11:21:28.953 INFO [main] org.apache.catalina.startup.VersionLoggerListener.log Command line argument: -Dcatalina.home=/opt/lms/tomcat
21-Jan-2026 11:21:28.953 INFO [main] org.apache.catalina.startup.VersionLoggerListener.log Command line argument: -Djava.io.tmpdir=/opt/lms/tomcat/temp
21-Jan-2026 11:21:28.997 INFO [main] org.apache.catalina.core.AprLifecycleListener.lifecycleEvent An older version [1.2.31] of the Apache Tomcat Native library is installed, while Tomcat recommends a minimum version of [1.3.0]
21-Jan-2026 11:21:28.999 INFO [main] org.apache.catalina.core.AprLifecycleListener.lifecycleEvent Loaded Apache Tomcat Native library [1.2.31] using APR version [1.7.0].
21-Jan-2026 11:21:28.999 INFO [main] org.apache.catalina.core.AprLifecycleListener.lifecycleEvent APR capabilities: IPv6 [true], sendfile [true], accept filters [false], random [true], UDS [true].
21-Jan-2026 11:21:29.000 INFO [main] org.apache.catalina.core.AprLifecycleListener.lifecycleEvent APR/OpenSSL configuration: useAprConnector [false], useOpenSSL [true]
21-Jan-2026 11:21:29.040 INFO [main] org.apache.catalina.core.AprLifecycleListener.initializeSSL OpenSSL successfully initialized [OpenSSL 3.0.2 15 Mar 2022]
21-Jan-2026 11:21:30.562 INFO [main] org.apache.coyote.AbstractProtocol.init Initializing ProtocolHandler ["http-nio-8001"]
21-Jan-2026 11:21:30.702 INFO [main] org.apache.catalina.startup.Catalina.load Server initialization in [2907] milliseconds
21-Jan-2026 11:21:31.024 INFO [main] org.apache.catalina.core.StandardService.startInternal Starting service [Catalina]
21-Jan-2026 11:21:31.024 INFO [main] org.apache.catalina.core.StandardEngine.startInternal Starting Servlet engine: [Apache Tomcat/9.0.96]
21-Jan-2026 11:21:31.063 INFO [main] org.apache.catalina.startup.HostConfig.deployDirectory Deploying web application directory [/opt/lms/tomcat/webapps/manager]
21-Jan-2026 11:21:32.497 INFO [main] org.apache.catalina.startup.HostConfig.deployDirectory Deployment of web application directory [/opt/lms/tomcat/webapps/manager] has finished in [1,434] ms
21-Jan-2026 11:21:32.499 INFO [main] org.apache.catalina.startup.HostConfig.deployDirectory Deploying web application directory [/opt/lms/tomcat/webapps/examples]
21-Jan-2026 11:21:33.552 INFO [main] org.apache.catalina.startup.HostConfig.deployDirectory Deployment of web application directory [/opt/lms/tomcat/webapps/examples] has finished in [1,052] ms
21-Jan-2026 11:21:33.552 INFO [main] org.apache.catalina.startup.HostConfig.deployDirectory Deploying web application directory [/opt/lms/tomcat/webapps/host-manager]
21-Jan-2026 11:21:33.666 INFO [main] org.apache.catalina.startup.HostConfig.deployDirectory Deployment of web application directory [/opt/lms/tomcat/webapps/host-manager] has finished in [113] ms
21-Jan-2026 11:21:33.668 INFO [main] org.apache.catalina.startup.HostConfig.deployDirectory Deploying web application directory [/opt/lms/tomcat/webapps/docs]
21-Jan-2026 11:21:33.781 INFO [main] org.apache.catalina.startup.HostConfig.deployDirectory Deployment of web application directory [/opt/lms/tomcat/webapps/docs] has finished in [113] ms
21-Jan-2026 11:21:33.811 INFO [main] org.apache.coyote.AbstractProtocol.start Starting ProtocolHandler ["http-nio-8001"]
21-Jan-2026 11:21:33.858 INFO [main] org.apache.catalina.startup.Catalina.start Server startup in [3153] milliseconds
21-Jan-2026 13:16:51.570 INFO [main] org.apache.catalina.core.StandardServer.await A valid shutdown command was received via the shutdown port. Stopping the Server instance.
21-Jan-2026 13:16:51.631 INFO [Thread-1] org.apache.coyote.AbstractProtocol.pause Pausing ProtocolHandler ["http-nio-8001"]
21-Jan-2026 13:16:51.912 INFO [Thread-1] org.apache.catalina.core.StandardService.stopInternal Stopping service [Catalina]
21-Jan-2026 13:16:52.731 INFO [Thread-1] org.apache.coyote.AbstractProtocol.stop Stopping ProtocolHandler ["http-nio-8001"]
21-Jan-2026 13:16:52.788 INFO [Thread-1] org.apache.coyote.AbstractProtocol.destroy Destroying ProtocolHandler ["http-nio-8001"]
NOTE: Picked up JDK_JAVA_OPTIONS:  --add-opens=java.base/java.lang=ALL-UNNAMED --add-opens=java.base/java.io=ALL-UNNAMED --add-opens=java.base/java.util=ALL-UNNAMED --add-opens=java.base/java.util.concurrent=ALL-UNNAMED --add-opens=java.rmi/sun.rmi.transport=ALL-UNNAMED
23-Jan-2026 07:16:05.284 INFO [main] org.apache.catalina.startup.VersionLoggerListener.log Server version name:   Apache Tomcat/9.0.96
23-Jan-2026 07:16:05.289 INFO [main] org.apache.catalina.startup.VersionLoggerListener.log Server built:          Oct 3 2024 19:44:30 UTC
23-Jan-2026 07:16:05.289 INFO [main] org.apache.catalina.startup.VersionLoggerListener.log Server version number: 9.0.96.0
23-Jan-2026 07:16:05.289 INFO [main] org.apache.catalina.startup.VersionLoggerListener.log OS Name:               Linux
23-Jan-2026 07:16:05.290 INFO [main] org.apache.catalina.startup.VersionLoggerListener.log OS Version:            6.8.0-1044-aws
23-Jan-2026 07:16:05.290 INFO [main] org.apache.catalina.startup.VersionLoggerListener.log Architecture:          amd64
23-Jan-2026 07:16:05.290 INFO [main] org.apache.catalina.startup.VersionLoggerListener.log Java Home:             /usr/lib/jvm/java-11-openjdk-amd64
23-Jan-2026 07:16:05.290 INFO [main] org.apache.catalina.startup.VersionLoggerListener.log JVM Version:           11.0.29+7-post-Ubuntu-1ubuntu122.04
23-Jan-2026 07:16:05.290 INFO [main] org.apache.catalina.startup.VersionLoggerListener.log JVM Vendor:            Ubuntu
23-Jan-2026 07:16:05.290 INFO [main] org.apache.catalina.startup.VersionLoggerListener.log CATALINA_BASE:         /opt/lms/tomcat
23-Jan-2026 07:16:05.291 INFO [main] org.apache.catalina.startup.VersionLoggerListener.log CATALINA_HOME:         /opt/lms/tomcat
23-Jan-2026 07:16:08.358 INFO [main] org.apache.catalina.startup.VersionLoggerListener.log Command line argument: --add-opens=java.base/java.lang=ALL-UNNAMED
23-Jan-2026 07:16:08.360 INFO [main] org.apache.catalina.startup.VersionLoggerListener.log Command line argument: --add-opens=java.base/java.io=ALL-UNNAMED
23-Jan-2026 07:16:08.360 INFO [main] org.apache.catalina.startup.VersionLoggerListener.log Command line argument: --add-opens=java.base/java.util=ALL-UNNAMED
23-Jan-2026 07:16:08.360 INFO [main] org.apache.catalina.startup.VersionLoggerListener.log Command line argument: --add-opens=java.base/java.util.concurrent=ALL-UNNAMED
23-Jan-2026 07:16:08.360 INFO [main] org.apache.catalina.startup.VersionLoggerListener.log Command line argument: --add-opens=java.rmi/sun.rmi.transport=ALL-UNNAMED
23-Jan-2026 07:16:08.360 INFO [main] org.apache.catalina.startup.VersionLoggerListener.log Command line argument: -Djava.util.logging.config.file=/opt/lms/tomcat/conf/logging.properties
23-Jan-2026 07:16:08.360 INFO [main] org.apache.catalina.startup.VersionLoggerListener.log Command line argument: -Djava.util.logging.manager=org.apache.juli.ClassLoaderLogManager
23-Jan-2026 07:16:08.361 INFO [main] org.apache.catalina.startup.VersionLoggerListener.log Command line argument: -Djdk.tls.ephemeralDHKeySize=2048
23-Jan-2026 07:16:08.378 INFO [main] org.apache.catalina.startup.VersionLoggerListener.log Command line argument: -Djava.protocol.handler.pkgs=org.apache.catalina.webresources
23-Jan-2026 07:16:08.431 INFO [main] org.apache.catalina.startup.VersionLoggerListener.log Command line argument: -Dorg.apache.catalina.security.SecurityListener.UMASK=0027
23-Jan-2026 07:16:08.431 INFO [main] org.apache.catalina.startup.VersionLoggerListener.log Command line argument: -Dignore.endorsed.dirs=
23-Jan-2026 07:16:08.431 INFO [main] org.apache.catalina.startup.VersionLoggerListener.log Command line argument: -Dcatalina.base=/opt/lms/tomcat
23-Jan-2026 07:16:08.431 INFO [main] org.apache.catalina.startup.VersionLoggerListener.log Command line argument: -Dcatalina.home=/opt/lms/tomcat
23-Jan-2026 07:16:08.431 INFO [main] org.apache.catalina.startup.VersionLoggerListener.log Command line argument: -Djava.io.tmpdir=/opt/lms/tomcat/temp
23-Jan-2026 07:16:08.662 INFO [main] org.apache.catalina.core.AprLifecycleListener.lifecycleEvent An older version [1.2.31] of the Apache Tomcat Native library is installed, while Tomcat recommends a minimum version of [1.3.0]
23-Jan-2026 07:16:08.663 INFO [main] org.apache.catalina.core.AprLifecycleListener.lifecycleEvent Loaded Apache Tomcat Native library [1.2.31] using APR version [1.7.0].
23-Jan-2026 07:16:08.663 INFO [main] org.apache.catalina.core.AprLifecycleListener.lifecycleEvent APR capabilities: IPv6 [true], sendfile [true], accept filters [false], random [true], UDS [true].
23-Jan-2026 07:16:08.663 INFO [main] org.apache.catalina.core.AprLifecycleListener.lifecycleEvent APR/OpenSSL configuration: useAprConnector [false], useOpenSSL [true]
23-Jan-2026 07:16:08.725 INFO [main] org.apache.catalina.core.AprLifecycleListener.initializeSSL OpenSSL successfully initialized [OpenSSL 3.0.2 15 Mar 2022]
NOTE: Picked up JDK_JAVA_OPTIONS:  --add-opens=java.base/java.lang=ALL-UNNAMED --add-opens=java.base/java.io=ALL-UNNAMED --add-opens=java.base/java.util=ALL-UNNAMED --add-opens=java.base/java.util.concurrent=ALL-UNNAMED --add-opens=java.rmi/sun.rmi.transport=ALL-UNNAMED
23-Jan-2026 07:17:24.020 INFO [main] org.apache.catalina.startup.VersionLoggerListener.log Server version name:   Apache Tomcat/9.0.96
23-Jan-2026 07:17:24.080 INFO [main] org.apache.catalina.startup.VersionLoggerListener.log Server built:          Oct 3 2024 19:44:30 UTC
23-Jan-2026 07:17:24.080 INFO [main] org.apache.catalina.startup.VersionLoggerListener.log Server version number: 9.0.96.0
23-Jan-2026 07:17:24.081 INFO [main] org.apache.catalina.startup.VersionLoggerListener.log OS Name:               Linux
23-Jan-2026 07:17:24.081 INFO [main] org.apache.catalina.startup.VersionLoggerListener.log OS Version:            6.8.0-1044-aws
23-Jan-2026 07:17:24.081 INFO [main] org.apache.catalina.startup.VersionLoggerListener.log Architecture:          amd64
23-Jan-2026 07:17:24.102 INFO [main] org.apache.catalina.startup.VersionLoggerListener.log Java Home:             /usr/lib/jvm/java-11-openjdk-amd64
23-Jan-2026 07:17:24.102 INFO [main] org.apache.catalina.startup.VersionLoggerListener.log JVM Version:           11.0.29+7-post-Ubuntu-1ubuntu122.04
23-Jan-2026 07:17:24.103 INFO [main] org.apache.catalina.startup.VersionLoggerListener.log JVM Vendor:            Ubuntu
23-Jan-2026 07:17:24.108 INFO [main] org.apache.catalina.startup.VersionLoggerListener.log CATALINA_BASE:         /opt/lms/tomcat
23-Jan-2026 07:17:24.108 INFO [main] org.apache.catalina.startup.VersionLoggerListener.log CATALINA_HOME:         /opt/lms/tomcat
23-Jan-2026 07:17:24.422 INFO [main] org.apache.catalina.startup.VersionLoggerListener.log Command line argument: --add-opens=java.base/java.lang=ALL-UNNAMED
23-Jan-2026 07:17:24.423 INFO [main] org.apache.catalina.startup.VersionLoggerListener.log Command line argument: --add-opens=java.base/java.io=ALL-UNNAMED
23-Jan-2026 07:17:24.423 INFO [main] org.apache.catalina.startup.VersionLoggerListener.log Command line argument: --add-opens=java.base/java.util=ALL-UNNAMED
23-Jan-2026 07:17:24.424 INFO [main] org.apache.catalina.startup.VersionLoggerListener.log Command line argument: --add-opens=java.base/java.util.concurrent=ALL-UNNAMED
23-Jan-2026 07:17:24.424 INFO [main] org.apache.catalina.startup.VersionLoggerListener.log Command line argument: --add-opens=java.rmi/sun.rmi.transport=ALL-UNNAMED
23-Jan-2026 07:17:24.440 INFO [main] org.apache.catalina.startup.VersionLoggerListener.log Command line argument: -Djava.util.logging.config.file=/opt/lms/tomcat/conf/logging.properties
23-Jan-2026 07:17:24.440 INFO [main] org.apache.catalina.startup.VersionLoggerListener.log Command line argument: -Djava.util.logging.manager=org.apache.juli.ClassLoaderLogManager
23-Jan-2026 07:17:24.441 INFO [main] org.apache.catalina.startup.VersionLoggerListener.log Command line argument: -Djdk.tls.ephemeralDHKeySize=2048
23-Jan-2026 07:17:24.441 INFO [main] org.apache.catalina.startup.VersionLoggerListener.log Command line argument: -Djava.protocol.handler.pkgs=org.apache.catalina.webresources
23-Jan-2026 07:17:24.441 INFO [main] org.apache.catalina.startup.VersionLoggerListener.log Command line argument: -Dorg.apache.catalina.security.SecurityListener.UMASK=0027
23-Jan-2026 07:17:24.465 INFO [main] org.apache.catalina.startup.VersionLoggerListener.log Command line argument: -Dignore.endorsed.dirs=
23-Jan-2026 07:17:24.465 INFO [main] org.apache.catalina.startup.VersionLoggerListener.log Command line argument: -Dcatalina.base=/opt/lms/tomcat
23-Jan-2026 07:17:24.466 INFO [main] org.apache.catalina.startup.VersionLoggerListener.log Command line argument: -Dcatalina.home=/opt/lms/tomcat
23-Jan-2026 07:17:24.466 INFO [main] org.apache.catalina.startup.VersionLoggerListener.log Command line argument: -Djava.io.tmpdir=/opt/lms/tomcat/temp
23-Jan-2026 07:17:24.524 INFO [main] org.apache.catalina.core.AprLifecycleListener.lifecycleEvent An older version [1.2.31] of the Apache Tomcat Native library is installed, while Tomcat recommends a minimum version of [1.3.0]
23-Jan-2026 07:17:24.524 INFO [main] org.apache.catalina.core.AprLifecycleListener.lifecycleEvent Loaded Apache Tomcat Native library [1.2.31] using APR version [1.7.0].
23-Jan-2026 07:17:24.525 INFO [main] org.apache.catalina.core.AprLifecycleListener.lifecycleEvent APR capabilities: IPv6 [true], sendfile [true], accept filters [false], random [true], UDS [true].
23-Jan-2026 07:17:24.525 INFO [main] org.apache.catalina.core.AprLifecycleListener.lifecycleEvent APR/OpenSSL configuration: useAprConnector [false], useOpenSSL [true]
23-Jan-2026 07:17:24.585 INFO [main] org.apache.catalina.core.AprLifecycleListener.initializeSSL OpenSSL successfully initialized [OpenSSL 3.0.2 15 Mar 2022]
23-Jan-2026 07:17:27.806 INFO [main] org.apache.coyote.AbstractProtocol.init Initializing ProtocolHandler ["http-nio-8001"]
23-Jan-2026 07:17:28.001 INFO [main] org.apache.catalina.startup.Catalina.load Server initialization in [7707] milliseconds
23-Jan-2026 07:17:28.448 INFO [main] org.apache.catalina.core.StandardService.startInternal Starting service [Catalina]
23-Jan-2026 07:17:28.449 INFO [main] org.apache.catalina.core.StandardEngine.startInternal Starting Servlet engine: [Apache Tomcat/9.0.96]
23-Jan-2026 07:17:28.491 INFO [main] org.apache.catalina.startup.HostConfig.deployDirectory Deploying web application directory [/opt/lms/tomcat/webapps/manager]
23-Jan-2026 07:17:30.190 INFO [main] org.apache.catalina.startup.HostConfig.deployDirectory Deployment of web application directory [/opt/lms/tomcat/webapps/manager] has finished in [1,697] ms
23-Jan-2026 07:17:30.193 INFO [main] org.apache.catalina.startup.HostConfig.deployDirectory Deploying web application directory [/opt/lms/tomcat/webapps/examples]
23-Jan-2026 07:17:31.850 INFO [main] org.apache.catalina.startup.HostConfig.deployDirectory Deployment of web application directory [/opt/lms/tomcat/webapps/examples] has finished in [1,653] ms
23-Jan-2026 07:17:31.851 INFO [main] org.apache.catalina.startup.HostConfig.deployDirectory Deploying web application directory [/opt/lms/tomcat/webapps/host-manager]
23-Jan-2026 07:17:31.994 INFO [main] org.apache.catalina.startup.HostConfig.deployDirectory Deployment of web application directory [/opt/lms/tomcat/webapps/host-manager] has finished in [143] ms
23-Jan-2026 07:17:31.998 INFO [main] org.apache.catalina.startup.HostConfig.deployDirectory Deploying web application directory [/opt/lms/tomcat/webapps/docs]
23-Jan-2026 07:17:32.137 INFO [main] org.apache.catalina.startup.HostConfig.deployDirectory Deployment of web application directory [/opt/lms/tomcat/webapps/docs] has finished in [139] ms
23-Jan-2026 07:17:32.153 INFO [main] org.apache.coyote.AbstractProtocol.start Starting ProtocolHandler ["http-nio-8001"]
23-Jan-2026 07:17:32.245 INFO [main] org.apache.catalina.startup.Catalina.start Server startup in [4244] milliseconds
26-Jan-2026 17:39:36.520 INFO [main] org.apache.catalina.core.StandardServer.await A valid shutdown command was received via the shutdown port. Stopping the Server instance.
26-Jan-2026 17:39:37.428 INFO [Thread-1] org.apache.coyote.AbstractProtocol.pause Pausing ProtocolHandler ["http-nio-8001"]
26-Jan-2026 17:39:38.882 INFO [Thread-1] org.apache.catalina.core.StandardService.stopInternal Stopping service [Catalina]
26-Jan-2026 17:39:44.224 INFO [Thread-1] org.apache.coyote.AbstractProtocol.stop Stopping ProtocolHandler ["http-nio-8001"]
26-Jan-2026 17:39:44.883 WARNING [Thread-1] org.apache.tomcat.util.net.Acceptor.stopMillis The acceptor thread [http-nio-8001-Acceptor] did not stop cleanly
26-Jan-2026 17:39:45.430 INFO [Thread-1] org.apache.coyote.AbstractProtocol.destroy Destroying ProtocolHandler ["http-nio-8001"]
NOTE: Picked up JDK_JAVA_OPTIONS:  --add-opens=java.base/java.lang=ALL-UNNAMED --add-opens=java.base/java.io=ALL-UNNAMED --add-opens=java.base/java.util=ALL-UNNAMED --add-opens=java.base/java.util.concurrent=ALL-UNNAMED --add-opens=java.rmi/sun.rmi.transport=ALL-UNNAMED
26-Jan-2026 17:41:41.886 INFO [main] org.apache.catalina.startup.VersionLoggerListener.log Server version name:   Apache Tomcat/9.0.96
26-Jan-2026 17:41:41.960 INFO [main] org.apache.catalina.startup.VersionLoggerListener.log Server built:          Oct 3 2024 19:44:30 UTC
26-Jan-2026 17:41:41.964 INFO [main] org.apache.catalina.startup.VersionLoggerListener.log Server version number: 9.0.96.0
26-Jan-2026 17:41:41.964 INFO [main] org.apache.catalina.startup.VersionLoggerListener.log OS Name:               Linux
26-Jan-2026 17:41:41.964 INFO [main] org.apache.catalina.startup.VersionLoggerListener.log OS Version:            6.8.0-1044-aws
26-Jan-2026 17:41:41.964 INFO [main] org.apache.catalina.startup.VersionLoggerListener.log Architecture:          amd64
26-Jan-2026 17:41:41.970 INFO [main] org.apache.catalina.startup.VersionLoggerListener.log Java Home:             /usr/lib/jvm/java-11-openjdk-amd64
26-Jan-2026 17:41:41.970 INFO [main] org.apache.catalina.startup.VersionLoggerListener.log JVM Version:           11.0.29+7-post-Ubuntu-1ubuntu122.04
26-Jan-2026 17:41:41.970 INFO [main] org.apache.catalina.startup.VersionLoggerListener.log JVM Vendor:            Ubuntu
26-Jan-2026 17:41:41.970 INFO [main] org.apache.catalina.startup.VersionLoggerListener.log CATALINA_BASE:         /opt/lms/tomcat
26-Jan-2026 17:41:41.970 INFO [main] org.apache.catalina.startup.VersionLoggerListener.log CATALINA_HOME:         /opt/lms/tomcat
26-Jan-2026 17:41:43.239 INFO [main] org.apache.catalina.startup.VersionLoggerListener.log Command line argument: --add-opens=java.base/java.lang=ALL-UNNAMED
26-Jan-2026 17:41:43.250 INFO [main] org.apache.catalina.startup.VersionLoggerListener.log Command line argument: --add-opens=java.base/java.io=ALL-UNNAMED
26-Jan-2026 17:41:43.250 INFO [main] org.apache.catalina.startup.VersionLoggerListener.log Command line argument: --add-opens=java.base/java.util=ALL-UNNAMED
26-Jan-2026 17:41:43.250 INFO [main] org.apache.catalina.startup.VersionLoggerListener.log Command line argument: --add-opens=java.base/java.util.concurrent=ALL-UNNAMED
26-Jan-2026 17:41:43.250 INFO [main] org.apache.catalina.startup.VersionLoggerListener.log Command line argument: --add-opens=java.rmi/sun.rmi.transport=ALL-UNNAMED
26-Jan-2026 17:41:43.250 INFO [main] org.apache.catalina.startup.VersionLoggerListener.log Command line argument: -Djava.util.logging.config.file=/opt/lms/tomcat/conf/logging.properties
26-Jan-2026 17:41:43.250 INFO [main] org.apache.catalina.startup.VersionLoggerListener.log Command line argument: -Djava.util.logging.manager=org.apache.juli.ClassLoaderLogManager
26-Jan-2026 17:41:43.251 INFO [main] org.apache.catalina.startup.VersionLoggerListener.log Command line argument: -Djdk.tls.ephemeralDHKeySize=2048
26-Jan-2026 17:41:43.251 INFO [main] org.apache.catalina.startup.VersionLoggerListener.log Command line argument: -Djava.protocol.handler.pkgs=org.apache.catalina.webresources
26-Jan-2026 17:41:43.251 INFO [main] org.apache.catalina.startup.VersionLoggerListener.log Command line argument: -Dorg.apache.catalina.security.SecurityListener.UMASK=0027
26-Jan-2026 17:41:43.251 INFO [main] org.apache.catalina.startup.VersionLoggerListener.log Command line argument: -Dignore.endorsed.dirs=
26-Jan-2026 17:41:43.251 INFO [main] org.apache.catalina.startup.VersionLoggerListener.log Command line argument: -Dcatalina.base=/opt/lms/tomcat
26-Jan-2026 17:41:43.251 INFO [main] org.apache.catalina.startup.VersionLoggerListener.log Command line argument: -Dcatalina.home=/opt/lms/tomcat
26-Jan-2026 17:41:43.251 INFO [main] org.apache.catalina.startup.VersionLoggerListener.log Command line argument: -Djava.io.tmpdir=/opt/lms/tomcat/temp
26-Jan-2026 17:41:43.570 INFO [main] org.apache.catalina.core.AprLifecycleListener.lifecycleEvent An older version [1.2.31] of the Apache Tomcat Native library is installed, while Tomcat recommends a minimum version of [1.3.0]
26-Jan-2026 17:41:43.713 INFO [main] org.apache.catalina.core.AprLifecycleListener.lifecycleEvent Loaded Apache Tomcat Native library [1.2.31] using APR version [1.7.0].
26-Jan-2026 17:41:43.726 INFO [main] org.apache.catalina.core.AprLifecycleListener.lifecycleEvent APR capabilities: IPv6 [true], sendfile [true], accept filters [false], random [true], UDS [true].
26-Jan-2026 17:41:43.726 INFO [main] org.apache.catalina.core.AprLifecycleListener.lifecycleEvent APR/OpenSSL configuration: useAprConnector [false], useOpenSSL [true]
26-Jan-2026 17:41:43.953 INFO [main] org.apache.catalina.core.AprLifecycleListener.initializeSSL OpenSSL successfully initialized [OpenSSL 3.0.2 15 Mar 2022]
26-Jan-2026 17:42:01.880 INFO [main] org.apache.coyote.AbstractProtocol.init Initializing ProtocolHandler ["http-nio-8001"]
26-Jan-2026 17:42:03.712 INFO [main] org.apache.catalina.startup.Catalina.load Server initialization in [40953] milliseconds
26-Jan-2026 17:42:06.042 INFO [main] org.apache.catalina.core.StandardService.startInternal Starting service [Catalina]
26-Jan-2026 17:42:06.044 INFO [main] org.apache.catalina.core.StandardEngine.startInternal Starting Servlet engine: [Apache Tomcat/9.0.96]
26-Jan-2026 17:42:06.592 INFO [main] org.apache.catalina.startup.HostConfig.deployDirectory Deploying web application directory [/opt/lms/tomcat/webapps/manager]
26-Jan-2026 17:42:18.919 WARNING [main] org.apache.catalina.util.SessionIdGeneratorBase.createSecureRandom Creation of SecureRandom instance for session ID generation using [SHA1PRNG] took [465] milliseconds.
26-Jan-2026 17:42:20.833 INFO [main] org.apache.catalina.startup.HostConfig.deployDirectory Deployment of web application directory [/opt/lms/tomcat/webapps/manager] has finished in [14,302] ms
26-Jan-2026 17:42:20.833 INFO [main] org.apache.catalina.startup.HostConfig.deployDirectory Deploying web application directory [/opt/lms/tomcat/webapps/examples]
26-Jan-2026 17:42:30.353 INFO [main] org.apache.catalina.startup.HostConfig.deployDirectory Deployment of web application directory [/opt/lms/tomcat/webapps/examples] has finished in [9,520] ms
26-Jan-2026 17:42:30.353 INFO [main] org.apache.catalina.startup.HostConfig.deployDirectory Deploying web application directory [/opt/lms/tomcat/webapps/host-manager]
26-Jan-2026 17:42:31.246 INFO [main] org.apache.catalina.startup.HostConfig.deployDirectory Deployment of web application directory [/opt/lms/tomcat/webapps/host-manager] has finished in [885] ms
26-Jan-2026 17:42:31.322 INFO [main] org.apache.catalina.startup.HostConfig.deployDirectory Deploying web application directory [/opt/lms/tomcat/webapps/docs]
26-Jan-2026 17:42:32.763 INFO [main] org.apache.catalina.startup.HostConfig.deployDirectory Deployment of web application directory [/opt/lms/tomcat/webapps/docs] has finished in [1,441] ms
26-Jan-2026 17:42:33.156 INFO [main] org.apache.coyote.AbstractProtocol.start Starting ProtocolHandler ["http-nio-8001"]
26-Jan-2026 17:42:33.886 INFO [main] org.apache.catalina.startup.Catalina.start Server startup in [30173] milliseconds
29-Jan-2026 12:44:40.676 INFO [main] org.apache.catalina.core.StandardServer.await A valid shutdown command was received via the shutdown port. Stopping the Server instance.
29-Jan-2026 12:44:40.853 INFO [Thread-1] org.apache.coyote.AbstractProtocol.pause Pausing ProtocolHandler ["http-nio-8001"]
29-Jan-2026 12:44:41.220 INFO [Thread-1] org.apache.catalina.core.StandardService.stopInternal Stopping service [Catalina]
29-Jan-2026 12:44:42.273 INFO [Thread-1] org.apache.coyote.AbstractProtocol.stop Stopping ProtocolHandler ["http-nio-8001"]
29-Jan-2026 12:44:42.342 INFO [Thread-1] org.apache.coyote.AbstractProtocol.destroy Destroying ProtocolHandler ["http-nio-8001"]
NOTE: Picked up JDK_JAVA_OPTIONS:  --add-opens=java.base/java.lang=ALL-UNNAMED --add-opens=java.base/java.io=ALL-UNNAMED --add-opens=java.base/java.util=ALL-UNNAMED --add-opens=java.base/java.util.concurrent=ALL-UNNAMED --add-opens=java.rmi/sun.rmi.transport=ALL-UNNAMED
29-Jan-2026 12:45:59.169 INFO [main] org.apache.catalina.startup.VersionLoggerListener.log Server version name:   Apache Tomcat/9.0.96
29-Jan-2026 12:45:59.477 INFO [main] org.apache.catalina.startup.VersionLoggerListener.log Server built:          Oct 3 2024 19:44:30 UTC
29-Jan-2026 12:45:59.487 INFO [main] org.apache.catalina.startup.VersionLoggerListener.log Server version number: 9.0.96.0
29-Jan-2026 12:45:59.487 INFO [main] org.apache.catalina.startup.VersionLoggerListener.log OS Name:               Linux
29-Jan-2026 12:45:59.487 INFO [main] org.apache.catalina.startup.VersionLoggerListener.log OS Version:            6.8.0-1044-aws
29-Jan-2026 12:45:59.487 INFO [main] org.apache.catalina.startup.VersionLoggerListener.log Architecture:          amd64
29-Jan-2026 12:45:59.637 INFO [main] org.apache.catalina.startup.VersionLoggerListener.log Java Home:             /usr/lib/jvm/java-11-openjdk-amd64
29-Jan-2026 12:45:59.638 INFO [main] org.apache.catalina.startup.VersionLoggerListener.log JVM Version:           11.0.29+7-post-Ubuntu-1ubuntu122.04
29-Jan-2026 12:45:59.638 INFO [main] org.apache.catalina.startup.VersionLoggerListener.log JVM Vendor:            Ubuntu
29-Jan-2026 12:45:59.638 INFO [main] org.apache.catalina.startup.VersionLoggerListener.log CATALINA_BASE:         /opt/lms/tomcat
29-Jan-2026 12:45:59.640 INFO [main] org.apache.catalina.startup.VersionLoggerListener.log CATALINA_HOME:         /opt/lms/tomcat
29-Jan-2026 12:46:01.731 INFO [main] org.apache.catalina.startup.VersionLoggerListener.log Command line argument: --add-opens=java.base/java.lang=ALL-UNNAMED
29-Jan-2026 12:46:01.732 INFO [main] org.apache.catalina.startup.VersionLoggerListener.log Command line argument: --add-opens=java.base/java.io=ALL-UNNAMED
29-Jan-2026 12:46:01.732 INFO [main] org.apache.catalina.startup.VersionLoggerListener.log Command line argument: --add-opens=java.base/java.util=ALL-UNNAMED
29-Jan-2026 12:46:01.732 INFO [main] org.apache.catalina.startup.VersionLoggerListener.log Command line argument: --add-opens=java.base/java.util.concurrent=ALL-UNNAMED
29-Jan-2026 12:46:01.803 INFO [main] org.apache.catalina.startup.VersionLoggerListener.log Command line argument: --add-opens=java.rmi/sun.rmi.transport=ALL-UNNAMED
29-Jan-2026 12:46:02.034 INFO [main] org.apache.catalina.startup.VersionLoggerListener.log Command line argument: -Djava.util.logging.config.file=/opt/lms/tomcat/conf/logging.properties
29-Jan-2026 12:46:02.034 INFO [main] org.apache.catalina.startup.VersionLoggerListener.log Command line argument: -Djava.util.logging.manager=org.apache.juli.ClassLoaderLogManager
29-Jan-2026 12:46:02.034 INFO [main] org.apache.catalina.startup.VersionLoggerListener.log Command line argument: -Djdk.tls.ephemeralDHKeySize=2048
29-Jan-2026 12:46:02.034 INFO [main] org.apache.catalina.startup.VersionLoggerListener.log Command line argument: -Djava.protocol.handler.pkgs=org.apache.catalina.webresources
29-Jan-2026 12:46:02.035 INFO [main] org.apache.catalina.startup.VersionLoggerListener.log Command line argument: -Dorg.apache.catalina.security.SecurityListener.UMASK=0027
29-Jan-2026 12:46:02.035 INFO [main] org.apache.catalina.startup.VersionLoggerListener.log Command line argument: -Dignore.endorsed.dirs=
29-Jan-2026 12:46:02.035 INFO [main] org.apache.catalina.startup.VersionLoggerListener.log Command line argument: -Dcatalina.base=/opt/lms/tomcat
29-Jan-2026 12:46:02.035 INFO [main] org.apache.catalina.startup.VersionLoggerListener.log Command line argument: -Dcatalina.home=/opt/lms/tomcat
29-Jan-2026 12:46:02.035 INFO [main] org.apache.catalina.startup.VersionLoggerListener.log Command line argument: -Djava.io.tmpdir=/opt/lms/tomcat/temp
29-Jan-2026 12:46:02.282 INFO [main] org.apache.catalina.core.AprLifecycleListener.lifecycleEvent An older version [1.2.31] of the Apache Tomcat Native library is installed, while Tomcat recommends a minimum version of [1.3.0]
29-Jan-2026 12:46:02.283 INFO [main] org.apache.catalina.core.AprLifecycleListener.lifecycleEvent Loaded Apache Tomcat Native library [1.2.31] using APR version [1.7.0].
29-Jan-2026 12:46:02.287 INFO [main] org.apache.catalina.core.AprLifecycleListener.lifecycleEvent APR capabilities: IPv6 [true], sendfile [true], accept filters [false], random [true], UDS [true].
29-Jan-2026 12:46:02.288 INFO [main] org.apache.catalina.core.AprLifecycleListener.lifecycleEvent APR/OpenSSL configuration: useAprConnector [false], useOpenSSL [true]
29-Jan-2026 12:46:02.603 INFO [main] org.apache.catalina.core.AprLifecycleListener.initializeSSL OpenSSL successfully initialized [OpenSSL 3.0.2 15 Mar 2022]
29-Jan-2026 12:46:20.036 INFO [main] org.apache.coyote.AbstractProtocol.init Initializing ProtocolHandler ["http-nio-8001"]
29-Jan-2026 12:46:21.072 INFO [main] org.apache.catalina.startup.Catalina.load Server initialization in [39024] milliseconds
29-Jan-2026 12:46:23.882 INFO [main] org.apache.catalina.core.StandardService.startInternal Starting service [Catalina]
29-Jan-2026 12:46:23.883 INFO [main] org.apache.catalina.core.StandardEngine.startInternal Starting Servlet engine: [Apache Tomcat/9.0.96]
29-Jan-2026 12:46:24.434 INFO [main] org.apache.catalina.startup.HostConfig.deployDirectory Deploying web application directory [/opt/lms/tomcat/webapps/manager]
29-Jan-2026 12:46:36.994 WARNING [main] org.apache.catalina.util.SessionIdGeneratorBase.createSecureRandom Creation of SecureRandom instance for session ID generation using [SHA1PRNG] took [312] milliseconds.
29-Jan-2026 12:46:37.882 INFO [main] org.apache.catalina.startup.HostConfig.deployDirectory Deployment of web application directory [/opt/lms/tomcat/webapps/manager] has finished in [13,449] ms
29-Jan-2026 12:46:37.889 INFO [main] org.apache.catalina.startup.HostConfig.deployDirectory Deploying web application directory [/opt/lms/tomcat/webapps/examples]
29-Jan-2026 12:46:47.957 INFO [main] org.apache.catalina.startup.HostConfig.deployDirectory Deployment of web application directory [/opt/lms/tomcat/webapps/examples] has finished in [10,008] ms
29-Jan-2026 12:46:47.958 INFO [main] org.apache.catalina.startup.HostConfig.deployDirectory Deploying web application directory [/opt/lms/tomcat/webapps/host-manager]
29-Jan-2026 12:46:48.766 INFO [main] org.apache.catalina.startup.HostConfig.deployDirectory Deployment of web application directory [/opt/lms/tomcat/webapps/host-manager] has finished in [809] ms
29-Jan-2026 12:46:48.769 INFO [main] org.apache.catalina.startup.HostConfig.deployDirectory Deploying web application directory [/opt/lms/tomcat/webapps/docs]
29-Jan-2026 12:46:49.565 INFO [main] org.apache.catalina.startup.HostConfig.deployDirectory Deployment of web application directory [/opt/lms/tomcat/webapps/docs] has finished in [796] ms
29-Jan-2026 12:46:49.650 INFO [main] org.apache.coyote.AbstractProtocol.start Starting ProtocolHandler ["http-nio-8001"]
29-Jan-2026 12:46:50.286 INFO [main] org.apache.catalina.startup.Catalina.start Server startup in [29211] milliseconds
NOTE: Picked up JDK_JAVA_OPTIONS:  --add-opens=java.base/java.lang=ALL-UNNAMED --add-opens=java.base/java.io=ALL-UNNAMED --add-opens=java.base/java.util=ALL-UNNAMED --add-opens=java.base/java.util.concurrent=ALL-UNNAMED --add-opens=java.rmi/sun.rmi.transport=ALL-UNNAMED
29-Jan-2026 15:47:05.626 INFO [main] org.apache.catalina.startup.VersionLoggerListener.log Server version name:   Apache Tomcat/9.0.96
29-Jan-2026 15:47:05.630 INFO [main] org.apache.catalina.startup.VersionLoggerListener.log Server built:          Oct 3 2024 19:44:30 UTC
29-Jan-2026 15:47:05.631 INFO [main] org.apache.catalina.startup.VersionLoggerListener.log Server version number: 9.0.96.0
29-Jan-2026 15:47:05.631 INFO [main] org.apache.catalina.startup.VersionLoggerListener.log OS Name:               Linux
29-Jan-2026 15:47:05.631 INFO [main] org.apache.catalina.startup.VersionLoggerListener.log OS Version:            6.8.0-1044-aws
29-Jan-2026 15:47:05.631 INFO [main] org.apache.catalina.startup.VersionLoggerListener.log Architecture:          amd64
29-Jan-2026 15:47:05.631 INFO [main] org.apache.catalina.startup.VersionLoggerListener.log Java Home:             /usr/lib/jvm/java-11-openjdk-amd64
29-Jan-2026 15:47:05.631 INFO [main] org.apache.catalina.startup.VersionLoggerListener.log JVM Version:           11.0.29+7-post-Ubuntu-1ubuntu122.04
29-Jan-2026 15:47:05.631 INFO [main] org.apache.catalina.startup.VersionLoggerListener.log JVM Vendor:            Ubuntu
29-Jan-2026 15:47:05.631 INFO [main] org.apache.catalina.startup.VersionLoggerListener.log CATALINA_BASE:         /opt/lms/tomcat
29-Jan-2026 15:47:05.632 INFO [main] org.apache.catalina.startup.VersionLoggerListener.log CATALINA_HOME:         /opt/lms/tomcat
29-Jan-2026 15:47:06.332 INFO [main] org.apache.catalina.startup.VersionLoggerListener.log Command line argument: --add-opens=java.base/java.lang=ALL-UNNAMED
29-Jan-2026 15:47:06.332 INFO [main] org.apache.catalina.startup.VersionLoggerListener.log Command line argument: --add-opens=java.base/java.io=ALL-UNNAMED
29-Jan-2026 15:47:06.332 INFO [main] org.apache.catalina.startup.VersionLoggerListener.log Command line argument: --add-opens=java.base/java.util=ALL-UNNAMED
29-Jan-2026 15:47:06.332 INFO [main] org.apache.catalina.startup.VersionLoggerListener.log Command line argument: --add-opens=java.base/java.util.concurrent=ALL-UNNAMED
29-Jan-2026 15:47:06.332 INFO [main] org.apache.catalina.startup.VersionLoggerListener.log Command line argument: --add-opens=java.rmi/sun.rmi.transport=ALL-UNNAMED
29-Jan-2026 15:47:06.332 INFO [main] org.apache.catalina.startup.VersionLoggerListener.log Command line argument: -Djava.util.logging.config.file=/opt/lms/tomcat/conf/logging.properties
29-Jan-2026 15:47:06.333 INFO [main] org.apache.catalina.startup.VersionLoggerListener.log Command line argument: -Djava.util.logging.manager=org.apache.juli.ClassLoaderLogManager
29-Jan-2026 15:47:06.333 INFO [main] org.apache.catalina.startup.VersionLoggerListener.log Command line argument: -Djdk.tls.ephemeralDHKeySize=2048
29-Jan-2026 15:47:06.333 INFO [main] org.apache.catalina.startup.VersionLoggerListener.log Command line argument: -Djava.protocol.handler.pkgs=org.apache.catalina.webresources
29-Jan-2026 15:47:06.333 INFO [main] org.apache.catalina.startup.VersionLoggerListener.log Command line argument: -Dorg.apache.catalina.security.SecurityListener.UMASK=0027
29-Jan-2026 15:47:06.333 INFO [main] org.apache.catalina.startup.VersionLoggerListener.log Command line argument: -Dignore.endorsed.dirs=
29-Jan-2026 15:47:06.333 INFO [main] org.apache.catalina.startup.VersionLoggerListener.log Command line argument: -Dcatalina.base=/opt/lms/tomcat
29-Jan-2026 15:47:06.333 INFO [main] org.apache.catalina.startup.VersionLoggerListener.log Command line argument: -Dcatalina.home=/opt/lms/tomcat
29-Jan-2026 15:47:06.333 INFO [main] org.apache.catalina.startup.VersionLoggerListener.log Command line argument: -Djava.io.tmpdir=/opt/lms/tomcat/temp
29-Jan-2026 15:47:06.566 INFO [main] org.apache.catalina.core.AprLifecycleListener.lifecycleEvent An older version [1.2.31] of the Apache Tomcat Native library is installed, while Tomcat recommends a minimum version of [1.3.0]
29-Jan-2026 15:47:06.566 INFO [main] org.apache.catalina.core.AprLifecycleListener.lifecycleEvent Loaded Apache Tomcat Native library [1.2.31] using APR version [1.7.0].
29-Jan-2026 15:47:06.566 INFO [main] org.apache.catalina.core.AprLifecycleListener.lifecycleEvent APR capabilities: IPv6 [true], sendfile [true], accept filters [false], random [true], UDS [true].
29-Jan-2026 15:47:06.566 INFO [main] org.apache.catalina.core.AprLifecycleListener.lifecycleEvent APR/OpenSSL configuration: useAprConnector [false], useOpenSSL [true]
29-Jan-2026 15:47:06.623 INFO [main] org.apache.catalina.core.AprLifecycleListener.initializeSSL OpenSSL successfully initialized [OpenSSL 3.0.2 15 Mar 2022]
29-Jan-2026 15:47:10.844 INFO [main] org.apache.coyote.AbstractProtocol.init Initializing ProtocolHandler ["http-nio-8001"]
29-Jan-2026 15:47:11.595 INFO [main] org.apache.catalina.startup.Catalina.load Server initialization in [15045] milliseconds
29-Jan-2026 15:47:12.500 INFO [main] org.apache.catalina.core.StandardService.startInternal Starting service [Catalina]
29-Jan-2026 15:47:12.503 INFO [main] org.apache.catalina.core.StandardEngine.startInternal Starting Servlet engine: [Apache Tomcat/9.0.96]
29-Jan-2026 15:47:12.605 INFO [main] org.apache.catalina.startup.HostConfig.deployDirectory Deploying web application directory [/opt/lms/tomcat/webapps/manager]
29-Jan-2026 15:47:16.799 WARNING [main] org.apache.catalina.util.SessionIdGeneratorBase.createSecureRandom Creation of SecureRandom instance for session ID generation using [SHA1PRNG] took [378] milliseconds.
29-Jan-2026 15:47:17.040 INFO [main] org.apache.catalina.startup.HostConfig.deployDirectory Deployment of web application directory [/opt/lms/tomcat/webapps/manager] has finished in [4,435] ms
29-Jan-2026 15:47:17.041 INFO [main] org.apache.catalina.startup.HostConfig.deployDirectory Deploying web application directory [/opt/lms/tomcat/webapps/examples]
29-Jan-2026 15:47:21.521 INFO [main] org.apache.catalina.startup.HostConfig.deployDirectory Deployment of web application directory [/opt/lms/tomcat/webapps/examples] has finished in [4,480] ms
29-Jan-2026 15:47:21.524 INFO [main] org.apache.catalina.startup.HostConfig.deployDirectory Deploying web application directory [/opt/lms/tomcat/webapps/host-manager]
29-Jan-2026 15:47:21.697 INFO [main] org.apache.catalina.startup.HostConfig.deployDirectory Deployment of web application directory [/opt/lms/tomcat/webapps/host-manager] has finished in [173] ms
29-Jan-2026 15:47:21.698 INFO [main] org.apache.catalina.startup.HostConfig.deployDirectory Deploying web application directory [/opt/lms/tomcat/webapps/docs]
29-Jan-2026 15:47:21.889 INFO [main] org.apache.catalina.startup.HostConfig.deployDirectory Deployment of web application directory [/opt/lms/tomcat/webapps/docs] has finished in [191] ms
29-Jan-2026 15:47:21.911 INFO [main] org.apache.coyote.AbstractProtocol.start Starting ProtocolHandler ["http-nio-8001"]
29-Jan-2026 15:47:21.952 INFO [main] org.apache.catalina.startup.Catalina.start Server startup in [10356] milliseconds
NOTE: Picked up JDK_JAVA_OPTIONS:  --add-opens=java.base/java.lang=ALL-UNNAMED --add-opens=java.base/java.io=ALL-UNNAMED --add-opens=java.base/java.util=ALL-UNNAMED --add-opens=java.base/java.util.concurrent=ALL-UNNAMED --add-opens=java.rmi/sun.rmi.transport=ALL-UNNAMED
29-Jan-2026 15:49:16.249 INFO [main] org.apache.catalina.startup.VersionLoggerListener.log Server version name:   Apache Tomcat/9.0.96
29-Jan-2026 15:49:16.293 INFO [main] org.apache.catalina.startup.VersionLoggerListener.log Server built:          Oct 3 2024 19:44:30 UTC
29-Jan-2026 15:49:16.293 INFO [main] org.apache.catalina.startup.VersionLoggerListener.log Server version number: 9.0.96.0
29-Jan-2026 15:49:16.293 INFO [main] org.apache.catalina.startup.VersionLoggerListener.log OS Name:               Linux
29-Jan-2026 15:49:16.301 INFO [main] org.apache.catalina.startup.VersionLoggerListener.log OS Version:            6.8.0-1044-aws
29-Jan-2026 15:49:16.301 INFO [main] org.apache.catalina.startup.VersionLoggerListener.log Architecture:          amd64
29-Jan-2026 15:49:16.301 INFO [main] org.apache.catalina.startup.VersionLoggerListener.log Java Home:             /usr/lib/jvm/java-11-openjdk-amd64
29-Jan-2026 15:49:16.301 INFO [main] org.apache.catalina.startup.VersionLoggerListener.log JVM Version:           11.0.29+7-post-Ubuntu-1ubuntu122.04
29-Jan-2026 15:49:16.302 INFO [main] org.apache.catalina.startup.VersionLoggerListener.log JVM Vendor:            Ubuntu
29-Jan-2026 15:49:16.307 INFO [main] org.apache.catalina.startup.VersionLoggerListener.log CATALINA_BASE:         /opt/lms/tomcat
29-Jan-2026 15:49:16.308 INFO [main] org.apache.catalina.startup.VersionLoggerListener.log CATALINA_HOME:         /opt/lms/tomcat
29-Jan-2026 15:49:16.428 INFO [main] org.apache.catalina.startup.VersionLoggerListener.log Command line argument: --add-opens=java.base/java.lang=ALL-UNNAMED
29-Jan-2026 15:49:16.430 INFO [main] org.apache.catalina.startup.VersionLoggerListener.log Command line argument: --add-opens=java.base/java.io=ALL-UNNAMED
29-Jan-2026 15:49:16.430 INFO [main] org.apache.catalina.startup.VersionLoggerListener.log Command line argument: --add-opens=java.base/java.util=ALL-UNNAMED
29-Jan-2026 15:49:16.431 INFO [main] org.apache.catalina.startup.VersionLoggerListener.log Command line argument: --add-opens=java.base/java.util.concurrent=ALL-UNNAMED
29-Jan-2026 15:49:16.431 INFO [main] org.apache.catalina.startup.VersionLoggerListener.log Command line argument: --add-opens=java.rmi/sun.rmi.transport=ALL-UNNAMED
29-Jan-2026 15:49:16.433 INFO [main] org.apache.catalina.startup.VersionLoggerListener.log Command line argument: -Djava.util.logging.config.file=/opt/lms/tomcat/conf/logging.properties
29-Jan-2026 15:49:16.443 INFO [main] org.apache.catalina.startup.VersionLoggerListener.log Command line argument: -Djava.util.logging.manager=org.apache.juli.ClassLoaderLogManager
29-Jan-2026 15:49:16.443 INFO [main] org.apache.catalina.startup.VersionLoggerListener.log Command line argument: -Djdk.tls.ephemeralDHKeySize=2048
29-Jan-2026 15:49:16.443 INFO [main] org.apache.catalina.startup.VersionLoggerListener.log Command line argument: -Djava.protocol.handler.pkgs=org.apache.catalina.webresources
29-Jan-2026 15:49:16.444 INFO [main] org.apache.catalina.startup.VersionLoggerListener.log Command line argument: -Dorg.apache.catalina.security.SecurityListener.UMASK=0027
29-Jan-2026 15:49:16.444 INFO [main] org.apache.catalina.startup.VersionLoggerListener.log Command line argument: -Dignore.endorsed.dirs=
29-Jan-2026 15:49:16.444 INFO [main] org.apache.catalina.startup.VersionLoggerListener.log Command line argument: -Dcatalina.base=/opt/lms/tomcat
29-Jan-2026 15:49:16.444 INFO [main] org.apache.catalina.startup.VersionLoggerListener.log Command line argument: -Dcatalina.home=/opt/lms/tomcat
29-Jan-2026 15:49:16.444 INFO [main] org.apache.catalina.startup.VersionLoggerListener.log Command line argument: -Djava.io.tmpdir=/opt/lms/tomcat/temp
29-Jan-2026 15:49:16.527 INFO [main] org.apache.catalina.core.AprLifecycleListener.lifecycleEvent An older version [1.2.31] of the Apache Tomcat Native library is installed, while Tomcat recommends a minimum version of [1.3.0]
29-Jan-2026 15:49:16.527 INFO [main] org.apache.catalina.core.AprLifecycleListener.lifecycleEvent Loaded Apache Tomcat Native library [1.2.31] using APR version [1.7.0].
29-Jan-2026 15:49:16.527 INFO [main] org.apache.catalina.core.AprLifecycleListener.lifecycleEvent APR capabilities: IPv6 [true], sendfile [true], accept filters [false], random [true], UDS [true].
29-Jan-2026 15:49:16.527 INFO [main] org.apache.catalina.core.AprLifecycleListener.lifecycleEvent APR/OpenSSL configuration: useAprConnector [false], useOpenSSL [true]
29-Jan-2026 15:49:16.579 INFO [main] org.apache.catalina.core.AprLifecycleListener.initializeSSL OpenSSL successfully initialized [OpenSSL 3.0.2 15 Mar 2022]
29-Jan-2026 15:49:19.792 INFO [main] org.apache.coyote.AbstractProtocol.init Initializing ProtocolHandler ["http-nio-8001"]
29-Jan-2026 15:49:19.973 INFO [main] org.apache.catalina.startup.Catalina.load Server initialization in [7315] milliseconds
29-Jan-2026 15:49:20.420 INFO [main] org.apache.catalina.core.StandardService.startInternal Starting service [Catalina]
29-Jan-2026 15:49:20.420 INFO [main] org.apache.catalina.core.StandardEngine.startInternal Starting Servlet engine: [Apache Tomcat/9.0.96]
29-Jan-2026 15:49:20.472 INFO [main] org.apache.catalina.startup.HostConfig.deployDirectory Deploying web application directory [/opt/lms/tomcat/webapps/manager]
29-Jan-2026 15:49:22.335 INFO [main] org.apache.catalina.startup.HostConfig.deployDirectory Deployment of web application directory [/opt/lms/tomcat/webapps/manager] has finished in [1,862] ms
29-Jan-2026 15:49:22.336 INFO [main] org.apache.catalina.startup.HostConfig.deployDirectory Deploying web application directory [/opt/lms/tomcat/webapps/examples]
29-Jan-2026 15:49:23.785 INFO [main] org.apache.catalina.startup.HostConfig.deployDirectory Deployment of web application directory [/opt/lms/tomcat/webapps/examples] has finished in [1,445] ms
29-Jan-2026 15:49:23.785 INFO [main] org.apache.catalina.startup.HostConfig.deployDirectory Deploying web application directory [/opt/lms/tomcat/webapps/host-manager]
29-Jan-2026 15:49:23.917 INFO [main] org.apache.catalina.startup.HostConfig.deployDirectory Deployment of web application directory [/opt/lms/tomcat/webapps/host-manager] has finished in [129] ms
29-Jan-2026 15:49:23.917 INFO [main] org.apache.catalina.startup.HostConfig.deployDirectory Deploying web application directory [/opt/lms/tomcat/webapps/docs]
29-Jan-2026 15:49:24.032 INFO [main] org.apache.catalina.startup.HostConfig.deployDirectory Deployment of web application directory [/opt/lms/tomcat/webapps/docs] has finished in [115] ms
29-Jan-2026 15:49:24.071 INFO [main] org.apache.coyote.AbstractProtocol.start Starting ProtocolHandler ["http-nio-8001"]
29-Jan-2026 15:49:24.164 INFO [main] org.apache.catalina.startup.Catalina.start Server startup in [4185] milliseconds
30-Jan-2026 08:46:00.308 INFO [main] org.apache.catalina.core.StandardServer.await A valid shutdown command was received via the shutdown port. Stopping the Server instance.
30-Jan-2026 08:46:00.722 INFO [Thread-1] org.apache.coyote.AbstractProtocol.pause Pausing ProtocolHandler ["http-nio-8001"]
30-Jan-2026 08:46:01.590 INFO [Thread-1] org.apache.catalina.core.StandardService.stopInternal Stopping service [Catalina]
30-Jan-2026 08:46:03.863 INFO [Thread-1] org.apache.coyote.AbstractProtocol.stop Stopping ProtocolHandler ["http-nio-8001"]
30-Jan-2026 08:46:04.504 WARNING [Thread-1] org.apache.tomcat.util.net.Acceptor.stopMillis The acceptor thread [http-nio-8001-Acceptor] did not stop cleanly
30-Jan-2026 08:46:04.663 INFO [Thread-1] org.apache.coyote.AbstractProtocol.destroy Destroying ProtocolHandler ["http-nio-8001"]
NOTE: Picked up JDK_JAVA_OPTIONS:  --add-opens=java.base/java.lang=ALL-UNNAMED --add-opens=java.base/java.io=ALL-UNNAMED --add-opens=java.base/java.util=ALL-UNNAMED --add-opens=java.base/java.util.concurrent=ALL-UNNAMED --add-opens=java.rmi/sun.rmi.transport=ALL-UNNAMED
30-Jan-2026 08:47:35.896 INFO [main] org.apache.catalina.startup.VersionLoggerListener.log Server version name:   Apache Tomcat/9.0.96
30-Jan-2026 08:47:36.137 INFO [main] org.apache.catalina.startup.VersionLoggerListener.log Server built:          Oct 3 2024 19:44:30 UTC
30-Jan-2026 08:47:36.138 INFO [main] org.apache.catalina.startup.VersionLoggerListener.log Server version number: 9.0.96.0
30-Jan-2026 08:47:36.139 INFO [main] org.apache.catalina.startup.VersionLoggerListener.log OS Name:               Linux
30-Jan-2026 08:47:36.140 INFO [main] org.apache.catalina.startup.VersionLoggerListener.log OS Version:            6.8.0-1044-aws
30-Jan-2026 08:47:36.140 INFO [main] org.apache.catalina.startup.VersionLoggerListener.log Architecture:          amd64
30-Jan-2026 08:47:36.140 INFO [main] org.apache.catalina.startup.VersionLoggerListener.log Java Home:             /usr/lib/jvm/java-11-openjdk-amd64
30-Jan-2026 08:47:36.141 INFO [main] org.apache.catalina.startup.VersionLoggerListener.log JVM Version:           11.0.29+7-post-Ubuntu-1ubuntu122.04
30-Jan-2026 08:47:36.142 INFO [main] org.apache.catalina.startup.VersionLoggerListener.log JVM Vendor:            Ubuntu
30-Jan-2026 08:47:36.376 INFO [main] org.apache.catalina.startup.VersionLoggerListener.log CATALINA_BASE:         /opt/lms/tomcat
30-Jan-2026 08:47:36.383 INFO [main] org.apache.catalina.startup.VersionLoggerListener.log CATALINA_HOME:         /opt/lms/tomcat
30-Jan-2026 08:47:37.901 INFO [main] org.apache.catalina.startup.VersionLoggerListener.log Command line argument: --add-opens=java.base/java.lang=ALL-UNNAMED
30-Jan-2026 08:47:37.901 INFO [main] org.apache.catalina.startup.VersionLoggerListener.log Command line argument: --add-opens=java.base/java.io=ALL-UNNAMED
30-Jan-2026 08:47:37.901 INFO [main] org.apache.catalina.startup.VersionLoggerListener.log Command line argument: --add-opens=java.base/java.util=ALL-UNNAMED
30-Jan-2026 08:47:37.901 INFO [main] org.apache.catalina.startup.VersionLoggerListener.log Command line argument: --add-opens=java.base/java.util.concurrent=ALL-UNNAMED
30-Jan-2026 08:47:37.901 INFO [main] org.apache.catalina.startup.VersionLoggerListener.log Command line argument: --add-opens=java.rmi/sun.rmi.transport=ALL-UNNAMED
30-Jan-2026 08:47:37.901 INFO [main] org.apache.catalina.startup.VersionLoggerListener.log Command line argument: -Djava.util.logging.config.file=/opt/lms/tomcat/conf/logging.properties
30-Jan-2026 08:47:37.975 INFO [main] org.apache.catalina.startup.VersionLoggerListener.log Command line argument: -Djava.util.logging.manager=org.apache.juli.ClassLoaderLogManager
30-Jan-2026 08:47:37.975 INFO [main] org.apache.catalina.startup.VersionLoggerListener.log Command line argument: -Djdk.tls.ephemeralDHKeySize=2048
30-Jan-2026 08:47:37.975 INFO [main] org.apache.catalina.startup.VersionLoggerListener.log Command line argument: -Djava.protocol.handler.pkgs=org.apache.catalina.webresources
30-Jan-2026 08:47:37.975 INFO [main] org.apache.catalina.startup.VersionLoggerListener.log Command line argument: -Dorg.apache.catalina.security.SecurityListener.UMASK=0027
30-Jan-2026 08:47:37.975 INFO [main] org.apache.catalina.startup.VersionLoggerListener.log Command line argument: -Dignore.endorsed.dirs=
30-Jan-2026 08:47:37.976 INFO [main] org.apache.catalina.startup.VersionLoggerListener.log Command line argument: -Dcatalina.base=/opt/lms/tomcat
30-Jan-2026 08:47:37.976 INFO [main] org.apache.catalina.startup.VersionLoggerListener.log Command line argument: -Dcatalina.home=/opt/lms/tomcat
30-Jan-2026 08:47:37.976 INFO [main] org.apache.catalina.startup.VersionLoggerListener.log Command line argument: -Djava.io.tmpdir=/opt/lms/tomcat/temp
30-Jan-2026 08:47:38.219 INFO [main] org.apache.catalina.core.AprLifecycleListener.lifecycleEvent An older version [1.2.31] of the Apache Tomcat Native library is installed, while Tomcat recommends a minimum version of [1.3.0]
30-Jan-2026 08:47:38.219 INFO [main] org.apache.catalina.core.AprLifecycleListener.lifecycleEvent Loaded Apache Tomcat Native library [1.2.31] using APR version [1.7.0].
30-Jan-2026 08:47:38.223 INFO [main] org.apache.catalina.core.AprLifecycleListener.lifecycleEvent APR capabilities: IPv6 [true], sendfile [true], accept filters [false], random [true], UDS [true].
30-Jan-2026 08:47:38.223 INFO [main] org.apache.catalina.core.AprLifecycleListener.lifecycleEvent APR/OpenSSL configuration: useAprConnector [false], useOpenSSL [true]
30-Jan-2026 08:47:38.867 INFO [main] org.apache.catalina.core.AprLifecycleListener.initializeSSL OpenSSL successfully initialized [OpenSSL 3.0.2 15 Mar 2022]
30-Jan-2026 08:48:06.625 INFO [main] org.apache.coyote.AbstractProtocol.init Initializing ProtocolHandler ["http-nio-8001"]
30-Jan-2026 08:48:08.471 INFO [main] org.apache.catalina.startup.Catalina.load Server initialization in [70327] milliseconds
30-Jan-2026 08:48:15.498 INFO [main] org.apache.catalina.core.StandardService.startInternal Starting service [Catalina]
30-Jan-2026 08:48:15.499 INFO [main] org.apache.catalina.core.StandardEngine.startInternal Starting Servlet engine: [Apache Tomcat/9.0.96]
30-Jan-2026 08:48:16.302 INFO [main] org.apache.catalina.startup.HostConfig.deployDirectory Deploying web application directory [/opt/lms/tomcat/webapps/manager]
30-Jan-2026 08:48:37.026 WARNING [main] org.apache.catalina.util.SessionIdGeneratorBase.createSecureRandom Creation of SecureRandom instance for session ID generation using [SHA1PRNG] took [879] milliseconds.
30-Jan-2026 08:48:42.471 INFO [main] org.apache.catalina.startup.HostConfig.deployDirectory Deployment of web application directory [/opt/lms/tomcat/webapps/manager] has finished in [26,158] ms
30-Jan-2026 08:48:42.617 INFO [main] org.apache.catalina.startup.HostConfig.deployDirectory Deploying web application directory [/opt/lms/tomcat/webapps/examples]
30-Jan-2026 08:49:10.220 WARNING [main] org.apache.catalina.util.SessionIdGeneratorBase.createSecureRandom Creation of SecureRandom instance for session ID generation using [SHA1PRNG] took [402] milliseconds.
30-Jan-2026 08:49:10.784 INFO [main] org.apache.catalina.startup.HostConfig.deployDirectory Deployment of web application directory [/opt/lms/tomcat/webapps/examples] has finished in [28,164] ms
30-Jan-2026 08:49:10.862 INFO [main] org.apache.catalina.startup.HostConfig.deployDirectory Deploying web application directory [/opt/lms/tomcat/webapps/host-manager]
30-Jan-2026 08:49:13.826 INFO [main] org.apache.catalina.startup.HostConfig.deployDirectory Deployment of web application directory [/opt/lms/tomcat/webapps/host-manager] has finished in [2,964] ms
30-Jan-2026 08:49:13.897 INFO [main] org.apache.catalina.startup.HostConfig.deployDirectory Deploying web application directory [/opt/lms/tomcat/webapps/docs]
30-Jan-2026 08:49:15.586 INFO [main] org.apache.catalina.startup.HostConfig.deployDirectory Deployment of web application directory [/opt/lms/tomcat/webapps/docs] has finished in [1,689] ms
30-Jan-2026 08:49:17.499 INFO [main] org.apache.coyote.AbstractProtocol.start Starting ProtocolHandler ["http-nio-8001"]
30-Jan-2026 08:49:18.780 INFO [main] org.apache.catalina.startup.Catalina.start Server startup in [70243] milliseconds
02-Feb-2026 13:26:34.192 INFO [main] org.apache.catalina.core.StandardServer.await A valid shutdown command was received via the shutdown port. Stopping the Server instance.
02-Feb-2026 13:26:34.668 INFO [main] org.apache.coyote.AbstractProtocol.pause Pausing ProtocolHandler ["http-nio-8001"]
02-Feb-2026 13:26:35.145 INFO [main] org.apache.catalina.core.StandardService.stopInternal Stopping service [Catalina]
02-Feb-2026 13:26:38.107 INFO [main] org.apache.coyote.AbstractProtocol.stop Stopping ProtocolHandler ["http-nio-8001"]
02-Feb-2026 13:26:38.742 WARNING [main] org.apache.tomcat.util.net.Acceptor.stopMillis The acceptor thread [http-nio-8001-Acceptor] did not stop cleanly
02-Feb-2026 13:26:38.915 INFO [main] org.apache.coyote.AbstractProtocol.destroy Destroying ProtocolHandler ["http-nio-8001"]
NOTE: Picked up JDK_JAVA_OPTIONS:  --add-opens=java.base/java.lang=ALL-UNNAMED --add-opens=java.base/java.io=ALL-UNNAMED --add-opens=java.base/java.util=ALL-UNNAMED --add-opens=java.base/java.util.concurrent=ALL-UNNAMED --add-opens=java.rmi/sun.rmi.transport=ALL-UNNAMED
02-Feb-2026 13:27:12.748 INFO [main] org.apache.catalina.startup.VersionLoggerListener.log Server version name:   Apache Tomcat/9.0.96
02-Feb-2026 13:27:12.826 INFO [main] org.apache.catalina.startup.VersionLoggerListener.log Server built:          Oct 3 2024 19:44:30 UTC
02-Feb-2026 13:27:12.827 INFO [main] org.apache.catalina.startup.VersionLoggerListener.log Server version number: 9.0.96.0
02-Feb-2026 13:27:12.827 INFO [main] org.apache.catalina.startup.VersionLoggerListener.log OS Name:               Linux
02-Feb-2026 13:27:12.827 INFO [main] org.apache.catalina.startup.VersionLoggerListener.log OS Version:            6.8.0-1044-aws
02-Feb-2026 13:27:12.827 INFO [main] org.apache.catalina.startup.VersionLoggerListener.log Architecture:          amd64
02-Feb-2026 13:27:12.827 INFO [main] org.apache.catalina.startup.VersionLoggerListener.log Java Home:             /usr/lib/jvm/java-11-openjdk-amd64
02-Feb-2026 13:27:12.828 INFO [main] org.apache.catalina.startup.VersionLoggerListener.log JVM Version:           11.0.29+7-post-Ubuntu-1ubuntu122.04
02-Feb-2026 13:27:12.828 INFO [main] org.apache.catalina.startup.VersionLoggerListener.log JVM Vendor:            Ubuntu
02-Feb-2026 13:27:12.828 INFO [main] org.apache.catalina.startup.VersionLoggerListener.log CATALINA_BASE:         /opt/lms/tomcat
02-Feb-2026 13:27:12.829 INFO [main] org.apache.catalina.startup.VersionLoggerListener.log CATALINA_HOME:         /opt/lms/tomcat
02-Feb-2026 13:27:13.077 INFO [main] org.apache.catalina.startup.VersionLoggerListener.log Command line argument: --add-opens=java.base/java.lang=ALL-UNNAMED
02-Feb-2026 13:27:13.141 INFO [main] org.apache.catalina.startup.VersionLoggerListener.log Command line argument: --add-opens=java.base/java.io=ALL-UNNAMED
02-Feb-2026 13:27:13.141 INFO [main] org.apache.catalina.startup.VersionLoggerListener.log Command line argument: --add-opens=java.base/java.util=ALL-UNNAMED
02-Feb-2026 13:27:13.142 INFO [main] org.apache.catalina.startup.VersionLoggerListener.log Command line argument: --add-opens=java.base/java.util.concurrent=ALL-UNNAMED
02-Feb-2026 13:27:13.142 INFO [main] org.apache.catalina.startup.VersionLoggerListener.log Command line argument: --add-opens=java.rmi/sun.rmi.transport=ALL-UNNAMED
02-Feb-2026 13:27:13.142 INFO [main] org.apache.catalina.startup.VersionLoggerListener.log Command line argument: -Djava.util.logging.config.file=/opt/lms/tomcat/conf/logging.properties
02-Feb-2026 13:27:13.143 INFO [main] org.apache.catalina.startup.VersionLoggerListener.log Command line argument: -Djava.util.logging.manager=org.apache.juli.ClassLoaderLogManager
02-Feb-2026 13:27:13.143 INFO [main] org.apache.catalina.startup.VersionLoggerListener.log Command line argument: -Djdk.tls.ephemeralDHKeySize=2048
02-Feb-2026 13:27:13.144 INFO [main] org.apache.catalina.startup.VersionLoggerListener.log Command line argument: -Djava.protocol.handler.pkgs=org.apache.catalina.webresources
02-Feb-2026 13:27:13.144 INFO [main] org.apache.catalina.startup.VersionLoggerListener.log Command line argument: -Dorg.apache.catalina.security.SecurityListener.UMASK=0027
02-Feb-2026 13:27:13.144 INFO [main] org.apache.catalina.startup.VersionLoggerListener.log Command line argument: -Dignore.endorsed.dirs=
02-Feb-2026 13:27:13.144 INFO [main] org.apache.catalina.startup.VersionLoggerListener.log Command line argument: -Dcatalina.base=/opt/lms/tomcat
02-Feb-2026 13:27:13.144 INFO [main] org.apache.catalina.startup.VersionLoggerListener.log Command line argument: -Dcatalina.home=/opt/lms/tomcat
02-Feb-2026 13:27:13.144 INFO [main] org.apache.catalina.startup.VersionLoggerListener.log Command line argument: -Djava.io.tmpdir=/opt/lms/tomcat/temp
02-Feb-2026 13:27:13.310 INFO [main] org.apache.catalina.core.AprLifecycleListener.lifecycleEvent An older version [1.2.31] of the Apache Tomcat Native library is installed, while Tomcat recommends a minimum version of [1.3.0]
02-Feb-2026 13:27:13.311 INFO [main] org.apache.catalina.core.AprLifecycleListener.lifecycleEvent Loaded Apache Tomcat Native library [1.2.31] using APR version [1.7.0].
02-Feb-2026 13:27:13.311 INFO [main] org.apache.catalina.core.AprLifecycleListener.lifecycleEvent APR capabilities: IPv6 [true], sendfile [true], accept filters [false], random [true], UDS [true].
02-Feb-2026 13:27:13.311 INFO [main] org.apache.catalina.core.AprLifecycleListener.lifecycleEvent APR/OpenSSL configuration: useAprConnector [false], useOpenSSL [true]
02-Feb-2026 13:27:13.383 INFO [main] org.apache.catalina.core.AprLifecycleListener.initializeSSL OpenSSL successfully initialized [OpenSSL 3.0.2 15 Mar 2022]
02-Feb-2026 13:27:21.792 INFO [main] org.apache.coyote.AbstractProtocol.init Initializing ProtocolHandler ["http-nio-8001"]
02-Feb-2026 13:27:22.195 INFO [main] org.apache.catalina.startup.Catalina.load Server initialization in [16087] milliseconds
02-Feb-2026 13:27:22.995 INFO [main] org.apache.catalina.core.StandardService.startInternal Starting service [Catalina]
02-Feb-2026 13:27:22.995 INFO [main] org.apache.catalina.core.StandardEngine.startInternal Starting Servlet engine: [Apache Tomcat/9.0.96]
02-Feb-2026 13:27:23.073 INFO [main] org.apache.catalina.startup.HostConfig.deployDirectory Deploying web application directory [/opt/lms/tomcat/webapps/manager]
02-Feb-2026 13:27:26.282 INFO [main] org.apache.catalina.startup.HostConfig.deployDirectory Deployment of web application directory [/opt/lms/tomcat/webapps/manager] has finished in [3,209] ms
02-Feb-2026 13:27:26.283 INFO [main] org.apache.catalina.startup.HostConfig.deployDirectory Deploying web application directory [/opt/lms/tomcat/webapps/examples]
02-Feb-2026 13:27:30.823 INFO [main] org.apache.catalina.startup.HostConfig.deployDirectory Deployment of web application directory [/opt/lms/tomcat/webapps/examples] has finished in [4,540] ms
02-Feb-2026 13:27:30.824 INFO [main] org.apache.catalina.startup.HostConfig.deployDirectory Deploying web application directory [/opt/lms/tomcat/webapps/host-manager]
02-Feb-2026 13:27:31.065 INFO [main] org.apache.catalina.startup.HostConfig.deployDirectory Deployment of web application directory [/opt/lms/tomcat/webapps/host-manager] has finished in [242] ms
02-Feb-2026 13:27:31.066 INFO [main] org.apache.catalina.startup.HostConfig.deployDirectory Deploying web application directory [/opt/lms/tomcat/webapps/docs]
02-Feb-2026 13:27:31.392 INFO [main] org.apache.catalina.startup.HostConfig.deployDirectory Deployment of web application directory [/opt/lms/tomcat/webapps/docs] has finished in [327] ms
02-Feb-2026 13:27:31.470 INFO [main] org.apache.coyote.AbstractProtocol.start Starting ProtocolHandler ["http-nio-8001"]
02-Feb-2026 13:27:31.945 INFO [main] org.apache.catalina.startup.Catalina.start Server startup in [9749] milliseconds
NOTE: Picked up JDK_JAVA_OPTIONS:  --add-opens=java.base/java.lang=ALL-UNNAMED --add-opens=java.base/java.io=ALL-UNNAMED --add-opens=java.base/java.util=ALL-UNNAMED --add-opens=java.base/java.util.concurrent=ALL-UNNAMED --add-opens=java.rmi/sun.rmi.transport=ALL-UNNAMED
02-Feb-2026 13:37:06.114 INFO [main] org.apache.catalina.startup.VersionLoggerListener.log Server version name:   Apache Tomcat/9.0.96
02-Feb-2026 13:37:06.185 INFO [main] org.apache.catalina.startup.VersionLoggerListener.log Server built:          Oct 3 2024 19:44:30 UTC
02-Feb-2026 13:37:06.186 INFO [main] org.apache.catalina.startup.VersionLoggerListener.log Server version number: 9.0.96.0
02-Feb-2026 13:37:06.186 INFO [main] org.apache.catalina.startup.VersionLoggerListener.log OS Name:               Linux
02-Feb-2026 13:37:06.187 INFO [main] org.apache.catalina.startup.VersionLoggerListener.log OS Version:            6.8.0-1044-aws
02-Feb-2026 13:37:06.187 INFO [main] org.apache.catalina.startup.VersionLoggerListener.log Architecture:          amd64
02-Feb-2026 13:37:06.187 INFO [main] org.apache.catalina.startup.VersionLoggerListener.log Java Home:             /usr/lib/jvm/java-11-openjdk-amd64
02-Feb-2026 13:37:06.187 INFO [main] org.apache.catalina.startup.VersionLoggerListener.log JVM Version:           11.0.29+7-post-Ubuntu-1ubuntu122.04
02-Feb-2026 13:37:06.187 INFO [main] org.apache.catalina.startup.VersionLoggerListener.log JVM Vendor:            Ubuntu
02-Feb-2026 13:37:06.188 INFO [main] org.apache.catalina.startup.VersionLoggerListener.log CATALINA_BASE:         /opt/lms/tomcat
02-Feb-2026 13:37:06.188 INFO [main] org.apache.catalina.startup.VersionLoggerListener.log CATALINA_HOME:         /opt/lms/tomcat
02-Feb-2026 13:37:06.585 INFO [main] org.apache.catalina.startup.VersionLoggerListener.log Command line argument: --add-opens=java.base/java.lang=ALL-UNNAMED
02-Feb-2026 13:37:06.586 INFO [main] org.apache.catalina.startup.VersionLoggerListener.log Command line argument: --add-opens=java.base/java.io=ALL-UNNAMED
02-Feb-2026 13:37:06.586 INFO [main] org.apache.catalina.startup.VersionLoggerListener.log Command line argument: --add-opens=java.base/java.util=ALL-UNNAMED
02-Feb-2026 13:37:06.588 INFO [main] org.apache.catalina.startup.VersionLoggerListener.log Command line argument: --add-opens=java.base/java.util.concurrent=ALL-UNNAMED
02-Feb-2026 13:37:06.588 INFO [main] org.apache.catalina.startup.VersionLoggerListener.log Command line argument: --add-opens=java.rmi/sun.rmi.transport=ALL-UNNAMED
02-Feb-2026 13:37:06.589 INFO [main] org.apache.catalina.startup.VersionLoggerListener.log Command line argument: -Djava.util.logging.config.file=/opt/lms/tomcat/conf/logging.properties
02-Feb-2026 13:37:06.589 INFO [main] org.apache.catalina.startup.VersionLoggerListener.log Command line argument: -Djava.util.logging.manager=org.apache.juli.ClassLoaderLogManager
02-Feb-2026 13:37:06.589 INFO [main] org.apache.catalina.startup.VersionLoggerListener.log Command line argument: -Djdk.tls.ephemeralDHKeySize=2048
02-Feb-2026 13:37:06.590 INFO [main] org.apache.catalina.startup.VersionLoggerListener.log Command line argument: -Djava.protocol.handler.pkgs=org.apache.catalina.webresources
02-Feb-2026 13:37:06.591 INFO [main] org.apache.catalina.startup.VersionLoggerListener.log Command line argument: -Dorg.apache.catalina.security.SecurityListener.UMASK=0027
02-Feb-2026 13:37:06.592 INFO [main] org.apache.catalina.startup.VersionLoggerListener.log Command line argument: -Dignore.endorsed.dirs=
02-Feb-2026 13:37:06.592 INFO [main] org.apache.catalina.startup.VersionLoggerListener.log Command line argument: -Dcatalina.base=/opt/lms/tomcat
02-Feb-2026 13:37:06.593 INFO [main] org.apache.catalina.startup.VersionLoggerListener.log Command line argument: -Dcatalina.home=/opt/lms/tomcat
02-Feb-2026 13:37:06.593 INFO [main] org.apache.catalina.startup.VersionLoggerListener.log Command line argument: -Djava.io.tmpdir=/opt/lms/tomcat/temp
02-Feb-2026 13:37:06.908 INFO [main] org.apache.catalina.core.AprLifecycleListener.lifecycleEvent An older version [1.2.31] of the Apache Tomcat Native library is installed, while Tomcat recommends a minimum version of [1.3.0]
02-Feb-2026 13:37:06.909 INFO [main] org.apache.catalina.core.AprLifecycleListener.lifecycleEvent Loaded Apache Tomcat Native library [1.2.31] using APR version [1.7.0].
02-Feb-2026 13:37:06.910 INFO [main] org.apache.catalina.core.AprLifecycleListener.lifecycleEvent APR capabilities: IPv6 [true], sendfile [true], accept filters [false], random [true], UDS [true].
02-Feb-2026 13:37:06.911 INFO [main] org.apache.catalina.core.AprLifecycleListener.lifecycleEvent APR/OpenSSL configuration: useAprConnector [false], useOpenSSL [true]
02-Feb-2026 13:37:07.145 INFO [main] org.apache.catalina.core.AprLifecycleListener.initializeSSL OpenSSL successfully initialized [OpenSSL 3.0.2 15 Mar 2022]
02-Feb-2026 13:37:17.548 INFO [main] org.apache.coyote.AbstractProtocol.init Initializing ProtocolHandler ["http-nio-8001"]
02-Feb-2026 13:37:18.277 INFO [main] org.apache.catalina.startup.Catalina.load Server initialization in [20085] milliseconds
02-Feb-2026 13:37:19.952 INFO [main] org.apache.catalina.core.StandardService.startInternal Starting service [Catalina]
02-Feb-2026 13:37:19.952 INFO [main] org.apache.catalina.core.StandardEngine.startInternal Starting Servlet engine: [Apache Tomcat/9.0.96]
02-Feb-2026 13:37:20.102 INFO [main] org.apache.catalina.startup.HostConfig.deployDirectory Deploying web application directory [/opt/lms/tomcat/webapps/manager]
02-Feb-2026 13:37:28.273 INFO [main] org.apache.catalina.startup.HostConfig.deployDirectory Deployment of web application directory [/opt/lms/tomcat/webapps/manager] has finished in [8,166] ms
02-Feb-2026 13:37:28.274 INFO [main] org.apache.catalina.startup.HostConfig.deployDirectory Deploying web application directory [/opt/lms/tomcat/webapps/examples]
02-Feb-2026 13:37:35.785 INFO [main] org.apache.catalina.startup.HostConfig.deployDirectory Deployment of web application directory [/opt/lms/tomcat/webapps/examples] has finished in [7,511] ms
02-Feb-2026 13:37:35.786 INFO [main] org.apache.catalina.startup.HostConfig.deployDirectory Deploying web application directory [/opt/lms/tomcat/webapps/host-manager]
02-Feb-2026 13:37:36.433 INFO [main] org.apache.catalina.startup.HostConfig.deployDirectory Deployment of web application directory [/opt/lms/tomcat/webapps/host-manager] has finished in [645] ms
02-Feb-2026 13:37:36.434 INFO [main] org.apache.catalina.startup.HostConfig.deployDirectory Deploying web application directory [/opt/lms/tomcat/webapps/docs]
02-Feb-2026 13:37:37.228 INFO [main] org.apache.catalina.startup.HostConfig.deployDirectory Deployment of web application directory [/opt/lms/tomcat/webapps/docs] has finished in [794] ms
02-Feb-2026 13:37:37.385 INFO [main] org.apache.coyote.AbstractProtocol.start Starting ProtocolHandler ["http-nio-8001"]
02-Feb-2026 13:37:37.958 INFO [main] org.apache.catalina.startup.Catalina.start Server startup in [19680] milliseconds
NOTE: Picked up JDK_JAVA_OPTIONS:  --add-opens=java.base/java.lang=ALL-UNNAMED --add-opens=java.base/java.io=ALL-UNNAMED --add-opens=java.base/java.util=ALL-UNNAMED --add-opens=java.base/java.util.concurrent=ALL-UNNAMED --add-opens=java.rmi/sun.rmi.transport=ALL-UNNAMED
02-Feb-2026 13:41:44.191 INFO [main] org.apache.catalina.startup.VersionLoggerListener.log Server version name:   Apache Tomcat/9.0.96
02-Feb-2026 13:41:44.264 INFO [main] org.apache.catalina.startup.VersionLoggerListener.log Server built:          Oct 3 2024 19:44:30 UTC
02-Feb-2026 13:41:44.264 INFO [main] org.apache.catalina.startup.VersionLoggerListener.log Server version number: 9.0.96.0
02-Feb-2026 13:41:44.264 INFO [main] org.apache.catalina.startup.VersionLoggerListener.log OS Name:               Linux
02-Feb-2026 13:41:44.264 INFO [main] org.apache.catalina.startup.VersionLoggerListener.log OS Version:            6.8.0-1044-aws
02-Feb-2026 13:41:44.264 INFO [main] org.apache.catalina.startup.VersionLoggerListener.log Architecture:          amd64
02-Feb-2026 13:41:44.265 INFO [main] org.apache.catalina.startup.VersionLoggerListener.log Java Home:             /usr/lib/jvm/java-11-openjdk-amd64
02-Feb-2026 13:41:44.265 INFO [main] org.apache.catalina.startup.VersionLoggerListener.log JVM Version:           11.0.29+7-post-Ubuntu-1ubuntu122.04
02-Feb-2026 13:41:44.265 INFO [main] org.apache.catalina.startup.VersionLoggerListener.log JVM Vendor:            Ubuntu
02-Feb-2026 13:41:44.265 INFO [main] org.apache.catalina.startup.VersionLoggerListener.log CATALINA_BASE:         /opt/lms/tomcat
02-Feb-2026 13:41:44.265 INFO [main] org.apache.catalina.startup.VersionLoggerListener.log CATALINA_HOME:         /opt/lms/tomcat
02-Feb-2026 13:41:44.741 INFO [main] org.apache.catalina.startup.VersionLoggerListener.log Command line argument: --add-opens=java.base/java.lang=ALL-UNNAMED
02-Feb-2026 13:41:44.744 INFO [main] org.apache.catalina.startup.VersionLoggerListener.log Command line argument: --add-opens=java.base/java.io=ALL-UNNAMED
02-Feb-2026 13:41:44.744 INFO [main] org.apache.catalina.startup.VersionLoggerListener.log Command line argument: --add-opens=java.base/java.util=ALL-UNNAMED
02-Feb-2026 13:41:44.745 INFO [main] org.apache.catalina.startup.VersionLoggerListener.log Command line argument: --add-opens=java.base/java.util.concurrent=ALL-UNNAMED
02-Feb-2026 13:41:44.745 INFO [main] org.apache.catalina.startup.VersionLoggerListener.log Command line argument: --add-opens=java.rmi/sun.rmi.transport=ALL-UNNAMED
02-Feb-2026 13:41:44.745 INFO [main] org.apache.catalina.startup.VersionLoggerListener.log Command line argument: -Djava.util.logging.config.file=/opt/lms/tomcat/conf/logging.properties
02-Feb-2026 13:41:44.745 INFO [main] org.apache.catalina.startup.VersionLoggerListener.log Command line argument: -Djava.util.logging.manager=org.apache.juli.ClassLoaderLogManager
02-Feb-2026 13:41:44.745 INFO [main] org.apache.catalina.startup.VersionLoggerListener.log Command line argument: -Djdk.tls.ephemeralDHKeySize=2048
02-Feb-2026 13:41:44.746 INFO [main] org.apache.catalina.startup.VersionLoggerListener.log Command line argument: -Djava.protocol.handler.pkgs=org.apache.catalina.webresources
02-Feb-2026 13:41:44.746 INFO [main] org.apache.catalina.startup.VersionLoggerListener.log Command line argument: -Dorg.apache.catalina.security.SecurityListener.UMASK=0027
02-Feb-2026 13:41:44.746 INFO [main] org.apache.catalina.startup.VersionLoggerListener.log Command line argument: -Dignore.endorsed.dirs=
02-Feb-2026 13:41:44.746 INFO [main] org.apache.catalina.startup.VersionLoggerListener.log Command line argument: -Dcatalina.base=/opt/lms/tomcat
02-Feb-2026 13:41:44.746 INFO [main] org.apache.catalina.startup.VersionLoggerListener.log Command line argument: -Dcatalina.home=/opt/lms/tomcat
02-Feb-2026 13:41:44.746 INFO [main] org.apache.catalina.startup.VersionLoggerListener.log Command line argument: -Djava.io.tmpdir=/opt/lms/tomcat/temp
02-Feb-2026 13:41:44.826 INFO [main] org.apache.catalina.core.AprLifecycleListener.lifecycleEvent An older version [1.2.31] of the Apache Tomcat Native library is installed, while Tomcat recommends a minimum version of [1.3.0]
02-Feb-2026 13:41:44.827 INFO [main] org.apache.catalina.core.AprLifecycleListener.lifecycleEvent Loaded Apache Tomcat Native library [1.2.31] using APR version [1.7.0].
02-Feb-2026 13:41:44.827 INFO [main] org.apache.catalina.core.AprLifecycleListener.lifecycleEvent APR capabilities: IPv6 [true], sendfile [true], accept filters [false], random [true], UDS [true].
02-Feb-2026 13:41:44.827 INFO [main] org.apache.catalina.core.AprLifecycleListener.lifecycleEvent APR/OpenSSL configuration: useAprConnector [false], useOpenSSL [true]
02-Feb-2026 13:41:44.835 INFO [main] org.apache.catalina.core.AprLifecycleListener.initializeSSL OpenSSL successfully initialized [OpenSSL 3.0.2 15 Mar 2022]
02-Feb-2026 13:41:57.063 INFO [main] org.apache.coyote.AbstractProtocol.init Initializing ProtocolHandler ["http-nio-8001"]
02-Feb-2026 13:41:58.823 INFO [main] org.apache.catalina.startup.Catalina.load Server initialization in [20862] milliseconds
02-Feb-2026 13:42:01.403 INFO [main] org.apache.catalina.core.StandardService.startInternal Starting service [Catalina]
02-Feb-2026 13:42:01.474 INFO [main] org.apache.catalina.core.StandardEngine.startInternal Starting Servlet engine: [Apache Tomcat/9.0.96]
02-Feb-2026 13:42:01.783 INFO [main] org.apache.catalina.startup.HostConfig.deployDirectory Deploying web application directory [/opt/lms/tomcat/webapps/manager]
02-Feb-2026 13:42:15.789 INFO [main] org.apache.catalina.startup.HostConfig.deployDirectory Deployment of web application directory [/opt/lms/tomcat/webapps/manager] has finished in [14,003] ms
02-Feb-2026 13:42:15.790 INFO [main] org.apache.catalina.startup.HostConfig.deployDirectory Deploying web application directory [/opt/lms/tomcat/webapps/examples]
02-Feb-2026 13:42:23.879 INFO [main] org.apache.catalina.startup.HostConfig.deployDirectory Deployment of web application directory [/opt/lms/tomcat/webapps/examples] has finished in [8,090] ms
02-Feb-2026 13:42:23.880 INFO [main] org.apache.catalina.startup.HostConfig.deployDirectory Deploying web application directory [/opt/lms/tomcat/webapps/host-manager]
02-Feb-2026 13:42:24.506 INFO [main] org.apache.catalina.startup.HostConfig.deployDirectory Deployment of web application directory [/opt/lms/tomcat/webapps/host-manager] has finished in [627] ms
02-Feb-2026 13:42:24.506 INFO [main] org.apache.catalina.startup.HostConfig.deployDirectory Deploying web application directory [/opt/lms/tomcat/webapps/docs]
02-Feb-2026 13:42:25.236 INFO [main] org.apache.catalina.startup.HostConfig.deployDirectory Deployment of web application directory [/opt/lms/tomcat/webapps/docs] has finished in [730] ms
02-Feb-2026 13:42:25.627 INFO [main] org.apache.coyote.AbstractProtocol.start Starting ProtocolHandler ["http-nio-8001"]
02-Feb-2026 13:42:26.031 INFO [main] org.apache.catalina.startup.Catalina.start Server startup in [27200] milliseconds
NOTE: Picked up JDK_JAVA_OPTIONS:  --add-opens=java.base/java.lang=ALL-UNNAMED --add-opens=java.base/java.io=ALL-UNNAMED --add-opens=java.base/java.util=ALL-UNNAMED --add-opens=java.base/java.util.concurrent=ALL-UNNAMED --add-opens=java.rmi/sun.rmi.transport=ALL-UNNAMED
02-Feb-2026 13:46:33.495 INFO [main] org.apache.catalina.startup.VersionLoggerListener.log Server version name:   Apache Tomcat/9.0.96
02-Feb-2026 13:46:33.505 INFO [main] org.apache.catalina.startup.VersionLoggerListener.log Server built:          Oct 3 2024 19:44:30 UTC
02-Feb-2026 13:46:33.509 INFO [main] org.apache.catalina.startup.VersionLoggerListener.log Server version number: 9.0.96.0
02-Feb-2026 13:46:33.509 INFO [main] org.apache.catalina.startup.VersionLoggerListener.log OS Name:               Linux
02-Feb-2026 13:46:33.510 INFO [main] org.apache.catalina.startup.VersionLoggerListener.log OS Version:            6.8.0-1044-aws
02-Feb-2026 13:46:33.510 INFO [main] org.apache.catalina.startup.VersionLoggerListener.log Architecture:          amd64
02-Feb-2026 13:46:33.510 INFO [main] org.apache.catalina.startup.VersionLoggerListener.log Java Home:             /usr/lib/jvm/java-11-openjdk-amd64
02-Feb-2026 13:46:33.510 INFO [main] org.apache.catalina.startup.VersionLoggerListener.log JVM Version:           11.0.29+7-post-Ubuntu-1ubuntu122.04
02-Feb-2026 13:46:33.510 INFO [main] org.apache.catalina.startup.VersionLoggerListener.log JVM Vendor:            Ubuntu
02-Feb-2026 13:46:33.510 INFO [main] org.apache.catalina.startup.VersionLoggerListener.log CATALINA_BASE:         /opt/lms/tomcat
02-Feb-2026 13:46:33.510 INFO [main] org.apache.catalina.startup.VersionLoggerListener.log CATALINA_HOME:         /opt/lms/tomcat
02-Feb-2026 13:46:33.600 INFO [main] org.apache.catalina.startup.VersionLoggerListener.log Command line argument: --add-opens=java.base/java.lang=ALL-UNNAMED
02-Feb-2026 13:46:33.601 INFO [main] org.apache.catalina.startup.VersionLoggerListener.log Command line argument: --add-opens=java.base/java.io=ALL-UNNAMED
02-Feb-2026 13:46:33.601 INFO [main] org.apache.catalina.startup.VersionLoggerListener.log Command line argument: --add-opens=java.base/java.util=ALL-UNNAMED
02-Feb-2026 13:46:33.601 INFO [main] org.apache.catalina.startup.VersionLoggerListener.log Command line argument: --add-opens=java.base/java.util.concurrent=ALL-UNNAMED
02-Feb-2026 13:46:33.604 INFO [main] org.apache.catalina.startup.VersionLoggerListener.log Command line argument: --add-opens=java.rmi/sun.rmi.transport=ALL-UNNAMED
02-Feb-2026 13:46:33.604 INFO [main] org.apache.catalina.startup.VersionLoggerListener.log Command line argument: -Djava.util.logging.config.file=/opt/lms/tomcat/conf/logging.properties
02-Feb-2026 13:46:33.604 INFO [main] org.apache.catalina.startup.VersionLoggerListener.log Command line argument: -Djava.util.logging.manager=org.apache.juli.ClassLoaderLogManager
02-Feb-2026 13:46:33.605 INFO [main] org.apache.catalina.startup.VersionLoggerListener.log Command line argument: -Djdk.tls.ephemeralDHKeySize=2048
02-Feb-2026 13:46:33.605 INFO [main] org.apache.catalina.startup.VersionLoggerListener.log Command line argument: -Djava.protocol.handler.pkgs=org.apache.catalina.webresources
02-Feb-2026 13:46:33.605 INFO [main] org.apache.catalina.startup.VersionLoggerListener.log Command line argument: -Dorg.apache.catalina.security.SecurityListener.UMASK=0027
02-Feb-2026 13:46:33.605 INFO [main] org.apache.catalina.startup.VersionLoggerListener.log Command line argument: -Dignore.endorsed.dirs=
02-Feb-2026 13:46:33.605 INFO [main] org.apache.catalina.startup.VersionLoggerListener.log Command line argument: -Dcatalina.base=/opt/lms/tomcat
02-Feb-2026 13:46:33.608 INFO [main] org.apache.catalina.startup.VersionLoggerListener.log Command line argument: -Dcatalina.home=/opt/lms/tomcat
02-Feb-2026 13:46:33.608 INFO [main] org.apache.catalina.startup.VersionLoggerListener.log Command line argument: -Djava.io.tmpdir=/opt/lms/tomcat/temp
02-Feb-2026 13:46:33.643 INFO [main] org.apache.catalina.core.AprLifecycleListener.lifecycleEvent An older version [1.2.31] of the Apache Tomcat Native library is installed, while Tomcat recommends a minimum version of [1.3.0]
02-Feb-2026 13:46:33.644 INFO [main] org.apache.catalina.core.AprLifecycleListener.lifecycleEvent Loaded Apache Tomcat Native library [1.2.31] using APR version [1.7.0].
02-Feb-2026 13:46:33.644 INFO [main] org.apache.catalina.core.AprLifecycleListener.lifecycleEvent APR capabilities: IPv6 [true], sendfile [true], accept filters [false], random [true], UDS [true].
02-Feb-2026 13:46:33.644 INFO [main] org.apache.catalina.core.AprLifecycleListener.lifecycleEvent APR/OpenSSL configuration: useAprConnector [false], useOpenSSL [true]
02-Feb-2026 13:46:33.657 INFO [main] org.apache.catalina.core.AprLifecycleListener.initializeSSL OpenSSL successfully initialized [OpenSSL 3.0.2 15 Mar 2022]
02-Feb-2026 13:46:42.341 INFO [main] org.apache.coyote.AbstractProtocol.init Initializing ProtocolHandler ["http-nio-8001"]
02-Feb-2026 13:46:42.994 INFO [main] org.apache.catalina.startup.Catalina.load Server initialization in [10602] milliseconds
02-Feb-2026 13:46:44.997 INFO [main] org.apache.catalina.core.StandardService.startInternal Starting service [Catalina]
02-Feb-2026 13:46:45.061 INFO [main] org.apache.catalina.core.StandardEngine.startInternal Starting Servlet engine: [Apache Tomcat/9.0.96]
02-Feb-2026 13:46:45.146 INFO [main] org.apache.catalina.startup.HostConfig.deployDirectory Deploying web application directory [/opt/lms/tomcat/webapps/manager]
02-Feb-2026 13:46:53.620 INFO [main] org.apache.catalina.startup.HostConfig.deployDirectory Deployment of web application directory [/opt/lms/tomcat/webapps/manager] has finished in [8,409] ms
02-Feb-2026 13:46:53.621 INFO [main] org.apache.catalina.startup.HostConfig.deployDirectory Deploying web application directory [/opt/lms/tomcat/webapps/examples]
02-Feb-2026 13:46:59.628 INFO [main] org.apache.catalina.startup.HostConfig.deployDirectory Deployment of web application directory [/opt/lms/tomcat/webapps/examples] has finished in [6,007] ms
02-Feb-2026 13:46:59.630 INFO [main] org.apache.catalina.startup.HostConfig.deployDirectory Deploying web application directory [/opt/lms/tomcat/webapps/host-manager]
02-Feb-2026 13:47:00.345 INFO [main] org.apache.catalina.startup.HostConfig.deployDirectory Deployment of web application directory [/opt/lms/tomcat/webapps/host-manager] has finished in [713] ms
02-Feb-2026 13:47:00.346 INFO [main] org.apache.catalina.startup.HostConfig.deployDirectory Deploying web application directory [/opt/lms/tomcat/webapps/docs]
02-Feb-2026 13:47:00.662 INFO [main] org.apache.catalina.startup.HostConfig.deployDirectory Deployment of web application directory [/opt/lms/tomcat/webapps/docs] has finished in [315] ms
02-Feb-2026 13:47:00.668 INFO [main] org.apache.coyote.AbstractProtocol.start Starting ProtocolHandler ["http-nio-8001"]
02-Feb-2026 13:47:00.834 INFO [main] org.apache.catalina.startup.Catalina.start Server startup in [17839] milliseconds
NOTE: Picked up JDK_JAVA_OPTIONS:  --add-opens=java.base/java.lang=ALL-UNNAMED --add-opens=java.base/java.io=ALL-UNNAMED --add-opens=java.base/java.util=ALL-UNNAMED --add-opens=java.base/java.util.concurrent=ALL-UNNAMED --add-opens=java.rmi/sun.rmi.transport=ALL-UNNAMED
02-Feb-2026 13:48:53.068 INFO [main] org.apache.catalina.startup.VersionLoggerListener.log Server version name:   Apache Tomcat/9.0.96
02-Feb-2026 13:48:53.073 INFO [main] org.apache.catalina.startup.VersionLoggerListener.log Server built:          Oct 3 2024 19:44:30 UTC
02-Feb-2026 13:48:53.075 INFO [main] org.apache.catalina.startup.VersionLoggerListener.log Server version number: 9.0.96.0
02-Feb-2026 13:48:53.075 INFO [main] org.apache.catalina.startup.VersionLoggerListener.log OS Name:               Linux
02-Feb-2026 13:48:53.075 INFO [main] org.apache.catalina.startup.VersionLoggerListener.log OS Version:            6.8.0-1044-aws
02-Feb-2026 13:48:53.075 INFO [main] org.apache.catalina.startup.VersionLoggerListener.log Architecture:          amd64
02-Feb-2026 13:48:53.075 INFO [main] org.apache.catalina.startup.VersionLoggerListener.log Java Home:             /usr/lib/jvm/java-11-openjdk-amd64
02-Feb-2026 13:48:53.075 INFO [main] org.apache.catalina.startup.VersionLoggerListener.log JVM Version:           11.0.29+7-post-Ubuntu-1ubuntu122.04
02-Feb-2026 13:48:53.075 INFO [main] org.apache.catalina.startup.VersionLoggerListener.log JVM Vendor:            Ubuntu
02-Feb-2026 13:48:53.141 INFO [main] org.apache.catalina.startup.VersionLoggerListener.log CATALINA_BASE:         /opt/lms/tomcat
02-Feb-2026 13:48:53.141 INFO [main] org.apache.catalina.startup.VersionLoggerListener.log CATALINA_HOME:         /opt/lms/tomcat
02-Feb-2026 13:48:53.626 INFO [main] org.apache.catalina.startup.VersionLoggerListener.log Command line argument: --add-opens=java.base/java.lang=ALL-UNNAMED
02-Feb-2026 13:48:53.629 INFO [main] org.apache.catalina.startup.VersionLoggerListener.log Command line argument: --add-opens=java.base/java.io=ALL-UNNAMED
02-Feb-2026 13:48:53.629 INFO [main] org.apache.catalina.startup.VersionLoggerListener.log Command line argument: --add-opens=java.base/java.util=ALL-UNNAMED
02-Feb-2026 13:48:53.630 INFO [main] org.apache.catalina.startup.VersionLoggerListener.log Command line argument: --add-opens=java.base/java.util.concurrent=ALL-UNNAMED
02-Feb-2026 13:48:53.630 INFO [main] org.apache.catalina.startup.VersionLoggerListener.log Command line argument: --add-opens=java.rmi/sun.rmi.transport=ALL-UNNAMED
02-Feb-2026 13:48:53.630 INFO [main] org.apache.catalina.startup.VersionLoggerListener.log Command line argument: -Djava.util.logging.config.file=/opt/lms/tomcat/conf/logging.properties
02-Feb-2026 13:48:53.630 INFO [main] org.apache.catalina.startup.VersionLoggerListener.log Command line argument: -Djava.util.logging.manager=org.apache.juli.ClassLoaderLogManager
02-Feb-2026 13:48:53.630 INFO [main] org.apache.catalina.startup.VersionLoggerListener.log Command line argument: -Djdk.tls.ephemeralDHKeySize=2048
02-Feb-2026 13:48:53.630 INFO [main] org.apache.catalina.startup.VersionLoggerListener.log Command line argument: -Djava.protocol.handler.pkgs=org.apache.catalina.webresources
02-Feb-2026 13:48:53.630 INFO [main] org.apache.catalina.startup.VersionLoggerListener.log Command line argument: -Dorg.apache.catalina.security.SecurityListener.UMASK=0027
02-Feb-2026 13:48:53.630 INFO [main] org.apache.catalina.startup.VersionLoggerListener.log Command line argument: -Dignore.endorsed.dirs=
02-Feb-2026 13:48:53.631 INFO [main] org.apache.catalina.startup.VersionLoggerListener.log Command line argument: -Dcatalina.base=/opt/lms/tomcat
02-Feb-2026 13:48:53.631 INFO [main] org.apache.catalina.startup.VersionLoggerListener.log Command line argument: -Dcatalina.home=/opt/lms/tomcat
02-Feb-2026 13:48:53.631 INFO [main] org.apache.catalina.startup.VersionLoggerListener.log Command line argument: -Djava.io.tmpdir=/opt/lms/tomcat/temp
02-Feb-2026 13:48:53.781 INFO [main] org.apache.catalina.core.AprLifecycleListener.lifecycleEvent An older version [1.2.31] of the Apache Tomcat Native library is installed, while Tomcat recommends a minimum version of [1.3.0]
02-Feb-2026 13:48:53.782 INFO [main] org.apache.catalina.core.AprLifecycleListener.lifecycleEvent Loaded Apache Tomcat Native library [1.2.31] using APR version [1.7.0].
02-Feb-2026 13:48:53.782 INFO [main] org.apache.catalina.core.AprLifecycleListener.lifecycleEvent APR capabilities: IPv6 [true], sendfile [true], accept filters [false], random [true], UDS [true].
02-Feb-2026 13:48:53.786 INFO [main] org.apache.catalina.core.AprLifecycleListener.lifecycleEvent APR/OpenSSL configuration: useAprConnector [false], useOpenSSL [true]
02-Feb-2026 13:48:53.873 INFO [main] org.apache.catalina.core.AprLifecycleListener.initializeSSL OpenSSL successfully initialized [OpenSSL 3.0.2 15 Mar 2022]
02-Feb-2026 13:49:08.593 INFO [main] org.apache.coyote.AbstractProtocol.init Initializing ProtocolHandler ["http-nio-8001"]
02-Feb-2026 13:49:09.548 INFO [main] org.apache.catalina.startup.Catalina.load Server initialization in [25674] milliseconds
02-Feb-2026 13:49:11.716 INFO [main] org.apache.catalina.core.StandardService.startInternal Starting service [Catalina]
02-Feb-2026 13:49:11.716 INFO [main] org.apache.catalina.core.StandardEngine.startInternal Starting Servlet engine: [Apache Tomcat/9.0.96]
02-Feb-2026 13:49:11.879 INFO [main] org.apache.catalina.startup.HostConfig.deployDirectory Deploying web application directory [/opt/lms/tomcat/webapps/manager]
02-Feb-2026 13:49:23.944 WARNING [main] org.apache.catalina.util.SessionIdGeneratorBase.createSecureRandom Creation of SecureRandom instance for session ID generation using [SHA1PRNG] took [154] milliseconds.
02-Feb-2026 13:49:24.822 INFO [main] org.apache.catalina.startup.HostConfig.deployDirectory Deployment of web application directory [/opt/lms/tomcat/webapps/manager] has finished in [12,943] ms
02-Feb-2026 13:49:24.824 INFO [main] org.apache.catalina.startup.HostConfig.deployDirectory Deploying web application directory [/opt/lms/tomcat/webapps/examples]
02-Feb-2026 13:49:33.387 INFO [main] org.apache.catalina.startup.HostConfig.deployDirectory Deployment of web application directory [/opt/lms/tomcat/webapps/examples] has finished in [8,562] ms
02-Feb-2026 13:49:33.390 INFO [main] org.apache.catalina.startup.HostConfig.deployDirectory Deploying web application directory [/opt/lms/tomcat/webapps/host-manager]
02-Feb-2026 13:49:34.512 INFO [main] org.apache.catalina.startup.HostConfig.deployDirectory Deployment of web application directory [/opt/lms/tomcat/webapps/host-manager] has finished in [1,122] ms
02-Feb-2026 13:49:34.512 INFO [main] org.apache.catalina.startup.HostConfig.deployDirectory Deploying web application directory [/opt/lms/tomcat/webapps/docs]
02-Feb-2026 13:49:35.318 INFO [main] org.apache.catalina.startup.HostConfig.deployDirectory Deployment of web application directory [/opt/lms/tomcat/webapps/docs] has finished in [806] ms
02-Feb-2026 13:49:35.460 INFO [main] org.apache.coyote.AbstractProtocol.start Starting ProtocolHandler ["http-nio-8001"]
02-Feb-2026 13:49:36.038 INFO [main] org.apache.catalina.startup.Catalina.start Server startup in [26488] milliseconds
NOTE: Picked up JDK_JAVA_OPTIONS:  --add-opens=java.base/java.lang=ALL-UNNAMED --add-opens=java.base/java.io=ALL-UNNAMED --add-opens=java.base/java.util=ALL-UNNAMED --add-opens=java.base/java.util.concurrent=ALL-UNNAMED --add-opens=java.rmi/sun.rmi.transport=ALL-UNNAMED
02-Feb-2026 13:50:05.151 INFO [main] org.apache.catalina.startup.VersionLoggerListener.log Server version name:   Apache Tomcat/9.0.96
02-Feb-2026 13:50:05.155 INFO [main] org.apache.catalina.startup.VersionLoggerListener.log Server built:          Oct 3 2024 19:44:30 UTC
02-Feb-2026 13:50:05.155 INFO [main] org.apache.catalina.startup.VersionLoggerListener.log Server version number: 9.0.96.0
02-Feb-2026 13:50:05.155 INFO [main] org.apache.catalina.startup.VersionLoggerListener.log OS Name:               Linux
02-Feb-2026 13:50:05.155 INFO [main] org.apache.catalina.startup.VersionLoggerListener.log OS Version:            6.8.0-1044-aws
02-Feb-2026 13:50:05.155 INFO [main] org.apache.catalina.startup.VersionLoggerListener.log Architecture:          amd64
02-Feb-2026 13:50:05.156 INFO [main] org.apache.catalina.startup.VersionLoggerListener.log Java Home:             /usr/lib/jvm/java-11-openjdk-amd64
02-Feb-2026 13:50:05.156 INFO [main] org.apache.catalina.startup.VersionLoggerListener.log JVM Version:           11.0.29+7-post-Ubuntu-1ubuntu122.04
02-Feb-2026 13:50:05.156 INFO [main] org.apache.catalina.startup.VersionLoggerListener.log JVM Vendor:            Ubuntu
02-Feb-2026 13:50:05.156 INFO [main] org.apache.catalina.startup.VersionLoggerListener.log CATALINA_BASE:         /opt/lms/tomcat
02-Feb-2026 13:50:05.156 INFO [main] org.apache.catalina.startup.VersionLoggerListener.log CATALINA_HOME:         /opt/lms/tomcat
02-Feb-2026 13:50:05.393 INFO [main] org.apache.catalina.startup.VersionLoggerListener.log Command line argument: --add-opens=java.base/java.lang=ALL-UNNAMED
02-Feb-2026 13:50:05.461 INFO [main] org.apache.catalina.startup.VersionLoggerListener.log Command line argument: --add-opens=java.base/java.io=ALL-UNNAMED
02-Feb-2026 13:50:05.461 INFO [main] org.apache.catalina.startup.VersionLoggerListener.log Command line argument: --add-opens=java.base/java.util=ALL-UNNAMED
02-Feb-2026 13:50:05.461 INFO [main] org.apache.catalina.startup.VersionLoggerListener.log Command line argument: --add-opens=java.base/java.util.concurrent=ALL-UNNAMED
02-Feb-2026 13:50:05.461 INFO [main] org.apache.catalina.startup.VersionLoggerListener.log Command line argument: --add-opens=java.rmi/sun.rmi.transport=ALL-UNNAMED
02-Feb-2026 13:50:05.461 INFO [main] org.apache.catalina.startup.VersionLoggerListener.log Command line argument: -Djava.util.logging.config.file=/opt/lms/tomcat/conf/logging.properties
02-Feb-2026 13:50:05.461 INFO [main] org.apache.catalina.startup.VersionLoggerListener.log Command line argument: -Djava.util.logging.manager=org.apache.juli.ClassLoaderLogManager
02-Feb-2026 13:50:05.462 INFO [main] org.apache.catalina.startup.VersionLoggerListener.log Command line argument: -Djdk.tls.ephemeralDHKeySize=2048
02-Feb-2026 13:50:05.462 INFO [main] org.apache.catalina.startup.VersionLoggerListener.log Command line argument: -Djava.protocol.handler.pkgs=org.apache.catalina.webresources
02-Feb-2026 13:50:05.462 INFO [main] org.apache.catalina.startup.VersionLoggerListener.log Command line argument: -Dorg.apache.catalina.security.SecurityListener.UMASK=0027
02-Feb-2026 13:50:05.462 INFO [main] org.apache.catalina.startup.VersionLoggerListener.log Command line argument: -Dignore.endorsed.dirs=
02-Feb-2026 13:50:05.462 INFO [main] org.apache.catalina.startup.VersionLoggerListener.log Command line argument: -Dcatalina.base=/opt/lms/tomcat
02-Feb-2026 13:50:05.462 INFO [main] org.apache.catalina.startup.VersionLoggerListener.log Command line argument: -Dcatalina.home=/opt/lms/tomcat
02-Feb-2026 13:50:05.462 INFO [main] org.apache.catalina.startup.VersionLoggerListener.log Command line argument: -Djava.io.tmpdir=/opt/lms/tomcat/temp
02-Feb-2026 13:50:05.471 INFO [main] org.apache.catalina.core.AprLifecycleListener.lifecycleEvent An older version [1.2.31] of the Apache Tomcat Native library is installed, while Tomcat recommends a minimum version of [1.3.0]
02-Feb-2026 13:50:05.473 INFO [main] org.apache.catalina.core.AprLifecycleListener.lifecycleEvent Loaded Apache Tomcat Native library [1.2.31] using APR version [1.7.0].
02-Feb-2026 13:50:05.473 INFO [main] org.apache.catalina.core.AprLifecycleListener.lifecycleEvent APR capabilities: IPv6 [true], sendfile [true], accept filters [false], random [true], UDS [true].
02-Feb-2026 13:50:05.473 INFO [main] org.apache.catalina.core.AprLifecycleListener.lifecycleEvent APR/OpenSSL configuration: useAprConnector [false], useOpenSSL [true]
02-Feb-2026 13:50:05.621 INFO [main] org.apache.catalina.core.AprLifecycleListener.initializeSSL OpenSSL successfully initialized [OpenSSL 3.0.2 15 Mar 2022]
02-Feb-2026 13:50:18.821 INFO [main] org.apache.coyote.AbstractProtocol.init Initializing ProtocolHandler ["http-nio-8001"]
02-Feb-2026 13:50:20.672 INFO [main] org.apache.catalina.startup.Catalina.load Server initialization in [21836] milliseconds
02-Feb-2026 13:50:24.513 INFO [main] org.apache.catalina.core.StandardService.startInternal Starting service [Catalina]
02-Feb-2026 13:50:24.513 INFO [main] org.apache.catalina.core.StandardEngine.startInternal Starting Servlet engine: [Apache Tomcat/9.0.96]
02-Feb-2026 13:50:25.233 INFO [main] org.apache.catalina.startup.HostConfig.deployDirectory Deploying web application directory [/opt/lms/tomcat/webapps/manager]
02-Feb-2026 13:50:46.026 WARNING [main] org.apache.catalina.util.SessionIdGeneratorBase.createSecureRandom Creation of SecureRandom instance for session ID generation using [SHA1PRNG] took [391] milliseconds.
02-Feb-2026 13:50:47.712 INFO [main] org.apache.catalina.startup.HostConfig.deployDirectory Deployment of web application directory [/opt/lms/tomcat/webapps/manager] has finished in [22,479] ms
02-Feb-2026 13:50:47.714 INFO [main] org.apache.catalina.startup.HostConfig.deployDirectory Deploying web application directory [/opt/lms/tomcat/webapps/examples]
02-Feb-2026 13:51:06.913 INFO [main] org.apache.catalina.startup.HostConfig.deployDirectory Deployment of web application directory [/opt/lms/tomcat/webapps/examples] has finished in [19,189] ms
02-Feb-2026 13:51:06.914 INFO [main] org.apache.catalina.startup.HostConfig.deployDirectory Deploying web application directory [/opt/lms/tomcat/webapps/host-manager]
02-Feb-2026 13:51:08.347 INFO [main] org.apache.catalina.startup.HostConfig.deployDirectory Deployment of web application directory [/opt/lms/tomcat/webapps/host-manager] has finished in [1,433] ms
02-Feb-2026 13:51:08.347 INFO [main] org.apache.catalina.startup.HostConfig.deployDirectory Deploying web application directory [/opt/lms/tomcat/webapps/docs]
02-Feb-2026 13:51:08.592 INFO [main] org.apache.catalina.startup.HostConfig.deployDirectory Deployment of web application directory [/opt/lms/tomcat/webapps/docs] has finished in [245] ms
02-Feb-2026 13:51:08.831 INFO [main] org.apache.coyote.AbstractProtocol.start Starting ProtocolHandler ["http-nio-8001"]
02-Feb-2026 13:51:10.184 INFO [main] org.apache.catalina.startup.Catalina.start Server startup in [49442] milliseconds
NOTE: Picked up JDK_JAVA_OPTIONS:  --add-opens=java.base/java.lang=ALL-UNNAMED --add-opens=java.base/java.io=ALL-UNNAMED --add-opens=java.base/java.util=ALL-UNNAMED --add-opens=java.base/java.util.concurrent=ALL-UNNAMED --add-opens=java.rmi/sun.rmi.transport=ALL-UNNAMED
02-Feb-2026 14:01:07.226 INFO [main] org.apache.catalina.startup.VersionLoggerListener.log Server version name:   Apache Tomcat/9.0.96
02-Feb-2026 14:01:07.230 INFO [main] org.apache.catalina.startup.VersionLoggerListener.log Server built:          Oct 3 2024 19:44:30 UTC
02-Feb-2026 14:01:07.230 INFO [main] org.apache.catalina.startup.VersionLoggerListener.log Server version number: 9.0.96.0
02-Feb-2026 14:01:07.230 INFO [main] org.apache.catalina.startup.VersionLoggerListener.log OS Name:               Linux
02-Feb-2026 14:01:07.231 INFO [main] org.apache.catalina.startup.VersionLoggerListener.log OS Version:            6.8.0-1044-aws
02-Feb-2026 14:01:07.231 INFO [main] org.apache.catalina.startup.VersionLoggerListener.log Architecture:          amd64
02-Feb-2026 14:01:07.231 INFO [main] org.apache.catalina.startup.VersionLoggerListener.log Java Home:             /usr/lib/jvm/java-11-openjdk-amd64
02-Feb-2026 14:01:07.232 INFO [main] org.apache.catalina.startup.VersionLoggerListener.log JVM Version:           11.0.29+7-post-Ubuntu-1ubuntu122.04
02-Feb-2026 14:01:07.232 INFO [main] org.apache.catalina.startup.VersionLoggerListener.log JVM Vendor:            Ubuntu
02-Feb-2026 14:01:07.232 INFO [main] org.apache.catalina.startup.VersionLoggerListener.log CATALINA_BASE:         /opt/lms/tomcat
02-Feb-2026 14:01:07.232 INFO [main] org.apache.catalina.startup.VersionLoggerListener.log CATALINA_HOME:         /opt/lms/tomcat
02-Feb-2026 14:01:07.279 INFO [main] org.apache.catalina.startup.VersionLoggerListener.log Command line argument: --add-opens=java.base/java.lang=ALL-UNNAMED
02-Feb-2026 14:01:07.279 INFO [main] org.apache.catalina.startup.VersionLoggerListener.log Command line argument: --add-opens=java.base/java.io=ALL-UNNAMED
02-Feb-2026 14:01:07.279 INFO [main] org.apache.catalina.startup.VersionLoggerListener.log Command line argument: --add-opens=java.base/java.util=ALL-UNNAMED
02-Feb-2026 14:01:07.279 INFO [main] org.apache.catalina.startup.VersionLoggerListener.log Command line argument: --add-opens=java.base/java.util.concurrent=ALL-UNNAMED
02-Feb-2026 14:01:07.280 INFO [main] org.apache.catalina.startup.VersionLoggerListener.log Command line argument: --add-opens=java.rmi/sun.rmi.transport=ALL-UNNAMED
02-Feb-2026 14:01:07.280 INFO [main] org.apache.catalina.startup.VersionLoggerListener.log Command line argument: -Djava.util.logging.config.file=/opt/lms/tomcat/conf/logging.properties
02-Feb-2026 14:01:07.280 INFO [main] org.apache.catalina.startup.VersionLoggerListener.log Command line argument: -Djava.util.logging.manager=org.apache.juli.ClassLoaderLogManager
02-Feb-2026 14:01:07.280 INFO [main] org.apache.catalina.startup.VersionLoggerListener.log Command line argument: -Djdk.tls.ephemeralDHKeySize=2048
02-Feb-2026 14:01:07.280 INFO [main] org.apache.catalina.startup.VersionLoggerListener.log Command line argument: -Djava.protocol.handler.pkgs=org.apache.catalina.webresources
02-Feb-2026 14:01:07.280 INFO [main] org.apache.catalina.startup.VersionLoggerListener.log Command line argument: -Dorg.apache.catalina.security.SecurityListener.UMASK=0027
02-Feb-2026 14:01:07.281 INFO [main] org.apache.catalina.startup.VersionLoggerListener.log Command line argument: -Dignore.endorsed.dirs=
02-Feb-2026 14:01:07.281 INFO [main] org.apache.catalina.startup.VersionLoggerListener.log Command line argument: -Dcatalina.base=/opt/lms/tomcat
02-Feb-2026 14:01:07.281 INFO [main] org.apache.catalina.startup.VersionLoggerListener.log Command line argument: -Dcatalina.home=/opt/lms/tomcat
02-Feb-2026 14:01:07.281 INFO [main] org.apache.catalina.startup.VersionLoggerListener.log Command line argument: -Djava.io.tmpdir=/opt/lms/tomcat/temp
02-Feb-2026 14:01:07.297 INFO [main] org.apache.catalina.core.AprLifecycleListener.lifecycleEvent An older version [1.2.31] of the Apache Tomcat Native library is installed, while Tomcat recommends a minimum version of [1.3.0]
02-Feb-2026 14:01:07.298 INFO [main] org.apache.catalina.core.AprLifecycleListener.lifecycleEvent Loaded Apache Tomcat Native library [1.2.31] using APR version [1.7.0].
02-Feb-2026 14:01:07.298 INFO [main] org.apache.catalina.core.AprLifecycleListener.lifecycleEvent APR capabilities: IPv6 [true], sendfile [true], accept filters [false], random [true], UDS [true].
02-Feb-2026 14:01:07.298 INFO [main] org.apache.catalina.core.AprLifecycleListener.lifecycleEvent APR/OpenSSL configuration: useAprConnector [false], useOpenSSL [true]
02-Feb-2026 14:01:07.321 INFO [main] org.apache.catalina.core.AprLifecycleListener.initializeSSL OpenSSL successfully initialized [OpenSSL 3.0.2 15 Mar 2022]
02-Feb-2026 14:01:07.888 INFO [main] org.apache.coyote.AbstractProtocol.init Initializing ProtocolHandler ["http-nio-8001"]
02-Feb-2026 14:01:07.946 INFO [main] org.apache.catalina.startup.Catalina.load Server initialization in [1165] milliseconds
02-Feb-2026 14:01:08.131 INFO [main] org.apache.catalina.core.StandardService.startInternal Starting service [Catalina]
02-Feb-2026 14:01:08.135 INFO [main] org.apache.catalina.core.StandardEngine.startInternal Starting Servlet engine: [Apache Tomcat/9.0.96]
02-Feb-2026 14:01:08.170 INFO [main] org.apache.catalina.startup.HostConfig.deployDirectory Deploying web application directory [/opt/lms/tomcat/webapps/manager]
02-Feb-2026 14:01:13.064 INFO [main] org.apache.catalina.startup.HostConfig.deployDirectory Deployment of web application directory [/opt/lms/tomcat/webapps/manager] has finished in [4,893] ms
02-Feb-2026 14:01:13.065 INFO [main] org.apache.catalina.startup.HostConfig.deployDirectory Deploying web application directory [/opt/lms/tomcat/webapps/examples]
02-Feb-2026 14:01:18.822 INFO [main] org.apache.catalina.startup.HostConfig.deployDirectory Deployment of web application directory [/opt/lms/tomcat/webapps/examples] has finished in [5,757] ms
02-Feb-2026 14:01:18.822 INFO [main] org.apache.catalina.startup.HostConfig.deployDirectory Deploying web application directory [/opt/lms/tomcat/webapps/host-manager]
02-Feb-2026 14:01:19.389 INFO [main] org.apache.catalina.startup.HostConfig.deployDirectory Deployment of web application directory [/opt/lms/tomcat/webapps/host-manager] has finished in [567] ms
02-Feb-2026 14:01:19.390 INFO [main] org.apache.catalina.startup.HostConfig.deployDirectory Deploying web application directory [/opt/lms/tomcat/webapps/docs]
02-Feb-2026 14:01:19.785 INFO [main] org.apache.catalina.startup.HostConfig.deployDirectory Deployment of web application directory [/opt/lms/tomcat/webapps/docs] has finished in [394] ms
02-Feb-2026 14:01:19.942 INFO [main] org.apache.coyote.AbstractProtocol.start Starting ProtocolHandler ["http-nio-8001"]
02-Feb-2026 14:01:20.108 INFO [main] org.apache.catalina.startup.Catalina.start Server startup in [12161] milliseconds
02-Feb-2026 14:02:10.108 INFO [main] org.apache.catalina.core.StandardServer.await A valid shutdown command was received via the shutdown port. Stopping the Server instance.
02-Feb-2026 14:02:10.111 INFO [main] org.apache.coyote.AbstractProtocol.pause Pausing ProtocolHandler ["http-nio-8001"]
02-Feb-2026 14:02:10.433 INFO [main] org.apache.catalina.core.StandardService.stopInternal Stopping service [Catalina]
