21-Jan-2026 05:49:27.164 INFO [main] org.apache.catalina.startup.VersionLoggerListener.log Server version name:   Apache Tomcat/9.0.96
21-Jan-2026 05:49:27.173 INFO [main] org.apache.catalina.startup.VersionLoggerListener.log Server built:          Oct 3 2024 19:44:30 UTC
21-Jan-2026 05:49:27.174 INFO [main] org.apache.catalina.startup.VersionLoggerListener.log Server version number: 9.0.96.0
21-Jan-2026 05:49:27.174 INFO [main] org.apache.catalina.startup.VersionLoggerListener.log OS Name:               Linux
21-Jan-2026 05:49:27.174 INFO [main] org.apache.catalina.startup.VersionLoggerListener.log OS Version:            6.8.0-1044-aws
21-Jan-2026 05:49:27.174 INFO [main] org.apache.catalina.startup.VersionLoggerListener.log Architecture:          amd64
21-Jan-2026 05:49:27.174 INFO [main] org.apache.catalina.startup.VersionLoggerListener.log Java Home:             /usr/lib/jvm/java-11-openjdk-amd64
21-Jan-2026 05:49:27.174 INFO [main] org.apache.catalina.startup.VersionLoggerListener.log JVM Version:           11.0.29+7-post-Ubuntu-1ubuntu122.04
21-Jan-2026 05:49:27.175 INFO [main] org.apache.catalina.startup.VersionLoggerListener.log JVM Vendor:            Ubuntu
21-Jan-2026 05:49:27.175 INFO [main] org.apache.catalina.startup.VersionLoggerListener.log CATALINA_BASE:         /opt/lms/tomcat
21-Jan-2026 05:49:27.175 INFO [main] org.apache.catalina.startup.VersionLoggerListener.log CATALINA_HOME:         /opt/lms/tomcat
21-Jan-2026 05:49:27.236 INFO [main] org.apache.catalina.startup.VersionLoggerListener.log Command line argument: --add-opens=java.base/java.lang=ALL-UNNAMED
21-Jan-2026 05:49:27.236 INFO [main] org.apache.catalina.startup.VersionLoggerListener.log Command line argument: --add-opens=java.base/java.io=ALL-UNNAMED
21-Jan-2026 05:49:27.236 INFO [main] org.apache.catalina.startup.VersionLoggerListener.log Command line argument: --add-opens=java.base/java.util=ALL-UNNAMED
21-Jan-2026 05:49:27.237 INFO [main] org.apache.catalina.startup.VersionLoggerListener.log Command line argument: --add-opens=java.base/java.util.concurrent=ALL-UNNAMED
21-Jan-2026 05:49:27.237 INFO [main] org.apache.catalina.startup.VersionLoggerListener.log Command line argument: --add-opens=java.rmi/sun.rmi.transport=ALL-UNNAMED
21-Jan-2026 05:49:27.237 INFO [main] org.apache.catalina.startup.VersionLoggerListener.log Command line argument: -Djava.util.logging.config.file=/opt/lms/tomcat/conf/logging.properties
21-Jan-2026 05:49:27.237 INFO [main] org.apache.catalina.startup.VersionLoggerListener.log Command line argument: -Djava.util.logging.manager=org.apache.juli.ClassLoaderLogManager
21-Jan-2026 05:49:27.237 INFO [main] org.apache.catalina.startup.VersionLoggerListener.log Command line argument: -Djdk.tls.ephemeralDHKeySize=2048
21-Jan-2026 05:49:27.237 INFO [main] org.apache.catalina.startup.VersionLoggerListener.log Command line argument: -Djava.protocol.handler.pkgs=org.apache.catalina.webresources
21-Jan-2026 05:49:27.237 INFO [main] org.apache.catalina.startup.VersionLoggerListener.log Command line argument: -Dorg.apache.catalina.security.SecurityListener.UMASK=0027
21-Jan-2026 05:49:27.237 INFO [main] org.apache.catalina.startup.VersionLoggerListener.log Command line argument: -Dignore.endorsed.dirs=
21-Jan-2026 05:49:27.238 INFO [main] org.apache.catalina.startup.VersionLoggerListener.log Command line argument: -Dcatalina.base=/opt/lms/tomcat
21-Jan-2026 05:49:27.238 INFO [main] org.apache.catalina.startup.VersionLoggerListener.log Command line argument: -Dcatalina.home=/opt/lms/tomcat
21-Jan-2026 05:49:27.238 INFO [main] org.apache.catalina.startup.VersionLoggerListener.log Command line argument: -Djava.io.tmpdir=/opt/lms/tomcat/temp
21-Jan-2026 05:49:27.264 INFO [main] org.apache.catalina.core.AprLifecycleListener.lifecycleEvent An older version [1.2.31] of the Apache Tomcat Native library is installed, while Tomcat recommends a minimum version of [1.3.0]
21-Jan-2026 05:49:27.268 INFO [main] org.apache.catalina.core.AprLifecycleListener.lifecycleEvent Loaded Apache Tomcat Native library [1.2.31] using APR version [1.7.0].
21-Jan-2026 05:49:27.269 INFO [main] org.apache.catalina.core.AprLifecycleListener.lifecycleEvent APR capabilities: IPv6 [true], sendfile [true], accept filters [false], random [true], UDS [true].
21-Jan-2026 05:49:27.269 INFO [main] org.apache.catalina.core.AprLifecycleListener.lifecycleEvent APR/OpenSSL configuration: useAprConnector [false], useOpenSSL [true]
21-Jan-2026 05:49:27.287 INFO [main] org.apache.catalina.core.AprLifecycleListener.initializeSSL OpenSSL successfully initialized [OpenSSL 3.0.2 15 Mar 2022]
21-Jan-2026 05:49:28.670 INFO [main] org.apache.coyote.AbstractProtocol.init Initializing ProtocolHandler ["http-nio-8001"]
21-Jan-2026 05:49:28.787 INFO [main] org.apache.catalina.startup.Catalina.load Server initialization in [2773] milliseconds
21-Jan-2026 05:49:29.008 INFO [main] org.apache.catalina.core.StandardService.startInternal Starting service [Catalina]
21-Jan-2026 05:49:29.010 INFO [main] org.apache.catalina.core.StandardEngine.startInternal Starting Servlet engine: [Apache Tomcat/9.0.96]
21-Jan-2026 05:49:29.063 INFO [main] org.apache.catalina.startup.HostConfig.deployWAR Deploying web application archive [/opt/lms/tomcat/webapps/ROOT.war]
21-Jan-2026 05:49:30.212 INFO [main] org.apache.catalina.startup.HostConfig.deployWAR Deployment of web application archive [/opt/lms/tomcat/webapps/ROOT.war] has finished in [1,148] ms
21-Jan-2026 05:49:30.216 INFO [main] org.apache.catalina.startup.HostConfig.deployDirectory Deploying web application directory [/opt/lms/tomcat/webapps/manager]
21-Jan-2026 05:49:30.360 INFO [main] org.apache.catalina.startup.HostConfig.deployDirectory Deployment of web application directory [/opt/lms/tomcat/webapps/manager] has finished in [144] ms
21-Jan-2026 05:49:30.361 INFO [main] org.apache.catalina.startup.HostConfig.deployDirectory Deploying web application directory [/opt/lms/tomcat/webapps/examples]
21-Jan-2026 05:49:31.218 INFO [main] org.apache.catalina.startup.HostConfig.deployDirectory Deployment of web application directory [/opt/lms/tomcat/webapps/examples] has finished in [857] ms
21-Jan-2026 05:49:31.218 INFO [main] org.apache.catalina.startup.HostConfig.deployDirectory Deploying web application directory [/opt/lms/tomcat/webapps/host-manager]
21-Jan-2026 05:49:31.310 INFO [main] org.apache.catalina.startup.HostConfig.deployDirectory Deployment of web application directory [/opt/lms/tomcat/webapps/host-manager] has finished in [92] ms
21-Jan-2026 05:49:31.312 INFO [main] org.apache.catalina.startup.HostConfig.deployDirectory Deploying web application directory [/opt/lms/tomcat/webapps/docs]
21-Jan-2026 05:49:31.367 INFO [main] org.apache.catalina.startup.HostConfig.deployDirectory Deployment of web application directory [/opt/lms/tomcat/webapps/docs] has finished in [54] ms
21-Jan-2026 05:49:31.377 INFO [main] org.apache.coyote.AbstractProtocol.start Starting ProtocolHandler ["http-nio-8001"]
21-Jan-2026 05:49:31.461 INFO [main] org.apache.catalina.startup.Catalina.start Server startup in [2673] milliseconds
21-Jan-2026 09:20:34.195 INFO [main] org.apache.catalina.core.StandardServer.await A valid shutdown command was received via the shutdown port. Stopping the Server instance.
21-Jan-2026 09:20:34.242 INFO [main] org.apache.coyote.AbstractProtocol.pause Pausing ProtocolHandler ["http-nio-8001"]
21-Jan-2026 09:20:34.311 INFO [main] org.apache.catalina.core.StandardService.stopInternal Stopping service [Catalina]
21-Jan-2026 09:20:34.534 INFO [main] org.apache.coyote.AbstractProtocol.stop Stopping ProtocolHandler ["http-nio-8001"]
21-Jan-2026 09:20:34.584 INFO [main] org.apache.coyote.AbstractProtocol.destroy Destroying ProtocolHandler ["http-nio-8001"]
21-Jan-2026 09:20:34.817 INFO [main] org.apache.catalina.startup.VersionLoggerListener.log Server version name:   Apache Tomcat/9.0.96
21-Jan-2026 09:20:34.826 INFO [main] org.apache.catalina.startup.VersionLoggerListener.log Server built:          Oct 3 2024 19:44:30 UTC
21-Jan-2026 09:20:34.826 INFO [main] org.apache.catalina.startup.VersionLoggerListener.log Server version number: 9.0.96.0
21-Jan-2026 09:20:34.828 INFO [main] org.apache.catalina.startup.VersionLoggerListener.log OS Name:               Linux
21-Jan-2026 09:20:34.828 INFO [main] org.apache.catalina.startup.VersionLoggerListener.log OS Version:            6.8.0-1044-aws
21-Jan-2026 09:20:34.828 INFO [main] org.apache.catalina.startup.VersionLoggerListener.log Architecture:          amd64
21-Jan-2026 09:20:34.828 INFO [main] org.apache.catalina.startup.VersionLoggerListener.log Java Home:             /usr/lib/jvm/java-17-openjdk-amd64
21-Jan-2026 09:20:34.828 INFO [main] org.apache.catalina.startup.VersionLoggerListener.log JVM Version:           17.0.17+10-Ubuntu-122.04
21-Jan-2026 09:20:34.828 INFO [main] org.apache.catalina.startup.VersionLoggerListener.log JVM Vendor:            Ubuntu
21-Jan-2026 09:20:34.829 INFO [main] org.apache.catalina.startup.VersionLoggerListener.log CATALINA_BASE:         /opt/lms/tomcat
21-Jan-2026 09:20:34.829 INFO [main] org.apache.catalina.startup.VersionLoggerListener.log CATALINA_HOME:         /opt/lms/tomcat
21-Jan-2026 09:20:34.862 INFO [main] org.apache.catalina.startup.VersionLoggerListener.log Command line argument: --add-opens=java.base/java.lang=ALL-UNNAMED
21-Jan-2026 09:20:34.863 INFO [main] org.apache.catalina.startup.VersionLoggerListener.log Command line argument: --add-opens=java.base/java.io=ALL-UNNAMED
21-Jan-2026 09:20:34.863 INFO [main] org.apache.catalina.startup.VersionLoggerListener.log Command line argument: --add-opens=java.base/java.util=ALL-UNNAMED
21-Jan-2026 09:20:34.864 INFO [main] org.apache.catalina.startup.VersionLoggerListener.log Command line argument: --add-opens=java.base/java.util.concurrent=ALL-UNNAMED
21-Jan-2026 09:20:34.864 INFO [main] org.apache.catalina.startup.VersionLoggerListener.log Command line argument: --add-opens=java.rmi/sun.rmi.transport=ALL-UNNAMED
21-Jan-2026 09:20:34.864 INFO [main] org.apache.catalina.startup.VersionLoggerListener.log Command line argument: -Djava.util.logging.config.file=/opt/lms/tomcat/conf/logging.properties
21-Jan-2026 09:20:34.864 INFO [main] org.apache.catalina.startup.VersionLoggerListener.log Command line argument: -Djava.util.logging.manager=org.apache.juli.ClassLoaderLogManager
21-Jan-2026 09:20:34.865 INFO [main] org.apache.catalina.startup.VersionLoggerListener.log Command line argument: -Djdk.tls.ephemeralDHKeySize=2048
21-Jan-2026 09:20:34.865 INFO [main] org.apache.catalina.startup.VersionLoggerListener.log Command line argument: -Djava.protocol.handler.pkgs=org.apache.catalina.webresources
21-Jan-2026 09:20:34.865 INFO [main] org.apache.catalina.startup.VersionLoggerListener.log Command line argument: -Dorg.apache.catalina.security.SecurityListener.UMASK=0027
21-Jan-2026 09:20:34.865 INFO [main] org.apache.catalina.startup.VersionLoggerListener.log Command line argument: -Dignore.endorsed.dirs=
21-Jan-2026 09:20:34.865 INFO [main] org.apache.catalina.startup.VersionLoggerListener.log Command line argument: -Dcatalina.base=/opt/lms/tomcat
21-Jan-2026 09:20:34.866 INFO [main] org.apache.catalina.startup.VersionLoggerListener.log Command line argument: -Dcatalina.home=/opt/lms/tomcat
21-Jan-2026 09:20:34.866 INFO [main] org.apache.catalina.startup.VersionLoggerListener.log Command line argument: -Djava.io.tmpdir=/opt/lms/tomcat/temp
21-Jan-2026 09:20:34.883 INFO [main] org.apache.catalina.core.AprLifecycleListener.lifecycleEvent An older version [1.2.31] of the Apache Tomcat Native library is installed, while Tomcat recommends a minimum version of [1.3.0]
21-Jan-2026 09:20:34.883 INFO [main] org.apache.catalina.core.AprLifecycleListener.lifecycleEvent Loaded Apache Tomcat Native library [1.2.31] using APR version [1.7.0].
21-Jan-2026 09:20:34.884 INFO [main] org.apache.catalina.core.AprLifecycleListener.lifecycleEvent APR capabilities: IPv6 [true], sendfile [true], accept filters [false], random [true], UDS [true].
21-Jan-2026 09:20:34.884 INFO [main] org.apache.catalina.core.AprLifecycleListener.lifecycleEvent APR/OpenSSL configuration: useAprConnector [false], useOpenSSL [true]
21-Jan-2026 09:20:34.891 INFO [main] org.apache.catalina.core.AprLifecycleListener.initializeSSL OpenSSL successfully initialized [OpenSSL 3.0.2 15 Mar 2022]
21-Jan-2026 09:20:35.725 INFO [main] org.apache.coyote.AbstractProtocol.init Initializing ProtocolHandler ["http-nio-8001"]
21-Jan-2026 09:20:35.830 INFO [main] org.apache.catalina.startup.Catalina.load Server initialization in [1462] milliseconds
21-Jan-2026 09:20:35.970 INFO [main] org.apache.catalina.core.StandardService.startInternal Starting service [Catalina]
21-Jan-2026 09:20:35.971 INFO [main] org.apache.catalina.core.StandardEngine.startInternal Starting Servlet engine: [Apache Tomcat/9.0.96]
21-Jan-2026 09:20:35.996 INFO [main] org.apache.catalina.startup.HostConfig.deployWAR Deploying web application archive [/opt/lms/tomcat/webapps/ROOT.war]
21-Jan-2026 09:20:36.572 INFO [main] org.apache.catalina.startup.HostConfig.deployWAR Deployment of web application archive [/opt/lms/tomcat/webapps/ROOT.war] has finished in [575] ms
21-Jan-2026 09:20:36.573 INFO [main] org.apache.catalina.startup.HostConfig.deployDirectory Deploying web application directory [/opt/lms/tomcat/webapps/manager]
21-Jan-2026 09:20:36.628 INFO [main] org.apache.catalina.startup.HostConfig.deployDirectory Deployment of web application directory [/opt/lms/tomcat/webapps/manager] has finished in [55] ms
21-Jan-2026 09:20:36.628 INFO [main] org.apache.catalina.startup.HostConfig.deployDirectory Deploying web application directory [/opt/lms/tomcat/webapps/examples]
21-Jan-2026 09:20:37.086 INFO [main] org.apache.catalina.startup.HostConfig.deployDirectory Deployment of web application directory [/opt/lms/tomcat/webapps/examples] has finished in [457] ms
21-Jan-2026 09:20:37.086 INFO [main] org.apache.catalina.startup.HostConfig.deployDirectory Deploying web application directory [/opt/lms/tomcat/webapps/host-manager]
21-Jan-2026 09:20:37.127 INFO [main] org.apache.catalina.startup.HostConfig.deployDirectory Deployment of web application directory [/opt/lms/tomcat/webapps/host-manager] has finished in [41] ms
21-Jan-2026 09:20:37.128 INFO [main] org.apache.catalina.startup.HostConfig.deployDirectory Deploying web application directory [/opt/lms/tomcat/webapps/docs]
21-Jan-2026 09:20:37.177 INFO [main] org.apache.catalina.startup.HostConfig.deployDirectory Deployment of web application directory [/opt/lms/tomcat/webapps/docs] has finished in [48] ms
21-Jan-2026 09:20:37.182 INFO [main] org.apache.coyote.AbstractProtocol.start Starting ProtocolHandler ["http-nio-8001"]
21-Jan-2026 09:20:37.202 INFO [main] org.apache.catalina.startup.Catalina.start Server startup in [1368] milliseconds
21-Jan-2026 09:20:47.167 INFO [main] org.apache.catalina.startup.VersionLoggerListener.log Server version name:   Apache Tomcat/9.0.96
21-Jan-2026 09:20:47.172 INFO [main] org.apache.catalina.startup.VersionLoggerListener.log Server built:          Oct 3 2024 19:44:30 UTC
21-Jan-2026 09:20:47.172 INFO [main] org.apache.catalina.startup.VersionLoggerListener.log Server version number: 9.0.96.0
21-Jan-2026 09:20:47.172 INFO [main] org.apache.catalina.startup.VersionLoggerListener.log OS Name:               Linux
21-Jan-2026 09:20:47.172 INFO [main] org.apache.catalina.startup.VersionLoggerListener.log OS Version:            6.8.0-1044-aws
21-Jan-2026 09:20:47.173 INFO [main] org.apache.catalina.startup.VersionLoggerListener.log Architecture:          amd64
21-Jan-2026 09:20:47.173 INFO [main] org.apache.catalina.startup.VersionLoggerListener.log Java Home:             /usr/lib/jvm/java-11-openjdk-amd64
21-Jan-2026 09:20:47.173 INFO [main] org.apache.catalina.startup.VersionLoggerListener.log JVM Version:           11.0.29+7-post-Ubuntu-1ubuntu122.04
21-Jan-2026 09:20:47.173 INFO [main] org.apache.catalina.startup.VersionLoggerListener.log JVM Vendor:            Ubuntu
21-Jan-2026 09:20:47.173 INFO [main] org.apache.catalina.startup.VersionLoggerListener.log CATALINA_BASE:         /opt/lms/tomcat
21-Jan-2026 09:20:47.174 INFO [main] org.apache.catalina.startup.VersionLoggerListener.log CATALINA_HOME:         /opt/lms/tomcat
21-Jan-2026 09:20:47.215 INFO [main] org.apache.catalina.startup.VersionLoggerListener.log Command line argument: --add-opens=java.base/java.lang=ALL-UNNAMED
21-Jan-2026 09:20:47.215 INFO [main] org.apache.catalina.startup.VersionLoggerListener.log Command line argument: --add-opens=java.base/java.io=ALL-UNNAMED
21-Jan-2026 09:20:47.215 INFO [main] org.apache.catalina.startup.VersionLoggerListener.log Command line argument: --add-opens=java.base/java.util=ALL-UNNAMED
21-Jan-2026 09:20:47.216 INFO [main] org.apache.catalina.startup.VersionLoggerListener.log Command line argument: --add-opens=java.base/java.util.concurrent=ALL-UNNAMED
21-Jan-2026 09:20:47.216 INFO [main] org.apache.catalina.startup.VersionLoggerListener.log Command line argument: --add-opens=java.rmi/sun.rmi.transport=ALL-UNNAMED
21-Jan-2026 09:20:47.218 INFO [main] org.apache.catalina.startup.VersionLoggerListener.log Command line argument: -Djava.util.logging.config.file=/opt/lms/tomcat/conf/logging.properties
21-Jan-2026 09:20:47.219 INFO [main] org.apache.catalina.startup.VersionLoggerListener.log Command line argument: -Djava.util.logging.manager=org.apache.juli.ClassLoaderLogManager
21-Jan-2026 09:20:47.219 INFO [main] org.apache.catalina.startup.VersionLoggerListener.log Command line argument: -Djdk.tls.ephemeralDHKeySize=2048
21-Jan-2026 09:20:47.219 INFO [main] org.apache.catalina.startup.VersionLoggerListener.log Command line argument: -Djava.protocol.handler.pkgs=org.apache.catalina.webresources
21-Jan-2026 09:20:47.219 INFO [main] org.apache.catalina.startup.VersionLoggerListener.log Command line argument: -Dorg.apache.catalina.security.SecurityListener.UMASK=0027
21-Jan-2026 09:20:47.219 INFO [main] org.apache.catalina.startup.VersionLoggerListener.log Command line argument: -Dignore.endorsed.dirs=
21-Jan-2026 09:20:47.219 INFO [main] org.apache.catalina.startup.VersionLoggerListener.log Command line argument: -Dcatalina.base=/opt/lms/tomcat
21-Jan-2026 09:20:47.219 INFO [main] org.apache.catalina.startup.VersionLoggerListener.log Command line argument: -Dcatalina.home=/opt/lms/tomcat
21-Jan-2026 09:20:47.220 INFO [main] org.apache.catalina.startup.VersionLoggerListener.log Command line argument: -Djava.io.tmpdir=/opt/lms/tomcat/temp
21-Jan-2026 09:20:47.226 INFO [main] org.apache.catalina.core.AprLifecycleListener.lifecycleEvent An older version [1.2.31] of the Apache Tomcat Native library is installed, while Tomcat recommends a minimum version of [1.3.0]
21-Jan-2026 09:20:47.227 INFO [main] org.apache.catalina.core.AprLifecycleListener.lifecycleEvent Loaded Apache Tomcat Native library [1.2.31] using APR version [1.7.0].
21-Jan-2026 09:20:47.227 INFO [main] org.apache.catalina.core.AprLifecycleListener.lifecycleEvent APR capabilities: IPv6 [true], sendfile [true], accept filters [false], random [true], UDS [true].
21-Jan-2026 09:20:47.227 INFO [main] org.apache.catalina.core.AprLifecycleListener.lifecycleEvent APR/OpenSSL configuration: useAprConnector [false], useOpenSSL [true]
21-Jan-2026 09:20:47.232 INFO [main] org.apache.catalina.core.AprLifecycleListener.initializeSSL OpenSSL successfully initialized [OpenSSL 3.0.2 15 Mar 2022]
21-Jan-2026 09:20:47.852 INFO [main] org.apache.coyote.AbstractProtocol.init Initializing ProtocolHandler ["http-nio-8001"]
21-Jan-2026 09:20:47.896 SEVERE [main] org.apache.catalina.util.LifecycleBase.handleSubClassException Failed to initialize component [Connector["http-nio-8001"]]
	org.apache.catalina.LifecycleException: Protocol handler initialization failed
		at org.apache.catalina.connector.Connector.initInternal(Connector.java:1027)
		at org.apache.catalina.util.LifecycleBase.init(LifecycleBase.java:122)
		at org.apache.catalina.core.StandardService.initInternal(StandardService.java:525)
		at org.apache.catalina.util.LifecycleBase.init(LifecycleBase.java:122)
		at org.apache.catalina.core.StandardServer.initInternal(StandardServer.java:986)
		at org.apache.catalina.util.LifecycleBase.init(LifecycleBase.java:122)
		at org.apache.catalina.startup.Catalina.load(Catalina.java:686)
		at org.apache.catalina.startup.Catalina.load(Catalina.java:709)
		at java.base/jdk.internal.reflect.NativeMethodAccessorImpl.invoke0(Native Method)
		at java.base/jdk.internal.reflect.NativeMethodAccessorImpl.invoke(NativeMethodAccessorImpl.java:62)
		at java.base/jdk.internal.reflect.DelegatingMethodAccessorImpl.invoke(DelegatingMethodAccessorImpl.java:43)
		at java.base/java.lang.reflect.Method.invoke(Method.java:566)
		at org.apache.catalina.startup.Bootstrap.load(Bootstrap.java:302)
		at org.apache.catalina.startup.Bootstrap.main(Bootstrap.java:472)
	Caused by: java.net.BindException: Address already in use
		at java.base/sun.nio.ch.Net.bind0(Native Method)
		at java.base/sun.nio.ch.Net.bind(Net.java:459)
		at java.base/sun.nio.ch.Net.bind(Net.java:448)
		at java.base/sun.nio.ch.ServerSocketChannelImpl.bind(ServerSocketChannelImpl.java:227)
		at org.apache.tomcat.util.net.NioEndpoint.initServerSocket(NioEndpoint.java:268)
		at org.apache.tomcat.util.net.NioEndpoint.bind(NioEndpoint.java:223)
		at org.apache.tomcat.util.net.AbstractEndpoint.bindWithCleanup(AbstractEndpoint.java:1373)
		at org.apache.tomcat.util.net.AbstractEndpoint.init(AbstractEndpoint.java:1386)
		at org.apache.coyote.AbstractProtocol.init(AbstractProtocol.java:663)
		at org.apache.coyote.http11.AbstractHttp11Protocol.init(AbstractHttp11Protocol.java:77)
		at org.apache.catalina.connector.Connector.initInternal(Connector.java:1025)
		... 13 more
21-Jan-2026 09:20:47.898 INFO [main] org.apache.catalina.startup.Catalina.load Server initialization in [1120] milliseconds
21-Jan-2026 09:20:48.051 INFO [main] org.apache.catalina.core.StandardService.startInternal Starting service [Catalina]
21-Jan-2026 09:20:48.052 INFO [main] org.apache.catalina.core.StandardEngine.startInternal Starting Servlet engine: [Apache Tomcat/9.0.96]
21-Jan-2026 09:20:48.078 INFO [main] org.apache.catalina.startup.HostConfig.deployWAR Deploying web application archive [/opt/lms/tomcat/webapps/ROOT.war]
21-Jan-2026 09:20:48.652 INFO [main] org.apache.catalina.startup.HostConfig.deployWAR Deployment of web application archive [/opt/lms/tomcat/webapps/ROOT.war] has finished in [573] ms
21-Jan-2026 09:20:48.653 INFO [main] org.apache.catalina.startup.HostConfig.deployDirectory Deploying web application directory [/opt/lms/tomcat/webapps/manager]
21-Jan-2026 09:20:48.745 INFO [main] org.apache.catalina.startup.HostConfig.deployDirectory Deployment of web application directory [/opt/lms/tomcat/webapps/manager] has finished in [92] ms
21-Jan-2026 09:20:48.745 INFO [main] org.apache.catalina.startup.HostConfig.deployDirectory Deploying web application directory [/opt/lms/tomcat/webapps/examples]
21-Jan-2026 09:20:49.179 INFO [main] org.apache.catalina.startup.HostConfig.deployDirectory Deployment of web application directory [/opt/lms/tomcat/webapps/examples] has finished in [433] ms
21-Jan-2026 09:20:49.179 INFO [main] org.apache.catalina.startup.HostConfig.deployDirectory Deploying web application directory [/opt/lms/tomcat/webapps/host-manager]
21-Jan-2026 09:20:49.221 INFO [main] org.apache.catalina.startup.HostConfig.deployDirectory Deployment of web application directory [/opt/lms/tomcat/webapps/host-manager] has finished in [42] ms
21-Jan-2026 09:20:49.221 INFO [main] org.apache.catalina.startup.HostConfig.deployDirectory Deploying web application directory [/opt/lms/tomcat/webapps/docs]
21-Jan-2026 09:20:49.247 INFO [main] org.apache.catalina.startup.HostConfig.deployDirectory Deployment of web application directory [/opt/lms/tomcat/webapps/docs] has finished in [26] ms
21-Jan-2026 09:20:49.266 INFO [main] org.apache.catalina.startup.Catalina.start Server startup in [1367] milliseconds
21-Jan-2026 09:20:49.273 SEVERE [main] org.apache.catalina.core.StandardServer.await Failed to create server shutdown socket on address [localhost] and port [8005] (base port [8005] and offset [0])
	java.net.BindException: Address already in use (Bind failed)
		at java.base/java.net.PlainSocketImpl.socketBind(Native Method)
		at java.base/java.net.AbstractPlainSocketImpl.bind(AbstractPlainSocketImpl.java:452)
		at java.base/java.net.ServerSocket.bind(ServerSocket.java:395)
		at java.base/java.net.ServerSocket.<init>(ServerSocket.java:257)
		at org.apache.catalina.core.StandardServer.await(StandardServer.java:537)
		at org.apache.catalina.startup.Catalina.await(Catalina.java:825)
		at org.apache.catalina.startup.Catalina.start(Catalina.java:773)
		at java.base/jdk.internal.reflect.NativeMethodAccessorImpl.invoke0(Native Method)
		at java.base/jdk.internal.reflect.NativeMethodAccessorImpl.invoke(NativeMethodAccessorImpl.java:62)
		at java.base/jdk.internal.reflect.DelegatingMethodAccessorImpl.invoke(DelegatingMethodAccessorImpl.java:43)
		at java.base/java.lang.reflect.Method.invoke(Method.java:566)
		at org.apache.catalina.startup.Bootstrap.start(Bootstrap.java:345)
		at org.apache.catalina.startup.Bootstrap.main(Bootstrap.java:473)
21-Jan-2026 09:20:49.273 INFO [main] org.apache.coyote.AbstractProtocol.pause Pausing ProtocolHandler ["http-nio-8001"]
21-Jan-2026 09:20:49.274 INFO [main] org.apache.catalina.core.StandardService.stopInternal Stopping service [Catalina]
21-Jan-2026 09:20:49.332 INFO [main] org.apache.coyote.AbstractProtocol.stop Stopping ProtocolHandler ["http-nio-8001"]
21-Jan-2026 09:20:49.336 INFO [main] org.apache.coyote.AbstractProtocol.destroy Destroying ProtocolHandler ["http-nio-8001"]
21-Jan-2026 09:20:49.820 INFO [main] org.apache.catalina.core.StandardServer.await A valid shutdown command was received via the shutdown port. Stopping the Server instance.
21-Jan-2026 09:20:49.821 INFO [main] org.apache.coyote.AbstractProtocol.pause Pausing ProtocolHandler ["http-nio-8001"]
21-Jan-2026 09:20:49.825 INFO [main] org.apache.catalina.core.StandardService.stopInternal Stopping service [Catalina]
21-Jan-2026 09:20:49.872 INFO [main] org.apache.coyote.AbstractProtocol.stop Stopping ProtocolHandler ["http-nio-8001"]
21-Jan-2026 09:20:49.882 INFO [main] org.apache.coyote.AbstractProtocol.destroy Destroying ProtocolHandler ["http-nio-8001"]
21-Jan-2026 09:21:00.640 INFO [main] org.apache.catalina.startup.VersionLoggerListener.log Server version name:   Apache Tomcat/9.0.96
21-Jan-2026 09:21:00.646 INFO [main] org.apache.catalina.startup.VersionLoggerListener.log Server built:          Oct 3 2024 19:44:30 UTC
21-Jan-2026 09:21:00.646 INFO [main] org.apache.catalina.startup.VersionLoggerListener.log Server version number: 9.0.96.0
21-Jan-2026 09:21:00.647 INFO [main] org.apache.catalina.startup.VersionLoggerListener.log OS Name:               Linux
21-Jan-2026 09:21:00.647 INFO [main] org.apache.catalina.startup.VersionLoggerListener.log OS Version:            6.8.0-1044-aws
21-Jan-2026 09:21:00.647 INFO [main] org.apache.catalina.startup.VersionLoggerListener.log Architecture:          amd64
21-Jan-2026 09:21:00.647 INFO [main] org.apache.catalina.startup.VersionLoggerListener.log Java Home:             /usr/lib/jvm/java-11-openjdk-amd64
21-Jan-2026 09:21:00.648 INFO [main] org.apache.catalina.startup.VersionLoggerListener.log JVM Version:           11.0.29+7-post-Ubuntu-1ubuntu122.04
21-Jan-2026 09:21:00.648 INFO [main] org.apache.catalina.startup.VersionLoggerListener.log JVM Vendor:            Ubuntu
21-Jan-2026 09:21:00.648 INFO [main] org.apache.catalina.startup.VersionLoggerListener.log CATALINA_BASE:         /opt/lms/tomcat
21-Jan-2026 09:21:00.649 INFO [main] org.apache.catalina.startup.VersionLoggerListener.log CATALINA_HOME:         /opt/lms/tomcat
21-Jan-2026 09:21:00.667 INFO [main] org.apache.catalina.startup.VersionLoggerListener.log Command line argument: --add-opens=java.base/java.lang=ALL-UNNAMED
21-Jan-2026 09:21:00.667 INFO [main] org.apache.catalina.startup.VersionLoggerListener.log Command line argument: --add-opens=java.base/java.io=ALL-UNNAMED
21-Jan-2026 09:21:00.667 INFO [main] org.apache.catalina.startup.VersionLoggerListener.log Command line argument: --add-opens=java.base/java.util=ALL-UNNAMED
21-Jan-2026 09:21:00.667 INFO [main] org.apache.catalina.startup.VersionLoggerListener.log Command line argument: --add-opens=java.base/java.util.concurrent=ALL-UNNAMED
21-Jan-2026 09:21:00.668 INFO [main] org.apache.catalina.startup.VersionLoggerListener.log Command line argument: --add-opens=java.rmi/sun.rmi.transport=ALL-UNNAMED
21-Jan-2026 09:21:00.668 INFO [main] org.apache.catalina.startup.VersionLoggerListener.log Command line argument: -Djava.util.logging.config.file=/opt/lms/tomcat/conf/logging.properties
21-Jan-2026 09:21:00.668 INFO [main] org.apache.catalina.startup.VersionLoggerListener.log Command line argument: -Djava.util.logging.manager=org.apache.juli.ClassLoaderLogManager
21-Jan-2026 09:21:00.668 INFO [main] org.apache.catalina.startup.VersionLoggerListener.log Command line argument: -Djdk.tls.ephemeralDHKeySize=2048
21-Jan-2026 09:21:00.668 INFO [main] org.apache.catalina.startup.VersionLoggerListener.log Command line argument: -Djava.protocol.handler.pkgs=org.apache.catalina.webresources
21-Jan-2026 09:21:00.669 INFO [main] org.apache.catalina.startup.VersionLoggerListener.log Command line argument: -Dorg.apache.catalina.security.SecurityListener.UMASK=0027
21-Jan-2026 09:21:00.669 INFO [main] org.apache.catalina.startup.VersionLoggerListener.log Command line argument: -Dignore.endorsed.dirs=
21-Jan-2026 09:21:00.669 INFO [main] org.apache.catalina.startup.VersionLoggerListener.log Command line argument: -Dcatalina.base=/opt/lms/tomcat
21-Jan-2026 09:21:00.669 INFO [main] org.apache.catalina.startup.VersionLoggerListener.log Command line argument: -Dcatalina.home=/opt/lms/tomcat
21-Jan-2026 09:21:00.670 INFO [main] org.apache.catalina.startup.VersionLoggerListener.log Command line argument: -Djava.io.tmpdir=/opt/lms/tomcat/temp
21-Jan-2026 09:21:00.675 INFO [main] org.apache.catalina.core.AprLifecycleListener.lifecycleEvent An older version [1.2.31] of the Apache Tomcat Native library is installed, while Tomcat recommends a minimum version of [1.3.0]
21-Jan-2026 09:21:00.675 INFO [main] org.apache.catalina.core.AprLifecycleListener.lifecycleEvent Loaded Apache Tomcat Native library [1.2.31] using APR version [1.7.0].
21-Jan-2026 09:21:00.675 INFO [main] org.apache.catalina.core.AprLifecycleListener.lifecycleEvent APR capabilities: IPv6 [true], sendfile [true], accept filters [false], random [true], UDS [true].
21-Jan-2026 09:21:00.676 INFO [main] org.apache.catalina.core.AprLifecycleListener.lifecycleEvent APR/OpenSSL configuration: useAprConnector [false], useOpenSSL [true]
21-Jan-2026 09:21:00.681 INFO [main] org.apache.catalina.core.AprLifecycleListener.initializeSSL OpenSSL successfully initialized [OpenSSL 3.0.2 15 Mar 2022]
21-Jan-2026 09:21:01.323 INFO [main] org.apache.coyote.AbstractProtocol.init Initializing ProtocolHandler ["http-nio-8001"]
21-Jan-2026 09:21:01.385 INFO [main] org.apache.catalina.startup.Catalina.load Server initialization in [1092] milliseconds
21-Jan-2026 09:21:01.488 INFO [main] org.apache.catalina.core.StandardService.startInternal Starting service [Catalina]
21-Jan-2026 09:21:01.488 INFO [main] org.apache.catalina.core.StandardEngine.startInternal Starting Servlet engine: [Apache Tomcat/9.0.96]
21-Jan-2026 09:21:01.509 INFO [main] org.apache.catalina.startup.HostConfig.deployWAR Deploying web application archive [/opt/lms/tomcat/webapps/ROOT.war]
21-Jan-2026 09:21:01.969 INFO [main] org.apache.catalina.startup.HostConfig.deployWAR Deployment of web application archive [/opt/lms/tomcat/webapps/ROOT.war] has finished in [459] ms
21-Jan-2026 09:21:01.972 INFO [main] org.apache.catalina.startup.HostConfig.deployDirectory Deploying web application directory [/opt/lms/tomcat/webapps/manager]
21-Jan-2026 09:21:02.065 INFO [main] org.apache.catalina.startup.HostConfig.deployDirectory Deployment of web application directory [/opt/lms/tomcat/webapps/manager] has finished in [93] ms
21-Jan-2026 09:21:02.066 INFO [main] org.apache.catalina.startup.HostConfig.deployDirectory Deploying web application directory [/opt/lms/tomcat/webapps/examples]
21-Jan-2026 09:21:02.437 INFO [main] org.apache.catalina.startup.HostConfig.deployDirectory Deployment of web application directory [/opt/lms/tomcat/webapps/examples] has finished in [371] ms
21-Jan-2026 09:21:02.439 INFO [main] org.apache.catalina.startup.HostConfig.deployDirectory Deploying web application directory [/opt/lms/tomcat/webapps/host-manager]
21-Jan-2026 09:21:02.487 INFO [main] org.apache.catalina.startup.HostConfig.deployDirectory Deployment of web application directory [/opt/lms/tomcat/webapps/host-manager] has finished in [48] ms
21-Jan-2026 09:21:02.487 INFO [main] org.apache.catalina.startup.HostConfig.deployDirectory Deploying web application directory [/opt/lms/tomcat/webapps/docs]
21-Jan-2026 09:21:02.539 INFO [main] org.apache.catalina.startup.HostConfig.deployDirectory Deployment of web application directory [/opt/lms/tomcat/webapps/docs] has finished in [52] ms
21-Jan-2026 09:21:02.546 INFO [main] org.apache.coyote.AbstractProtocol.start Starting ProtocolHandler ["http-nio-8001"]
21-Jan-2026 09:21:02.574 INFO [main] org.apache.catalina.startup.Catalina.start Server startup in [1186] milliseconds
21-Jan-2026 09:26:10.466 INFO [main] org.apache.catalina.core.StandardServer.await A valid shutdown command was received via the shutdown port. Stopping the Server instance.
21-Jan-2026 09:26:10.467 INFO [main] org.apache.coyote.AbstractProtocol.pause Pausing ProtocolHandler ["http-nio-8001"]
21-Jan-2026 09:26:10.477 INFO [main] org.apache.catalina.core.StandardService.stopInternal Stopping service [Catalina]
21-Jan-2026 09:26:10.541 INFO [main] org.apache.coyote.AbstractProtocol.stop Stopping ProtocolHandler ["http-nio-8001"]
21-Jan-2026 09:26:10.578 INFO [main] org.apache.coyote.AbstractProtocol.destroy Destroying ProtocolHandler ["http-nio-8001"]
21-Jan-2026 09:26:11.622 INFO [main] org.apache.catalina.startup.VersionLoggerListener.log Server version name:   Apache Tomcat/9.0.96
21-Jan-2026 09:26:11.628 INFO [main] org.apache.catalina.startup.VersionLoggerListener.log Server built:          Oct 3 2024 19:44:30 UTC
21-Jan-2026 09:26:11.628 INFO [main] org.apache.catalina.startup.VersionLoggerListener.log Server version number: 9.0.96.0
21-Jan-2026 09:26:11.628 INFO [main] org.apache.catalina.startup.VersionLoggerListener.log OS Name:               Linux
21-Jan-2026 09:26:11.628 INFO [main] org.apache.catalina.startup.VersionLoggerListener.log OS Version:            6.8.0-1044-aws
21-Jan-2026 09:26:11.628 INFO [main] org.apache.catalina.startup.VersionLoggerListener.log Architecture:          amd64
21-Jan-2026 09:26:11.629 INFO [main] org.apache.catalina.startup.VersionLoggerListener.log Java Home:             /usr/lib/jvm/java-17-openjdk-amd64
21-Jan-2026 09:26:11.629 INFO [main] org.apache.catalina.startup.VersionLoggerListener.log JVM Version:           17.0.17+10-Ubuntu-122.04
21-Jan-2026 09:26:11.629 INFO [main] org.apache.catalina.startup.VersionLoggerListener.log JVM Vendor:            Ubuntu
21-Jan-2026 09:26:11.629 INFO [main] org.apache.catalina.startup.VersionLoggerListener.log CATALINA_BASE:         /opt/lms/tomcat
21-Jan-2026 09:26:11.633 INFO [main] org.apache.catalina.startup.VersionLoggerListener.log CATALINA_HOME:         /opt/lms/tomcat
21-Jan-2026 09:26:11.651 INFO [main] org.apache.catalina.startup.VersionLoggerListener.log Command line argument: --add-opens=java.base/java.lang=ALL-UNNAMED
21-Jan-2026 09:26:11.651 INFO [main] org.apache.catalina.startup.VersionLoggerListener.log Command line argument: --add-opens=java.base/java.io=ALL-UNNAMED
21-Jan-2026 09:26:11.651 INFO [main] org.apache.catalina.startup.VersionLoggerListener.log Command line argument: --add-opens=java.base/java.util=ALL-UNNAMED
21-Jan-2026 09:26:11.651 INFO [main] org.apache.catalina.startup.VersionLoggerListener.log Command line argument: --add-opens=java.base/java.util.concurrent=ALL-UNNAMED
21-Jan-2026 09:26:11.651 INFO [main] org.apache.catalina.startup.VersionLoggerListener.log Command line argument: --add-opens=java.rmi/sun.rmi.transport=ALL-UNNAMED
21-Jan-2026 09:26:11.651 INFO [main] org.apache.catalina.startup.VersionLoggerListener.log Command line argument: -Djava.util.logging.config.file=/opt/lms/tomcat/conf/logging.properties
21-Jan-2026 09:26:11.651 INFO [main] org.apache.catalina.startup.VersionLoggerListener.log Command line argument: -Djava.util.logging.manager=org.apache.juli.ClassLoaderLogManager
21-Jan-2026 09:26:11.652 INFO [main] org.apache.catalina.startup.VersionLoggerListener.log Command line argument: -Djdk.tls.ephemeralDHKeySize=2048
21-Jan-2026 09:26:11.652 INFO [main] org.apache.catalina.startup.VersionLoggerListener.log Command line argument: -Djava.protocol.handler.pkgs=org.apache.catalina.webresources
21-Jan-2026 09:26:11.652 INFO [main] org.apache.catalina.startup.VersionLoggerListener.log Command line argument: -Dorg.apache.catalina.security.SecurityListener.UMASK=0027
21-Jan-2026 09:26:11.652 INFO [main] org.apache.catalina.startup.VersionLoggerListener.log Command line argument: -Dignore.endorsed.dirs=
21-Jan-2026 09:26:11.652 INFO [main] org.apache.catalina.startup.VersionLoggerListener.log Command line argument: -Dcatalina.base=/opt/lms/tomcat
21-Jan-2026 09:26:11.656 INFO [main] org.apache.catalina.startup.VersionLoggerListener.log Command line argument: -Dcatalina.home=/opt/lms/tomcat
21-Jan-2026 09:26:11.656 INFO [main] org.apache.catalina.startup.VersionLoggerListener.log Command line argument: -Djava.io.tmpdir=/opt/lms/tomcat/temp
21-Jan-2026 09:26:11.661 INFO [main] org.apache.catalina.core.AprLifecycleListener.lifecycleEvent An older version [1.2.31] of the Apache Tomcat Native library is installed, while Tomcat recommends a minimum version of [1.3.0]
21-Jan-2026 09:26:11.661 INFO [main] org.apache.catalina.core.AprLifecycleListener.lifecycleEvent Loaded Apache Tomcat Native library [1.2.31] using APR version [1.7.0].
21-Jan-2026 09:26:11.661 INFO [main] org.apache.catalina.core.AprLifecycleListener.lifecycleEvent APR capabilities: IPv6 [true], sendfile [true], accept filters [false], random [true], UDS [true].
21-Jan-2026 09:26:11.662 INFO [main] org.apache.catalina.core.AprLifecycleListener.lifecycleEvent APR/OpenSSL configuration: useAprConnector [false], useOpenSSL [true]
21-Jan-2026 09:26:11.667 INFO [main] org.apache.catalina.core.AprLifecycleListener.initializeSSL OpenSSL successfully initialized [OpenSSL 3.0.2 15 Mar 2022]
21-Jan-2026 09:26:12.170 INFO [main] org.apache.coyote.AbstractProtocol.init Initializing ProtocolHandler ["http-nio-8001"]
21-Jan-2026 09:26:12.221 INFO [main] org.apache.catalina.startup.Catalina.load Server initialization in [1201] milliseconds
21-Jan-2026 09:26:12.287 INFO [main] org.apache.catalina.core.StandardService.startInternal Starting service [Catalina]
21-Jan-2026 09:26:12.287 INFO [main] org.apache.catalina.core.StandardEngine.startInternal Starting Servlet engine: [Apache Tomcat/9.0.96]
21-Jan-2026 09:26:12.310 INFO [main] org.apache.catalina.startup.HostConfig.deployWAR Deploying web application archive [/opt/lms/tomcat/webapps/ROOT.war]
21-Jan-2026 09:26:12.759 INFO [main] org.apache.catalina.startup.HostConfig.deployWAR Deployment of web application archive [/opt/lms/tomcat/webapps/ROOT.war] has finished in [446] ms
21-Jan-2026 09:26:12.759 INFO [main] org.apache.catalina.startup.HostConfig.deployDirectory Deploying web application directory [/opt/lms/tomcat/webapps/manager]
21-Jan-2026 09:26:12.816 INFO [main] org.apache.catalina.startup.HostConfig.deployDirectory Deployment of web application directory [/opt/lms/tomcat/webapps/manager] has finished in [56] ms
21-Jan-2026 09:26:12.816 INFO [main] org.apache.catalina.startup.HostConfig.deployDirectory Deploying web application directory [/opt/lms/tomcat/webapps/examples]
21-Jan-2026 09:26:13.158 INFO [main] org.apache.catalina.startup.HostConfig.deployDirectory Deployment of web application directory [/opt/lms/tomcat/webapps/examples] has finished in [342] ms
21-Jan-2026 09:26:13.160 INFO [main] org.apache.catalina.startup.HostConfig.deployDirectory Deploying web application directory [/opt/lms/tomcat/webapps/host-manager]
21-Jan-2026 09:26:13.205 INFO [main] org.apache.catalina.startup.HostConfig.deployDirectory Deployment of web application directory [/opt/lms/tomcat/webapps/host-manager] has finished in [44] ms
21-Jan-2026 09:26:13.205 INFO [main] org.apache.catalina.startup.HostConfig.deployDirectory Deploying web application directory [/opt/lms/tomcat/webapps/docs]
21-Jan-2026 09:26:13.234 INFO [main] org.apache.catalina.startup.HostConfig.deployDirectory Deployment of web application directory [/opt/lms/tomcat/webapps/docs] has finished in [29] ms
21-Jan-2026 09:26:13.244 INFO [main] org.apache.coyote.AbstractProtocol.start Starting ProtocolHandler ["http-nio-8001"]
21-Jan-2026 09:26:13.261 INFO [main] org.apache.catalina.startup.Catalina.start Server startup in [1039] milliseconds
21-Jan-2026 09:26:22.395 INFO [main] org.apache.catalina.startup.VersionLoggerListener.log Server version name:   Apache Tomcat/9.0.96
21-Jan-2026 09:26:22.401 INFO [main] org.apache.catalina.startup.VersionLoggerListener.log Server built:          Oct 3 2024 19:44:30 UTC
21-Jan-2026 09:26:22.402 INFO [main] org.apache.catalina.startup.VersionLoggerListener.log Server version number: 9.0.96.0
21-Jan-2026 09:26:22.405 INFO [main] org.apache.catalina.startup.VersionLoggerListener.log OS Name:               Linux
21-Jan-2026 09:26:22.405 INFO [main] org.apache.catalina.startup.VersionLoggerListener.log OS Version:            6.8.0-1044-aws
21-Jan-2026 09:26:22.406 INFO [main] org.apache.catalina.startup.VersionLoggerListener.log Architecture:          amd64
21-Jan-2026 09:26:22.406 INFO [main] org.apache.catalina.startup.VersionLoggerListener.log Java Home:             /usr/lib/jvm/java-11-openjdk-amd64
21-Jan-2026 09:26:22.406 INFO [main] org.apache.catalina.startup.VersionLoggerListener.log JVM Version:           11.0.29+7-post-Ubuntu-1ubuntu122.04
21-Jan-2026 09:26:22.406 INFO [main] org.apache.catalina.startup.VersionLoggerListener.log JVM Vendor:            Ubuntu
21-Jan-2026 09:26:22.406 INFO [main] org.apache.catalina.startup.VersionLoggerListener.log CATALINA_BASE:         /opt/lms/tomcat
21-Jan-2026 09:26:22.406 INFO [main] org.apache.catalina.startup.VersionLoggerListener.log CATALINA_HOME:         /opt/lms/tomcat
21-Jan-2026 09:26:22.430 INFO [main] org.apache.catalina.startup.VersionLoggerListener.log Command line argument: --add-opens=java.base/java.lang=ALL-UNNAMED
21-Jan-2026 09:26:22.430 INFO [main] org.apache.catalina.startup.VersionLoggerListener.log Command line argument: --add-opens=java.base/java.io=ALL-UNNAMED
21-Jan-2026 09:26:22.430 INFO [main] org.apache.catalina.startup.VersionLoggerListener.log Command line argument: --add-opens=java.base/java.util=ALL-UNNAMED
21-Jan-2026 09:26:22.430 INFO [main] org.apache.catalina.startup.VersionLoggerListener.log Command line argument: --add-opens=java.base/java.util.concurrent=ALL-UNNAMED
21-Jan-2026 09:26:22.430 INFO [main] org.apache.catalina.startup.VersionLoggerListener.log Command line argument: --add-opens=java.rmi/sun.rmi.transport=ALL-UNNAMED
21-Jan-2026 09:26:22.431 INFO [main] org.apache.catalina.startup.VersionLoggerListener.log Command line argument: -Djava.util.logging.config.file=/opt/lms/tomcat/conf/logging.properties
21-Jan-2026 09:26:22.431 INFO [main] org.apache.catalina.startup.VersionLoggerListener.log Command line argument: -Djava.util.logging.manager=org.apache.juli.ClassLoaderLogManager
21-Jan-2026 09:26:22.431 INFO [main] org.apache.catalina.startup.VersionLoggerListener.log Command line argument: -Djdk.tls.ephemeralDHKeySize=2048
21-Jan-2026 09:26:22.431 INFO [main] org.apache.catalina.startup.VersionLoggerListener.log Command line argument: -Djava.protocol.handler.pkgs=org.apache.catalina.webresources
21-Jan-2026 09:26:22.433 INFO [main] org.apache.catalina.startup.VersionLoggerListener.log Command line argument: -Dorg.apache.catalina.security.SecurityListener.UMASK=0027
21-Jan-2026 09:26:22.434 INFO [main] org.apache.catalina.startup.VersionLoggerListener.log Command line argument: -Dignore.endorsed.dirs=
21-Jan-2026 09:26:22.434 INFO [main] org.apache.catalina.startup.VersionLoggerListener.log Command line argument: -Dcatalina.base=/opt/lms/tomcat
21-Jan-2026 09:26:22.434 INFO [main] org.apache.catalina.startup.VersionLoggerListener.log Command line argument: -Dcatalina.home=/opt/lms/tomcat
21-Jan-2026 09:26:22.434 INFO [main] org.apache.catalina.startup.VersionLoggerListener.log Command line argument: -Djava.io.tmpdir=/opt/lms/tomcat/temp
21-Jan-2026 09:26:22.445 INFO [main] org.apache.catalina.core.AprLifecycleListener.lifecycleEvent An older version [1.2.31] of the Apache Tomcat Native library is installed, while Tomcat recommends a minimum version of [1.3.0]
21-Jan-2026 09:26:22.445 INFO [main] org.apache.catalina.core.AprLifecycleListener.lifecycleEvent Loaded Apache Tomcat Native library [1.2.31] using APR version [1.7.0].
21-Jan-2026 09:26:22.445 INFO [main] org.apache.catalina.core.AprLifecycleListener.lifecycleEvent APR capabilities: IPv6 [true], sendfile [true], accept filters [false], random [true], UDS [true].
21-Jan-2026 09:26:22.446 INFO [main] org.apache.catalina.core.AprLifecycleListener.lifecycleEvent APR/OpenSSL configuration: useAprConnector [false], useOpenSSL [true]
21-Jan-2026 09:26:22.455 INFO [main] org.apache.catalina.core.AprLifecycleListener.initializeSSL OpenSSL successfully initialized [OpenSSL 3.0.2 15 Mar 2022]
21-Jan-2026 09:26:23.069 INFO [main] org.apache.coyote.AbstractProtocol.init Initializing ProtocolHandler ["http-nio-8001"]
21-Jan-2026 09:26:23.095 SEVERE [main] org.apache.catalina.util.LifecycleBase.handleSubClassException Failed to initialize component [Connector["http-nio-8001"]]
	org.apache.catalina.LifecycleException: Protocol handler initialization failed
		at org.apache.catalina.connector.Connector.initInternal(Connector.java:1027)
		at org.apache.catalina.util.LifecycleBase.init(LifecycleBase.java:122)
		at org.apache.catalina.core.StandardService.initInternal(StandardService.java:525)
		at org.apache.catalina.util.LifecycleBase.init(LifecycleBase.java:122)
		at org.apache.catalina.core.StandardServer.initInternal(StandardServer.java:986)
		at org.apache.catalina.util.LifecycleBase.init(LifecycleBase.java:122)
		at org.apache.catalina.startup.Catalina.load(Catalina.java:686)
		at org.apache.catalina.startup.Catalina.load(Catalina.java:709)
		at java.base/jdk.internal.reflect.NativeMethodAccessorImpl.invoke0(Native Method)
		at java.base/jdk.internal.reflect.NativeMethodAccessorImpl.invoke(NativeMethodAccessorImpl.java:62)
		at java.base/jdk.internal.reflect.DelegatingMethodAccessorImpl.invoke(DelegatingMethodAccessorImpl.java:43)
		at java.base/java.lang.reflect.Method.invoke(Method.java:566)
		at org.apache.catalina.startup.Bootstrap.load(Bootstrap.java:302)
		at org.apache.catalina.startup.Bootstrap.main(Bootstrap.java:472)
	Caused by: java.net.BindException: Address already in use
		at java.base/sun.nio.ch.Net.bind0(Native Method)
		at java.base/sun.nio.ch.Net.bind(Net.java:459)
		at java.base/sun.nio.ch.Net.bind(Net.java:448)
		at java.base/sun.nio.ch.ServerSocketChannelImpl.bind(ServerSocketChannelImpl.java:227)
		at org.apache.tomcat.util.net.NioEndpoint.initServerSocket(NioEndpoint.java:268)
		at org.apache.tomcat.util.net.NioEndpoint.bind(NioEndpoint.java:223)
		at org.apache.tomcat.util.net.AbstractEndpoint.bindWithCleanup(AbstractEndpoint.java:1373)
		at org.apache.tomcat.util.net.AbstractEndpoint.init(AbstractEndpoint.java:1386)
		at org.apache.coyote.AbstractProtocol.init(AbstractProtocol.java:663)
		at org.apache.coyote.http11.AbstractHttp11Protocol.init(AbstractHttp11Protocol.java:77)
		at org.apache.catalina.connector.Connector.initInternal(Connector.java:1025)
		... 13 more
21-Jan-2026 09:26:23.098 INFO [main] org.apache.catalina.startup.Catalina.load Server initialization in [1071] milliseconds
21-Jan-2026 09:26:23.223 INFO [main] org.apache.catalina.core.StandardService.startInternal Starting service [Catalina]
21-Jan-2026 09:26:23.224 INFO [main] org.apache.catalina.core.StandardEngine.startInternal Starting Servlet engine: [Apache Tomcat/9.0.96]
21-Jan-2026 09:26:23.252 INFO [main] org.apache.catalina.startup.HostConfig.deployWAR Deploying web application archive [/opt/lms/tomcat/webapps/ROOT.war]
21-Jan-2026 09:26:23.756 INFO [main] org.apache.catalina.startup.HostConfig.deployWAR Deployment of web application archive [/opt/lms/tomcat/webapps/ROOT.war] has finished in [504] ms
21-Jan-2026 09:26:23.758 INFO [main] org.apache.catalina.startup.HostConfig.deployDirectory Deploying web application directory [/opt/lms/tomcat/webapps/manager]
21-Jan-2026 09:26:23.833 INFO [main] org.apache.catalina.startup.HostConfig.deployDirectory Deployment of web application directory [/opt/lms/tomcat/webapps/manager] has finished in [75] ms
21-Jan-2026 09:26:23.835 INFO [main] org.apache.catalina.startup.HostConfig.deployDirectory Deploying web application directory [/opt/lms/tomcat/webapps/examples]
21-Jan-2026 09:26:24.240 INFO [main] org.apache.catalina.startup.HostConfig.deployDirectory Deployment of web application directory [/opt/lms/tomcat/webapps/examples] has finished in [405] ms
21-Jan-2026 09:26:24.241 INFO [main] org.apache.catalina.startup.HostConfig.deployDirectory Deploying web application directory [/opt/lms/tomcat/webapps/host-manager]
21-Jan-2026 09:26:24.288 INFO [main] org.apache.catalina.startup.HostConfig.deployDirectory Deployment of web application directory [/opt/lms/tomcat/webapps/host-manager] has finished in [45] ms
21-Jan-2026 09:26:24.288 INFO [main] org.apache.catalina.startup.HostConfig.deployDirectory Deploying web application directory [/opt/lms/tomcat/webapps/docs]
21-Jan-2026 09:26:24.324 INFO [main] org.apache.catalina.startup.HostConfig.deployDirectory Deployment of web application directory [/opt/lms/tomcat/webapps/docs] has finished in [36] ms
21-Jan-2026 09:26:24.331 INFO [main] org.apache.catalina.startup.Catalina.start Server startup in [1233] milliseconds
21-Jan-2026 09:26:24.341 SEVERE [main] org.apache.catalina.core.StandardServer.await Failed to create server shutdown socket on address [localhost] and port [8005] (base port [8005] and offset [0])
	java.net.BindException: Address already in use (Bind failed)
		at java.base/java.net.PlainSocketImpl.socketBind(Native Method)
		at java.base/java.net.AbstractPlainSocketImpl.bind(AbstractPlainSocketImpl.java:452)
		at java.base/java.net.ServerSocket.bind(ServerSocket.java:395)
		at java.base/java.net.ServerSocket.<init>(ServerSocket.java:257)
		at org.apache.catalina.core.StandardServer.await(StandardServer.java:537)
		at org.apache.catalina.startup.Catalina.await(Catalina.java:825)
		at org.apache.catalina.startup.Catalina.start(Catalina.java:773)
		at java.base/jdk.internal.reflect.NativeMethodAccessorImpl.invoke0(Native Method)
		at java.base/jdk.internal.reflect.NativeMethodAccessorImpl.invoke(NativeMethodAccessorImpl.java:62)
		at java.base/jdk.internal.reflect.DelegatingMethodAccessorImpl.invoke(DelegatingMethodAccessorImpl.java:43)
		at java.base/java.lang.reflect.Method.invoke(Method.java:566)
		at org.apache.catalina.startup.Bootstrap.start(Bootstrap.java:345)
		at org.apache.catalina.startup.Bootstrap.main(Bootstrap.java:473)
21-Jan-2026 09:26:24.342 INFO [main] org.apache.coyote.AbstractProtocol.pause Pausing ProtocolHandler ["http-nio-8001"]
21-Jan-2026 09:26:24.342 INFO [main] org.apache.catalina.core.StandardService.stopInternal Stopping service [Catalina]
21-Jan-2026 09:26:24.386 INFO [main] org.apache.coyote.AbstractProtocol.stop Stopping ProtocolHandler ["http-nio-8001"]
21-Jan-2026 09:26:24.391 INFO [main] org.apache.coyote.AbstractProtocol.destroy Destroying ProtocolHandler ["http-nio-8001"]
21-Jan-2026 09:26:24.899 INFO [main] org.apache.catalina.core.StandardServer.await A valid shutdown command was received via the shutdown port. Stopping the Server instance.
21-Jan-2026 09:26:24.902 INFO [main] org.apache.coyote.AbstractProtocol.pause Pausing ProtocolHandler ["http-nio-8001"]
21-Jan-2026 09:26:24.914 INFO [main] org.apache.catalina.core.StandardService.stopInternal Stopping service [Catalina]
21-Jan-2026 09:26:24.957 INFO [main] org.apache.coyote.AbstractProtocol.stop Stopping ProtocolHandler ["http-nio-8001"]
21-Jan-2026 09:26:24.969 INFO [main] org.apache.coyote.AbstractProtocol.destroy Destroying ProtocolHandler ["http-nio-8001"]
21-Jan-2026 09:26:35.560 INFO [main] org.apache.catalina.startup.VersionLoggerListener.log Server version name:   Apache Tomcat/9.0.96
21-Jan-2026 09:26:35.566 INFO [main] org.apache.catalina.startup.VersionLoggerListener.log Server built:          Oct 3 2024 19:44:30 UTC
21-Jan-2026 09:26:35.566 INFO [main] org.apache.catalina.startup.VersionLoggerListener.log Server version number: 9.0.96.0
21-Jan-2026 09:26:35.566 INFO [main] org.apache.catalina.startup.VersionLoggerListener.log OS Name:               Linux
21-Jan-2026 09:26:35.566 INFO [main] org.apache.catalina.startup.VersionLoggerListener.log OS Version:            6.8.0-1044-aws
21-Jan-2026 09:26:35.566 INFO [main] org.apache.catalina.startup.VersionLoggerListener.log Architecture:          amd64
21-Jan-2026 09:26:35.566 INFO [main] org.apache.catalina.startup.VersionLoggerListener.log Java Home:             /usr/lib/jvm/java-11-openjdk-amd64
21-Jan-2026 09:26:35.567 INFO [main] org.apache.catalina.startup.VersionLoggerListener.log JVM Version:           11.0.29+7-post-Ubuntu-1ubuntu122.04
21-Jan-2026 09:26:35.567 INFO [main] org.apache.catalina.startup.VersionLoggerListener.log JVM Vendor:            Ubuntu
21-Jan-2026 09:26:35.567 INFO [main] org.apache.catalina.startup.VersionLoggerListener.log CATALINA_BASE:         /opt/lms/tomcat
21-Jan-2026 09:26:35.567 INFO [main] org.apache.catalina.startup.VersionLoggerListener.log CATALINA_HOME:         /opt/lms/tomcat
21-Jan-2026 09:26:35.601 INFO [main] org.apache.catalina.startup.VersionLoggerListener.log Command line argument: --add-opens=java.base/java.lang=ALL-UNNAMED
21-Jan-2026 09:26:35.601 INFO [main] org.apache.catalina.startup.VersionLoggerListener.log Command line argument: --add-opens=java.base/java.io=ALL-UNNAMED
21-Jan-2026 09:26:35.601 INFO [main] org.apache.catalina.startup.VersionLoggerListener.log Command line argument: --add-opens=java.base/java.util=ALL-UNNAMED
21-Jan-2026 09:26:35.602 INFO [main] org.apache.catalina.startup.VersionLoggerListener.log Command line argument: --add-opens=java.base/java.util.concurrent=ALL-UNNAMED
21-Jan-2026 09:26:35.602 INFO [main] org.apache.catalina.startup.VersionLoggerListener.log Command line argument: --add-opens=java.rmi/sun.rmi.transport=ALL-UNNAMED
21-Jan-2026 09:26:35.603 INFO [main] org.apache.catalina.startup.VersionLoggerListener.log Command line argument: -Djava.util.logging.config.file=/opt/lms/tomcat/conf/logging.properties
21-Jan-2026 09:26:35.603 INFO [main] org.apache.catalina.startup.VersionLoggerListener.log Command line argument: -Djava.util.logging.manager=org.apache.juli.ClassLoaderLogManager
21-Jan-2026 09:26:35.603 INFO [main] org.apache.catalina.startup.VersionLoggerListener.log Command line argument: -Djdk.tls.ephemeralDHKeySize=2048
21-Jan-2026 09:26:35.603 INFO [main] org.apache.catalina.startup.VersionLoggerListener.log Command line argument: -Djava.protocol.handler.pkgs=org.apache.catalina.webresources
21-Jan-2026 09:26:35.603 INFO [main] org.apache.catalina.startup.VersionLoggerListener.log Command line argument: -Dorg.apache.catalina.security.SecurityListener.UMASK=0027
21-Jan-2026 09:26:35.603 INFO [main] org.apache.catalina.startup.VersionLoggerListener.log Command line argument: -Dignore.endorsed.dirs=
21-Jan-2026 09:26:35.604 INFO [main] org.apache.catalina.startup.VersionLoggerListener.log Command line argument: -Dcatalina.base=/opt/lms/tomcat
21-Jan-2026 09:26:35.604 INFO [main] org.apache.catalina.startup.VersionLoggerListener.log Command line argument: -Dcatalina.home=/opt/lms/tomcat
21-Jan-2026 09:26:35.604 INFO [main] org.apache.catalina.startup.VersionLoggerListener.log Command line argument: -Djava.io.tmpdir=/opt/lms/tomcat/temp
21-Jan-2026 09:26:35.610 INFO [main] org.apache.catalina.core.AprLifecycleListener.lifecycleEvent An older version [1.2.31] of the Apache Tomcat Native library is installed, while Tomcat recommends a minimum version of [1.3.0]
21-Jan-2026 09:26:35.610 INFO [main] org.apache.catalina.core.AprLifecycleListener.lifecycleEvent Loaded Apache Tomcat Native library [1.2.31] using APR version [1.7.0].
21-Jan-2026 09:26:35.610 INFO [main] org.apache.catalina.core.AprLifecycleListener.lifecycleEvent APR capabilities: IPv6 [true], sendfile [true], accept filters [false], random [true], UDS [true].
21-Jan-2026 09:26:35.610 INFO [main] org.apache.catalina.core.AprLifecycleListener.lifecycleEvent APR/OpenSSL configuration: useAprConnector [false], useOpenSSL [true]
21-Jan-2026 09:26:35.615 INFO [main] org.apache.catalina.core.AprLifecycleListener.initializeSSL OpenSSL successfully initialized [OpenSSL 3.0.2 15 Mar 2022]
21-Jan-2026 09:26:36.089 INFO [main] org.apache.coyote.AbstractProtocol.init Initializing ProtocolHandler ["http-nio-8001"]
21-Jan-2026 09:26:36.127 INFO [main] org.apache.catalina.startup.Catalina.load Server initialization in [864] milliseconds
21-Jan-2026 09:26:36.253 INFO [main] org.apache.catalina.core.StandardService.startInternal Starting service [Catalina]
21-Jan-2026 09:26:36.253 INFO [main] org.apache.catalina.core.StandardEngine.startInternal Starting Servlet engine: [Apache Tomcat/9.0.96]
21-Jan-2026 09:26:36.279 INFO [main] org.apache.catalina.startup.HostConfig.deployWAR Deploying web application archive [/opt/lms/tomcat/webapps/ROOT.war]
21-Jan-2026 09:26:36.871 INFO [main] org.apache.catalina.startup.HostConfig.deployWAR Deployment of web application archive [/opt/lms/tomcat/webapps/ROOT.war] has finished in [592] ms
21-Jan-2026 09:26:36.872 INFO [main] org.apache.catalina.startup.HostConfig.deployDirectory Deploying web application directory [/opt/lms/tomcat/webapps/manager]
21-Jan-2026 09:26:36.930 INFO [main] org.apache.catalina.startup.HostConfig.deployDirectory Deployment of web application directory [/opt/lms/tomcat/webapps/manager] has finished in [58] ms
21-Jan-2026 09:26:36.931 INFO [main] org.apache.catalina.startup.HostConfig.deployDirectory Deploying web application directory [/opt/lms/tomcat/webapps/examples]
21-Jan-2026 09:26:37.309 INFO [main] org.apache.catalina.startup.HostConfig.deployDirectory Deployment of web application directory [/opt/lms/tomcat/webapps/examples] has finished in [377] ms
21-Jan-2026 09:26:37.309 INFO [main] org.apache.catalina.startup.HostConfig.deployDirectory Deploying web application directory [/opt/lms/tomcat/webapps/host-manager]
21-Jan-2026 09:26:37.347 INFO [main] org.apache.catalina.startup.HostConfig.deployDirectory Deployment of web application directory [/opt/lms/tomcat/webapps/host-manager] has finished in [38] ms
21-Jan-2026 09:26:37.348 INFO [main] org.apache.catalina.startup.HostConfig.deployDirectory Deploying web application directory [/opt/lms/tomcat/webapps/docs]
21-Jan-2026 09:26:37.377 INFO [main] org.apache.catalina.startup.HostConfig.deployDirectory Deployment of web application directory [/opt/lms/tomcat/webapps/docs] has finished in [28] ms
21-Jan-2026 09:26:37.392 INFO [main] org.apache.coyote.AbstractProtocol.start Starting ProtocolHandler ["http-nio-8001"]
21-Jan-2026 09:26:37.416 INFO [main] org.apache.catalina.startup.Catalina.start Server startup in [1288] milliseconds
21-Jan-2026 10:08:20.885 INFO [main] org.apache.catalina.core.StandardServer.await A valid shutdown command was received via the shutdown port. Stopping the Server instance.
21-Jan-2026 10:08:21.042 INFO [main] org.apache.coyote.AbstractProtocol.pause Pausing ProtocolHandler ["http-nio-8001"]
21-Jan-2026 10:08:21.080 INFO [main] org.apache.catalina.startup.VersionLoggerListener.log Server version name:   Apache Tomcat/9.0.96
21-Jan-2026 10:08:21.093 INFO [main] org.apache.catalina.startup.VersionLoggerListener.log Server built:          Oct 3 2024 19:44:30 UTC
21-Jan-2026 10:08:21.094 INFO [main] org.apache.catalina.startup.VersionLoggerListener.log Server version number: 9.0.96.0
21-Jan-2026 10:08:21.094 INFO [main] org.apache.catalina.startup.VersionLoggerListener.log OS Name:               Linux
21-Jan-2026 10:08:21.095 INFO [main] org.apache.catalina.startup.VersionLoggerListener.log OS Version:            6.8.0-1044-aws
21-Jan-2026 10:08:21.095 INFO [main] org.apache.catalina.startup.VersionLoggerListener.log Architecture:          amd64
21-Jan-2026 10:08:21.095 INFO [main] org.apache.catalina.startup.VersionLoggerListener.log Java Home:             /usr/lib/jvm/java-17-openjdk-amd64
21-Jan-2026 10:08:21.095 INFO [main] org.apache.catalina.startup.VersionLoggerListener.log JVM Version:           17.0.17+10-Ubuntu-122.04
21-Jan-2026 10:08:21.096 INFO [main] org.apache.catalina.startup.VersionLoggerListener.log JVM Vendor:            Ubuntu
21-Jan-2026 10:08:21.096 INFO [main] org.apache.catalina.startup.VersionLoggerListener.log CATALINA_BASE:         /opt/lms/tomcat
21-Jan-2026 10:08:21.097 INFO [main] org.apache.catalina.startup.VersionLoggerListener.log CATALINA_HOME:         /opt/lms/tomcat
21-Jan-2026 10:08:21.109 INFO [main] org.apache.catalina.startup.VersionLoggerListener.log Command line argument: --add-opens=java.base/java.lang=ALL-UNNAMED
21-Jan-2026 10:08:21.109 INFO [main] org.apache.catalina.startup.VersionLoggerListener.log Command line argument: --add-opens=java.base/java.io=ALL-UNNAMED
21-Jan-2026 10:08:21.109 INFO [main] org.apache.catalina.startup.VersionLoggerListener.log Command line argument: --add-opens=java.base/java.util=ALL-UNNAMED
21-Jan-2026 10:08:21.109 INFO [main] org.apache.catalina.startup.VersionLoggerListener.log Command line argument: --add-opens=java.base/java.util.concurrent=ALL-UNNAMED
21-Jan-2026 10:08:21.109 INFO [main] org.apache.catalina.startup.VersionLoggerListener.log Command line argument: --add-opens=java.rmi/sun.rmi.transport=ALL-UNNAMED
21-Jan-2026 10:08:21.109 INFO [main] org.apache.catalina.startup.VersionLoggerListener.log Command line argument: -Djava.util.logging.config.file=/opt/lms/tomcat/conf/logging.properties
21-Jan-2026 10:08:21.110 INFO [main] org.apache.catalina.startup.VersionLoggerListener.log Command line argument: -Djava.util.logging.manager=org.apache.juli.ClassLoaderLogManager
21-Jan-2026 10:08:21.110 INFO [main] org.apache.catalina.startup.VersionLoggerListener.log Command line argument: -Djdk.tls.ephemeralDHKeySize=2048
21-Jan-2026 10:08:21.110 INFO [main] org.apache.catalina.startup.VersionLoggerListener.log Command line argument: -Djava.protocol.handler.pkgs=org.apache.catalina.webresources
21-Jan-2026 10:08:21.110 INFO [main] org.apache.catalina.startup.VersionLoggerListener.log Command line argument: -Dorg.apache.catalina.security.SecurityListener.UMASK=0027
21-Jan-2026 10:08:21.111 INFO [main] org.apache.catalina.startup.VersionLoggerListener.log Command line argument: -Dignore.endorsed.dirs=
21-Jan-2026 10:08:21.111 INFO [main] org.apache.catalina.startup.VersionLoggerListener.log Command line argument: -Dcatalina.base=/opt/lms/tomcat
21-Jan-2026 10:08:21.112 INFO [main] org.apache.catalina.startup.VersionLoggerListener.log Command line argument: -Dcatalina.home=/opt/lms/tomcat
21-Jan-2026 10:08:21.112 INFO [main] org.apache.catalina.startup.VersionLoggerListener.log Command line argument: -Djava.io.tmpdir=/opt/lms/tomcat/temp
21-Jan-2026 10:08:21.135 INFO [main] org.apache.catalina.core.AprLifecycleListener.lifecycleEvent An older version [1.2.31] of the Apache Tomcat Native library is installed, while Tomcat recommends a minimum version of [1.3.0]
21-Jan-2026 10:08:21.136 INFO [main] org.apache.catalina.core.AprLifecycleListener.lifecycleEvent Loaded Apache Tomcat Native library [1.2.31] using APR version [1.7.0].
21-Jan-2026 10:08:21.136 INFO [main] org.apache.catalina.core.AprLifecycleListener.lifecycleEvent APR capabilities: IPv6 [true], sendfile [true], accept filters [false], random [true], UDS [true].
21-Jan-2026 10:08:21.136 INFO [main] org.apache.catalina.core.AprLifecycleListener.lifecycleEvent APR/OpenSSL configuration: useAprConnector [false], useOpenSSL [true]
21-Jan-2026 10:08:21.161 INFO [main] org.apache.catalina.core.AprLifecycleListener.initializeSSL OpenSSL successfully initialized [OpenSSL 3.0.2 15 Mar 2022]
21-Jan-2026 10:08:21.366 INFO [main] org.apache.catalina.core.StandardService.stopInternal Stopping service [Catalina]
21-Jan-2026 10:08:21.811 INFO [main] org.apache.coyote.AbstractProtocol.init Initializing ProtocolHandler ["http-nio-8001"]
21-Jan-2026 10:08:21.851 SEVERE [main] org.apache.catalina.util.LifecycleBase.handleSubClassException Failed to initialize component [Connector["http-nio-8001"]]
	org.apache.catalina.LifecycleException: Protocol handler initialization failed
		at org.apache.catalina.connector.Connector.initInternal(Connector.java:1027)
		at org.apache.catalina.util.LifecycleBase.init(LifecycleBase.java:122)
		at org.apache.catalina.core.StandardService.initInternal(StandardService.java:525)
		at org.apache.catalina.util.LifecycleBase.init(LifecycleBase.java:122)
		at org.apache.catalina.core.StandardServer.initInternal(StandardServer.java:986)
		at org.apache.catalina.util.LifecycleBase.init(LifecycleBase.java:122)
		at org.apache.catalina.startup.Catalina.load(Catalina.java:686)
		at org.apache.catalina.startup.Catalina.load(Catalina.java:709)
		at java.base/jdk.internal.reflect.NativeMethodAccessorImpl.invoke0(Native Method)
		at java.base/jdk.internal.reflect.NativeMethodAccessorImpl.invoke(NativeMethodAccessorImpl.java:77)
		at java.base/jdk.internal.reflect.DelegatingMethodAccessorImpl.invoke(DelegatingMethodAccessorImpl.java:43)
		at java.base/java.lang.reflect.Method.invoke(Method.java:569)
		at org.apache.catalina.startup.Bootstrap.load(Bootstrap.java:302)
		at org.apache.catalina.startup.Bootstrap.main(Bootstrap.java:472)
	Caused by: java.net.BindException: Address already in use
		at java.base/sun.nio.ch.Net.bind0(Native Method)
		at java.base/sun.nio.ch.Net.bind(Net.java:555)
		at java.base/sun.nio.ch.ServerSocketChannelImpl.netBind(ServerSocketChannelImpl.java:337)
		at java.base/sun.nio.ch.ServerSocketChannelImpl.bind(ServerSocketChannelImpl.java:294)
		at org.apache.tomcat.util.net.NioEndpoint.initServerSocket(NioEndpoint.java:268)
		at org.apache.tomcat.util.net.NioEndpoint.bind(NioEndpoint.java:223)
		at org.apache.tomcat.util.net.AbstractEndpoint.bindWithCleanup(AbstractEndpoint.java:1373)
		at org.apache.tomcat.util.net.AbstractEndpoint.init(AbstractEndpoint.java:1386)
		at org.apache.coyote.AbstractProtocol.init(AbstractProtocol.java:663)
		at org.apache.coyote.http11.AbstractHttp11Protocol.init(AbstractHttp11Protocol.java:77)
		at org.apache.catalina.connector.Connector.initInternal(Connector.java:1025)
		... 13 more
21-Jan-2026 10:08:21.854 INFO [main] org.apache.catalina.startup.Catalina.load Server initialization in [1092] milliseconds
21-Jan-2026 10:08:21.948 INFO [main] org.apache.catalina.core.StandardService.startInternal Starting service [Catalina]
21-Jan-2026 10:08:21.949 INFO [main] org.apache.catalina.core.StandardEngine.startInternal Starting Servlet engine: [Apache Tomcat/9.0.96]
21-Jan-2026 10:08:21.975 INFO [main] org.apache.catalina.startup.HostConfig.deployWAR Deploying web application archive [/opt/lms/tomcat/webapps/ROOT.war]
21-Jan-2026 10:08:22.291 INFO [main] org.apache.coyote.AbstractProtocol.stop Stopping ProtocolHandler ["http-nio-8001"]
21-Jan-2026 10:08:22.364 INFO [main] org.apache.coyote.AbstractProtocol.destroy Destroying ProtocolHandler ["http-nio-8001"]
21-Jan-2026 10:08:22.549 INFO [main] org.apache.catalina.startup.HostConfig.deployWAR Deployment of web application archive [/opt/lms/tomcat/webapps/ROOT.war] has finished in [572] ms
21-Jan-2026 10:08:22.551 INFO [main] org.apache.catalina.startup.HostConfig.deployDirectory Deploying web application directory [/opt/lms/tomcat/webapps/manager]
21-Jan-2026 10:08:22.642 INFO [main] org.apache.catalina.startup.HostConfig.deployDirectory Deployment of web application directory [/opt/lms/tomcat/webapps/manager] has finished in [90] ms
21-Jan-2026 10:08:22.642 INFO [main] org.apache.catalina.startup.HostConfig.deployDirectory Deploying web application directory [/opt/lms/tomcat/webapps/examples]
21-Jan-2026 10:08:23.166 INFO [main] org.apache.catalina.startup.HostConfig.deployDirectory Deployment of web application directory [/opt/lms/tomcat/webapps/examples] has finished in [524] ms
21-Jan-2026 10:08:23.167 INFO [main] org.apache.catalina.startup.HostConfig.deployDirectory Deploying web application directory [/opt/lms/tomcat/webapps/host-manager]
21-Jan-2026 10:08:23.218 INFO [main] org.apache.catalina.startup.HostConfig.deployDirectory Deployment of web application directory [/opt/lms/tomcat/webapps/host-manager] has finished in [50] ms
21-Jan-2026 10:08:23.218 INFO [main] org.apache.catalina.startup.HostConfig.deployDirectory Deploying web application directory [/opt/lms/tomcat/webapps/docs]
21-Jan-2026 10:08:23.280 INFO [main] org.apache.catalina.startup.HostConfig.deployDirectory Deployment of web application directory [/opt/lms/tomcat/webapps/docs] has finished in [62] ms
21-Jan-2026 10:08:23.290 INFO [main] org.apache.catalina.startup.Catalina.start Server startup in [1436] milliseconds
21-Jan-2026 10:08:23.810 INFO [main] org.apache.catalina.core.StandardServer.await A valid shutdown command was received via the shutdown port. Stopping the Server instance.
21-Jan-2026 10:08:23.811 INFO [main] org.apache.coyote.AbstractProtocol.pause Pausing ProtocolHandler ["http-nio-8001"]
21-Jan-2026 10:08:23.811 INFO [main] org.apache.catalina.core.StandardService.stopInternal Stopping service [Catalina]
21-Jan-2026 10:08:23.859 INFO [main] org.apache.coyote.AbstractProtocol.stop Stopping ProtocolHandler ["http-nio-8001"]
21-Jan-2026 10:08:23.861 INFO [main] org.apache.coyote.AbstractProtocol.destroy Destroying ProtocolHandler ["http-nio-8001"]
21-Jan-2026 10:08:34.691 INFO [main] org.apache.catalina.startup.VersionLoggerListener.log Server version name:   Apache Tomcat/9.0.96
21-Jan-2026 10:08:34.696 INFO [main] org.apache.catalina.startup.VersionLoggerListener.log Server built:          Oct 3 2024 19:44:30 UTC
21-Jan-2026 10:08:34.696 INFO [main] org.apache.catalina.startup.VersionLoggerListener.log Server version number: 9.0.96.0
21-Jan-2026 10:08:34.696 INFO [main] org.apache.catalina.startup.VersionLoggerListener.log OS Name:               Linux
21-Jan-2026 10:08:34.696 INFO [main] org.apache.catalina.startup.VersionLoggerListener.log OS Version:            6.8.0-1044-aws
21-Jan-2026 10:08:34.697 INFO [main] org.apache.catalina.startup.VersionLoggerListener.log Architecture:          amd64
21-Jan-2026 10:08:34.697 INFO [main] org.apache.catalina.startup.VersionLoggerListener.log Java Home:             /usr/lib/jvm/java-11-openjdk-amd64
21-Jan-2026 10:08:34.697 INFO [main] org.apache.catalina.startup.VersionLoggerListener.log JVM Version:           11.0.29+7-post-Ubuntu-1ubuntu122.04
21-Jan-2026 10:08:34.697 INFO [main] org.apache.catalina.startup.VersionLoggerListener.log JVM Vendor:            Ubuntu
21-Jan-2026 10:08:34.697 INFO [main] org.apache.catalina.startup.VersionLoggerListener.log CATALINA_BASE:         /opt/lms/tomcat
21-Jan-2026 10:08:34.697 INFO [main] org.apache.catalina.startup.VersionLoggerListener.log CATALINA_HOME:         /opt/lms/tomcat
21-Jan-2026 10:08:34.738 INFO [main] org.apache.catalina.startup.VersionLoggerListener.log Command line argument: --add-opens=java.base/java.lang=ALL-UNNAMED
21-Jan-2026 10:08:34.738 INFO [main] org.apache.catalina.startup.VersionLoggerListener.log Command line argument: --add-opens=java.base/java.io=ALL-UNNAMED
21-Jan-2026 10:08:34.738 INFO [main] org.apache.catalina.startup.VersionLoggerListener.log Command line argument: --add-opens=java.base/java.util=ALL-UNNAMED
21-Jan-2026 10:08:34.739 INFO [main] org.apache.catalina.startup.VersionLoggerListener.log Command line argument: --add-opens=java.base/java.util.concurrent=ALL-UNNAMED
21-Jan-2026 10:08:34.739 INFO [main] org.apache.catalina.startup.VersionLoggerListener.log Command line argument: --add-opens=java.rmi/sun.rmi.transport=ALL-UNNAMED
21-Jan-2026 10:08:34.739 INFO [main] org.apache.catalina.startup.VersionLoggerListener.log Command line argument: -Djava.util.logging.config.file=/opt/lms/tomcat/conf/logging.properties
21-Jan-2026 10:08:34.739 INFO [main] org.apache.catalina.startup.VersionLoggerListener.log Command line argument: -Djava.util.logging.manager=org.apache.juli.ClassLoaderLogManager
21-Jan-2026 10:08:34.739 INFO [main] org.apache.catalina.startup.VersionLoggerListener.log Command line argument: -Djdk.tls.ephemeralDHKeySize=2048
21-Jan-2026 10:08:34.739 INFO [main] org.apache.catalina.startup.VersionLoggerListener.log Command line argument: -Djava.protocol.handler.pkgs=org.apache.catalina.webresources
21-Jan-2026 10:08:34.739 INFO [main] org.apache.catalina.startup.VersionLoggerListener.log Command line argument: -Dorg.apache.catalina.security.SecurityListener.UMASK=0027
21-Jan-2026 10:08:34.740 INFO [main] org.apache.catalina.startup.VersionLoggerListener.log Command line argument: -Dignore.endorsed.dirs=
21-Jan-2026 10:08:34.740 INFO [main] org.apache.catalina.startup.VersionLoggerListener.log Command line argument: -Dcatalina.base=/opt/lms/tomcat
21-Jan-2026 10:08:34.740 INFO [main] org.apache.catalina.startup.VersionLoggerListener.log Command line argument: -Dcatalina.home=/opt/lms/tomcat
21-Jan-2026 10:08:34.740 INFO [main] org.apache.catalina.startup.VersionLoggerListener.log Command line argument: -Djava.io.tmpdir=/opt/lms/tomcat/temp
21-Jan-2026 10:08:34.748 INFO [main] org.apache.catalina.core.AprLifecycleListener.lifecycleEvent An older version [1.2.31] of the Apache Tomcat Native library is installed, while Tomcat recommends a minimum version of [1.3.0]
21-Jan-2026 10:08:34.749 INFO [main] org.apache.catalina.core.AprLifecycleListener.lifecycleEvent Loaded Apache Tomcat Native library [1.2.31] using APR version [1.7.0].
21-Jan-2026 10:08:34.749 INFO [main] org.apache.catalina.core.AprLifecycleListener.lifecycleEvent APR capabilities: IPv6 [true], sendfile [true], accept filters [false], random [true], UDS [true].
21-Jan-2026 10:08:34.749 INFO [main] org.apache.catalina.core.AprLifecycleListener.lifecycleEvent APR/OpenSSL configuration: useAprConnector [false], useOpenSSL [true]
21-Jan-2026 10:08:34.755 INFO [main] org.apache.catalina.core.AprLifecycleListener.initializeSSL OpenSSL successfully initialized [OpenSSL 3.0.2 15 Mar 2022]
21-Jan-2026 10:08:35.432 INFO [main] org.apache.coyote.AbstractProtocol.init Initializing ProtocolHandler ["http-nio-8001"]
21-Jan-2026 10:08:35.504 INFO [main] org.apache.catalina.startup.Catalina.load Server initialization in [1208] milliseconds
21-Jan-2026 10:08:35.644 INFO [main] org.apache.catalina.core.StandardService.startInternal Starting service [Catalina]
21-Jan-2026 10:08:35.645 INFO [main] org.apache.catalina.core.StandardEngine.startInternal Starting Servlet engine: [Apache Tomcat/9.0.96]
21-Jan-2026 10:08:35.660 INFO [main] org.apache.catalina.startup.HostConfig.deployWAR Deploying web application archive [/opt/lms/tomcat/webapps/ROOT.war]
21-Jan-2026 10:08:36.223 INFO [main] org.apache.catalina.startup.HostConfig.deployWAR Deployment of web application archive [/opt/lms/tomcat/webapps/ROOT.war] has finished in [563] ms
21-Jan-2026 10:08:36.225 INFO [main] org.apache.catalina.startup.HostConfig.deployDirectory Deploying web application directory [/opt/lms/tomcat/webapps/manager]
21-Jan-2026 10:08:36.292 INFO [main] org.apache.catalina.startup.HostConfig.deployDirectory Deployment of web application directory [/opt/lms/tomcat/webapps/manager] has finished in [68] ms
21-Jan-2026 10:08:36.293 INFO [main] org.apache.catalina.startup.HostConfig.deployDirectory Deploying web application directory [/opt/lms/tomcat/webapps/examples]
21-Jan-2026 10:08:36.718 INFO [main] org.apache.catalina.startup.HostConfig.deployDirectory Deployment of web application directory [/opt/lms/tomcat/webapps/examples] has finished in [425] ms
21-Jan-2026 10:08:36.718 INFO [main] org.apache.catalina.startup.HostConfig.deployDirectory Deploying web application directory [/opt/lms/tomcat/webapps/host-manager]
21-Jan-2026 10:08:36.766 INFO [main] org.apache.catalina.startup.HostConfig.deployDirectory Deployment of web application directory [/opt/lms/tomcat/webapps/host-manager] has finished in [47] ms
21-Jan-2026 10:08:36.766 INFO [main] org.apache.catalina.startup.HostConfig.deployDirectory Deploying web application directory [/opt/lms/tomcat/webapps/docs]
21-Jan-2026 10:08:36.788 INFO [main] org.apache.catalina.startup.HostConfig.deployDirectory Deployment of web application directory [/opt/lms/tomcat/webapps/docs] has finished in [22] ms
21-Jan-2026 10:08:36.797 INFO [main] org.apache.coyote.AbstractProtocol.start Starting ProtocolHandler ["http-nio-8001"]
21-Jan-2026 10:08:36.819 INFO [main] org.apache.catalina.startup.Catalina.start Server startup in [1314] milliseconds
21-Jan-2026 10:11:43.677 INFO [main] org.apache.catalina.core.StandardServer.await A valid shutdown command was received via the shutdown port. Stopping the Server instance.
21-Jan-2026 10:11:43.680 INFO [main] org.apache.coyote.AbstractProtocol.pause Pausing ProtocolHandler ["http-nio-8001"]
21-Jan-2026 10:11:43.688 INFO [main] org.apache.catalina.core.StandardService.stopInternal Stopping service [Catalina]
21-Jan-2026 10:11:43.750 INFO [main] org.apache.coyote.AbstractProtocol.stop Stopping ProtocolHandler ["http-nio-8001"]
21-Jan-2026 10:11:43.766 INFO [main] org.apache.coyote.AbstractProtocol.destroy Destroying ProtocolHandler ["http-nio-8001"]
21-Jan-2026 10:11:44.839 INFO [main] org.apache.catalina.startup.VersionLoggerListener.log Server version name:   Apache Tomcat/9.0.96
21-Jan-2026 10:11:44.852 INFO [main] org.apache.catalina.startup.VersionLoggerListener.log Server built:          Oct 3 2024 19:44:30 UTC
21-Jan-2026 10:11:44.853 INFO [main] org.apache.catalina.startup.VersionLoggerListener.log Server version number: 9.0.96.0
21-Jan-2026 10:11:44.853 INFO [main] org.apache.catalina.startup.VersionLoggerListener.log OS Name:               Linux
21-Jan-2026 10:11:44.853 INFO [main] org.apache.catalina.startup.VersionLoggerListener.log OS Version:            6.8.0-1044-aws
21-Jan-2026 10:11:44.853 INFO [main] org.apache.catalina.startup.VersionLoggerListener.log Architecture:          amd64
21-Jan-2026 10:11:44.853 INFO [main] org.apache.catalina.startup.VersionLoggerListener.log Java Home:             /usr/lib/jvm/java-17-openjdk-amd64
21-Jan-2026 10:11:44.853 INFO [main] org.apache.catalina.startup.VersionLoggerListener.log JVM Version:           17.0.17+10-Ubuntu-122.04
21-Jan-2026 10:11:44.854 INFO [main] org.apache.catalina.startup.VersionLoggerListener.log JVM Vendor:            Ubuntu
21-Jan-2026 10:11:44.855 INFO [main] org.apache.catalina.startup.VersionLoggerListener.log CATALINA_BASE:         /opt/lms/tomcat
21-Jan-2026 10:11:44.855 INFO [main] org.apache.catalina.startup.VersionLoggerListener.log CATALINA_HOME:         /opt/lms/tomcat
21-Jan-2026 10:11:44.869 INFO [main] org.apache.catalina.startup.VersionLoggerListener.log Command line argument: --add-opens=java.base/java.lang=ALL-UNNAMED
21-Jan-2026 10:11:44.869 INFO [main] org.apache.catalina.startup.VersionLoggerListener.log Command line argument: --add-opens=java.base/java.io=ALL-UNNAMED
21-Jan-2026 10:11:44.869 INFO [main] org.apache.catalina.startup.VersionLoggerListener.log Command line argument: --add-opens=java.base/java.util=ALL-UNNAMED
21-Jan-2026 10:11:44.869 INFO [main] org.apache.catalina.startup.VersionLoggerListener.log Command line argument: --add-opens=java.base/java.util.concurrent=ALL-UNNAMED
21-Jan-2026 10:11:44.869 INFO [main] org.apache.catalina.startup.VersionLoggerListener.log Command line argument: --add-opens=java.rmi/sun.rmi.transport=ALL-UNNAMED
21-Jan-2026 10:11:44.869 INFO [main] org.apache.catalina.startup.VersionLoggerListener.log Command line argument: -Djava.util.logging.config.file=/opt/lms/tomcat/conf/logging.properties
21-Jan-2026 10:11:44.870 INFO [main] org.apache.catalina.startup.VersionLoggerListener.log Command line argument: -Djava.util.logging.manager=org.apache.juli.ClassLoaderLogManager
21-Jan-2026 10:11:44.870 INFO [main] org.apache.catalina.startup.VersionLoggerListener.log Command line argument: -Djdk.tls.ephemeralDHKeySize=2048
21-Jan-2026 10:11:44.870 INFO [main] org.apache.catalina.startup.VersionLoggerListener.log Command line argument: -Djava.protocol.handler.pkgs=org.apache.catalina.webresources
21-Jan-2026 10:11:44.870 INFO [main] org.apache.catalina.startup.VersionLoggerListener.log Command line argument: -Dorg.apache.catalina.security.SecurityListener.UMASK=0027
21-Jan-2026 10:11:44.870 INFO [main] org.apache.catalina.startup.VersionLoggerListener.log Command line argument: -Dignore.endorsed.dirs=
21-Jan-2026 10:11:44.870 INFO [main] org.apache.catalina.startup.VersionLoggerListener.log Command line argument: -Dcatalina.base=/opt/lms/tomcat
21-Jan-2026 10:11:44.870 INFO [main] org.apache.catalina.startup.VersionLoggerListener.log Command line argument: -Dcatalina.home=/opt/lms/tomcat
21-Jan-2026 10:11:44.870 INFO [main] org.apache.catalina.startup.VersionLoggerListener.log Command line argument: -Djava.io.tmpdir=/opt/lms/tomcat/temp
21-Jan-2026 10:11:44.875 INFO [main] org.apache.catalina.core.AprLifecycleListener.lifecycleEvent An older version [1.2.31] of the Apache Tomcat Native library is installed, while Tomcat recommends a minimum version of [1.3.0]
21-Jan-2026 10:11:44.875 INFO [main] org.apache.catalina.core.AprLifecycleListener.lifecycleEvent Loaded Apache Tomcat Native library [1.2.31] using APR version [1.7.0].
21-Jan-2026 10:11:44.875 INFO [main] org.apache.catalina.core.AprLifecycleListener.lifecycleEvent APR capabilities: IPv6 [true], sendfile [true], accept filters [false], random [true], UDS [true].
21-Jan-2026 10:11:44.875 INFO [main] org.apache.catalina.core.AprLifecycleListener.lifecycleEvent APR/OpenSSL configuration: useAprConnector [false], useOpenSSL [true]
21-Jan-2026 10:11:44.880 INFO [main] org.apache.catalina.core.AprLifecycleListener.initializeSSL OpenSSL successfully initialized [OpenSSL 3.0.2 15 Mar 2022]
21-Jan-2026 10:11:45.419 INFO [main] org.apache.coyote.AbstractProtocol.init Initializing ProtocolHandler ["http-nio-8001"]
21-Jan-2026 10:11:45.469 INFO [main] org.apache.catalina.startup.Catalina.load Server initialization in [1270] milliseconds
21-Jan-2026 10:11:45.545 INFO [main] org.apache.catalina.core.StandardService.startInternal Starting service [Catalina]
21-Jan-2026 10:11:45.548 INFO [main] org.apache.catalina.core.StandardEngine.startInternal Starting Servlet engine: [Apache Tomcat/9.0.96]
21-Jan-2026 10:11:45.569 INFO [main] org.apache.catalina.startup.HostConfig.deployWAR Deploying web application archive [/opt/lms/tomcat/webapps/ROOT.war]
21-Jan-2026 10:11:46.037 INFO [main] org.apache.catalina.startup.HostConfig.deployWAR Deployment of web application archive [/opt/lms/tomcat/webapps/ROOT.war] has finished in [468] ms
21-Jan-2026 10:11:46.038 INFO [main] org.apache.catalina.startup.HostConfig.deployDirectory Deploying web application directory [/opt/lms/tomcat/webapps/manager]
21-Jan-2026 10:11:46.106 INFO [main] org.apache.catalina.startup.HostConfig.deployDirectory Deployment of web application directory [/opt/lms/tomcat/webapps/manager] has finished in [67] ms
21-Jan-2026 10:11:46.106 INFO [main] org.apache.catalina.startup.HostConfig.deployDirectory Deploying web application directory [/opt/lms/tomcat/webapps/examples]
21-Jan-2026 10:11:46.444 INFO [main] org.apache.catalina.startup.HostConfig.deployDirectory Deployment of web application directory [/opt/lms/tomcat/webapps/examples] has finished in [338] ms
21-Jan-2026 10:11:46.445 INFO [main] org.apache.catalina.startup.HostConfig.deployDirectory Deploying web application directory [/opt/lms/tomcat/webapps/host-manager]
21-Jan-2026 10:11:46.474 INFO [main] org.apache.catalina.startup.HostConfig.deployDirectory Deployment of web application directory [/opt/lms/tomcat/webapps/host-manager] has finished in [28] ms
21-Jan-2026 10:11:46.475 INFO [main] org.apache.catalina.startup.HostConfig.deployDirectory Deploying web application directory [/opt/lms/tomcat/webapps/docs]
21-Jan-2026 10:11:46.515 INFO [main] org.apache.catalina.startup.HostConfig.deployDirectory Deployment of web application directory [/opt/lms/tomcat/webapps/docs] has finished in [40] ms
21-Jan-2026 10:11:46.522 INFO [main] org.apache.coyote.AbstractProtocol.start Starting ProtocolHandler ["http-nio-8001"]
21-Jan-2026 10:11:46.538 INFO [main] org.apache.catalina.startup.Catalina.start Server startup in [1065] milliseconds
21-Jan-2026 10:11:55.641 INFO [main] org.apache.catalina.startup.VersionLoggerListener.log Server version name:   Apache Tomcat/9.0.96
21-Jan-2026 10:11:55.645 INFO [main] org.apache.catalina.startup.VersionLoggerListener.log Server built:          Oct 3 2024 19:44:30 UTC
21-Jan-2026 10:11:55.645 INFO [main] org.apache.catalina.startup.VersionLoggerListener.log Server version number: 9.0.96.0
21-Jan-2026 10:11:55.646 INFO [main] org.apache.catalina.startup.VersionLoggerListener.log OS Name:               Linux
21-Jan-2026 10:11:55.646 INFO [main] org.apache.catalina.startup.VersionLoggerListener.log OS Version:            6.8.0-1044-aws
21-Jan-2026 10:11:55.646 INFO [main] org.apache.catalina.startup.VersionLoggerListener.log Architecture:          amd64
21-Jan-2026 10:11:55.646 INFO [main] org.apache.catalina.startup.VersionLoggerListener.log Java Home:             /usr/lib/jvm/java-11-openjdk-amd64
21-Jan-2026 10:11:55.646 INFO [main] org.apache.catalina.startup.VersionLoggerListener.log JVM Version:           11.0.29+7-post-Ubuntu-1ubuntu122.04
21-Jan-2026 10:11:55.646 INFO [main] org.apache.catalina.startup.VersionLoggerListener.log JVM Vendor:            Ubuntu
21-Jan-2026 10:11:55.647 INFO [main] org.apache.catalina.startup.VersionLoggerListener.log CATALINA_BASE:         /opt/lms/tomcat
21-Jan-2026 10:11:55.647 INFO [main] org.apache.catalina.startup.VersionLoggerListener.log CATALINA_HOME:         /opt/lms/tomcat
21-Jan-2026 10:11:55.663 INFO [main] org.apache.catalina.startup.VersionLoggerListener.log Command line argument: --add-opens=java.base/java.lang=ALL-UNNAMED
21-Jan-2026 10:11:55.664 INFO [main] org.apache.catalina.startup.VersionLoggerListener.log Command line argument: --add-opens=java.base/java.io=ALL-UNNAMED
21-Jan-2026 10:11:55.664 INFO [main] org.apache.catalina.startup.VersionLoggerListener.log Command line argument: --add-opens=java.base/java.util=ALL-UNNAMED
21-Jan-2026 10:11:55.664 INFO [main] org.apache.catalina.startup.VersionLoggerListener.log Command line argument: --add-opens=java.base/java.util.concurrent=ALL-UNNAMED
21-Jan-2026 10:11:55.665 INFO [main] org.apache.catalina.startup.VersionLoggerListener.log Command line argument: --add-opens=java.rmi/sun.rmi.transport=ALL-UNNAMED
21-Jan-2026 10:11:55.665 INFO [main] org.apache.catalina.startup.VersionLoggerListener.log Command line argument: -Djava.util.logging.config.file=/opt/lms/tomcat/conf/logging.properties
21-Jan-2026 10:11:55.666 INFO [main] org.apache.catalina.startup.VersionLoggerListener.log Command line argument: -Djava.util.logging.manager=org.apache.juli.ClassLoaderLogManager
21-Jan-2026 10:11:55.666 INFO [main] org.apache.catalina.startup.VersionLoggerListener.log Command line argument: -Djdk.tls.ephemeralDHKeySize=2048
21-Jan-2026 10:11:55.670 INFO [main] org.apache.catalina.startup.VersionLoggerListener.log Command line argument: -Djava.protocol.handler.pkgs=org.apache.catalina.webresources
21-Jan-2026 10:11:55.671 INFO [main] org.apache.catalina.startup.VersionLoggerListener.log Command line argument: -Dorg.apache.catalina.security.SecurityListener.UMASK=0027
21-Jan-2026 10:11:55.671 INFO [main] org.apache.catalina.startup.VersionLoggerListener.log Command line argument: -Dignore.endorsed.dirs=
21-Jan-2026 10:11:55.671 INFO [main] org.apache.catalina.startup.VersionLoggerListener.log Command line argument: -Dcatalina.base=/opt/lms/tomcat
21-Jan-2026 10:11:55.671 INFO [main] org.apache.catalina.startup.VersionLoggerListener.log Command line argument: -Dcatalina.home=/opt/lms/tomcat
21-Jan-2026 10:11:55.671 INFO [main] org.apache.catalina.startup.VersionLoggerListener.log Command line argument: -Djava.io.tmpdir=/opt/lms/tomcat/temp
21-Jan-2026 10:11:55.679 INFO [main] org.apache.catalina.core.AprLifecycleListener.lifecycleEvent An older version [1.2.31] of the Apache Tomcat Native library is installed, while Tomcat recommends a minimum version of [1.3.0]
21-Jan-2026 10:11:55.679 INFO [main] org.apache.catalina.core.AprLifecycleListener.lifecycleEvent Loaded Apache Tomcat Native library [1.2.31] using APR version [1.7.0].
21-Jan-2026 10:11:55.679 INFO [main] org.apache.catalina.core.AprLifecycleListener.lifecycleEvent APR capabilities: IPv6 [true], sendfile [true], accept filters [false], random [true], UDS [true].
21-Jan-2026 10:11:55.679 INFO [main] org.apache.catalina.core.AprLifecycleListener.lifecycleEvent APR/OpenSSL configuration: useAprConnector [false], useOpenSSL [true]
21-Jan-2026 10:11:55.689 INFO [main] org.apache.catalina.core.AprLifecycleListener.initializeSSL OpenSSL successfully initialized [OpenSSL 3.0.2 15 Mar 2022]
21-Jan-2026 10:11:56.290 INFO [main] org.apache.coyote.AbstractProtocol.init Initializing ProtocolHandler ["http-nio-8001"]
21-Jan-2026 10:11:56.310 SEVERE [main] org.apache.catalina.util.LifecycleBase.handleSubClassException Failed to initialize component [Connector["http-nio-8001"]]
	org.apache.catalina.LifecycleException: Protocol handler initialization failed
		at org.apache.catalina.connector.Connector.initInternal(Connector.java:1027)
		at org.apache.catalina.util.LifecycleBase.init(LifecycleBase.java:122)
		at org.apache.catalina.core.StandardService.initInternal(StandardService.java:525)
		at org.apache.catalina.util.LifecycleBase.init(LifecycleBase.java:122)
		at org.apache.catalina.core.StandardServer.initInternal(StandardServer.java:986)
		at org.apache.catalina.util.LifecycleBase.init(LifecycleBase.java:122)
		at org.apache.catalina.startup.Catalina.load(Catalina.java:686)
		at org.apache.catalina.startup.Catalina.load(Catalina.java:709)
		at java.base/jdk.internal.reflect.NativeMethodAccessorImpl.invoke0(Native Method)
		at java.base/jdk.internal.reflect.NativeMethodAccessorImpl.invoke(NativeMethodAccessorImpl.java:62)
		at java.base/jdk.internal.reflect.DelegatingMethodAccessorImpl.invoke(DelegatingMethodAccessorImpl.java:43)
		at java.base/java.lang.reflect.Method.invoke(Method.java:566)
		at org.apache.catalina.startup.Bootstrap.load(Bootstrap.java:302)
		at org.apache.catalina.startup.Bootstrap.main(Bootstrap.java:472)
	Caused by: java.net.BindException: Address already in use
		at java.base/sun.nio.ch.Net.bind0(Native Method)
		at java.base/sun.nio.ch.Net.bind(Net.java:459)
		at java.base/sun.nio.ch.Net.bind(Net.java:448)
		at java.base/sun.nio.ch.ServerSocketChannelImpl.bind(ServerSocketChannelImpl.java:227)
		at org.apache.tomcat.util.net.NioEndpoint.initServerSocket(NioEndpoint.java:268)
		at org.apache.tomcat.util.net.NioEndpoint.bind(NioEndpoint.java:223)
		at org.apache.tomcat.util.net.AbstractEndpoint.bindWithCleanup(AbstractEndpoint.java:1373)
		at org.apache.tomcat.util.net.AbstractEndpoint.init(AbstractEndpoint.java:1386)
		at org.apache.coyote.AbstractProtocol.init(AbstractProtocol.java:663)
		at org.apache.coyote.http11.AbstractHttp11Protocol.init(AbstractHttp11Protocol.java:77)
		at org.apache.catalina.connector.Connector.initInternal(Connector.java:1025)
		... 13 more
21-Jan-2026 10:11:56.312 INFO [main] org.apache.catalina.startup.Catalina.load Server initialization in [1031] milliseconds
21-Jan-2026 10:11:56.443 INFO [main] org.apache.catalina.core.StandardService.startInternal Starting service [Catalina]
21-Jan-2026 10:11:56.443 INFO [main] org.apache.catalina.core.StandardEngine.startInternal Starting Servlet engine: [Apache Tomcat/9.0.96]
21-Jan-2026 10:11:56.468 INFO [main] org.apache.catalina.startup.HostConfig.deployWAR Deploying web application archive [/opt/lms/tomcat/webapps/ROOT.war]
21-Jan-2026 10:11:56.988 INFO [main] org.apache.catalina.startup.HostConfig.deployWAR Deployment of web application archive [/opt/lms/tomcat/webapps/ROOT.war] has finished in [520] ms
21-Jan-2026 10:11:56.989 INFO [main] org.apache.catalina.startup.HostConfig.deployDirectory Deploying web application directory [/opt/lms/tomcat/webapps/manager]
21-Jan-2026 10:11:57.070 INFO [main] org.apache.catalina.startup.HostConfig.deployDirectory Deployment of web application directory [/opt/lms/tomcat/webapps/manager] has finished in [81] ms
21-Jan-2026 10:11:57.071 INFO [main] org.apache.catalina.startup.HostConfig.deployDirectory Deploying web application directory [/opt/lms/tomcat/webapps/examples]
21-Jan-2026 10:11:57.490 INFO [main] org.apache.catalina.startup.HostConfig.deployDirectory Deployment of web application directory [/opt/lms/tomcat/webapps/examples] has finished in [419] ms
21-Jan-2026 10:11:57.491 INFO [main] org.apache.catalina.startup.HostConfig.deployDirectory Deploying web application directory [/opt/lms/tomcat/webapps/host-manager]
21-Jan-2026 10:11:57.518 INFO [main] org.apache.catalina.startup.HostConfig.deployDirectory Deployment of web application directory [/opt/lms/tomcat/webapps/host-manager] has finished in [28] ms
21-Jan-2026 10:11:57.518 INFO [main] org.apache.catalina.startup.HostConfig.deployDirectory Deploying web application directory [/opt/lms/tomcat/webapps/docs]
21-Jan-2026 10:11:57.543 INFO [main] org.apache.catalina.startup.HostConfig.deployDirectory Deployment of web application directory [/opt/lms/tomcat/webapps/docs] has finished in [25] ms
21-Jan-2026 10:11:57.553 INFO [main] org.apache.catalina.startup.Catalina.start Server startup in [1241] milliseconds
21-Jan-2026 10:11:57.556 SEVERE [main] org.apache.catalina.core.StandardServer.await Failed to create server shutdown socket on address [localhost] and port [8005] (base port [8005] and offset [0])
	java.net.BindException: Address already in use (Bind failed)
		at java.base/java.net.PlainSocketImpl.socketBind(Native Method)
		at java.base/java.net.AbstractPlainSocketImpl.bind(AbstractPlainSocketImpl.java:452)
		at java.base/java.net.ServerSocket.bind(ServerSocket.java:395)
		at java.base/java.net.ServerSocket.<init>(ServerSocket.java:257)
		at org.apache.catalina.core.StandardServer.await(StandardServer.java:537)
		at org.apache.catalina.startup.Catalina.await(Catalina.java:825)
		at org.apache.catalina.startup.Catalina.start(Catalina.java:773)
		at java.base/jdk.internal.reflect.NativeMethodAccessorImpl.invoke0(Native Method)
		at java.base/jdk.internal.reflect.NativeMethodAccessorImpl.invoke(NativeMethodAccessorImpl.java:62)
		at java.base/jdk.internal.reflect.DelegatingMethodAccessorImpl.invoke(DelegatingMethodAccessorImpl.java:43)
		at java.base/java.lang.reflect.Method.invoke(Method.java:566)
		at org.apache.catalina.startup.Bootstrap.start(Bootstrap.java:345)
		at org.apache.catalina.startup.Bootstrap.main(Bootstrap.java:473)
21-Jan-2026 10:11:57.557 INFO [main] org.apache.coyote.AbstractProtocol.pause Pausing ProtocolHandler ["http-nio-8001"]
21-Jan-2026 10:11:57.557 INFO [main] org.apache.catalina.core.StandardService.stopInternal Stopping service [Catalina]
21-Jan-2026 10:11:57.598 INFO [main] org.apache.coyote.AbstractProtocol.stop Stopping ProtocolHandler ["http-nio-8001"]
21-Jan-2026 10:11:57.601 INFO [main] org.apache.coyote.AbstractProtocol.destroy Destroying ProtocolHandler ["http-nio-8001"]
21-Jan-2026 10:11:58.024 INFO [main] org.apache.catalina.core.StandardServer.await A valid shutdown command was received via the shutdown port. Stopping the Server instance.
21-Jan-2026 10:11:58.026 INFO [main] org.apache.coyote.AbstractProtocol.pause Pausing ProtocolHandler ["http-nio-8001"]
21-Jan-2026 10:11:58.033 INFO [main] org.apache.catalina.core.StandardService.stopInternal Stopping service [Catalina]
21-Jan-2026 10:11:58.083 INFO [main] org.apache.coyote.AbstractProtocol.stop Stopping ProtocolHandler ["http-nio-8001"]
21-Jan-2026 10:11:58.094 INFO [main] org.apache.coyote.AbstractProtocol.destroy Destroying ProtocolHandler ["http-nio-8001"]
21-Jan-2026 10:12:08.902 INFO [main] org.apache.catalina.startup.VersionLoggerListener.log Server version name:   Apache Tomcat/9.0.96
21-Jan-2026 10:12:08.908 INFO [main] org.apache.catalina.startup.VersionLoggerListener.log Server built:          Oct 3 2024 19:44:30 UTC
21-Jan-2026 10:12:08.908 INFO [main] org.apache.catalina.startup.VersionLoggerListener.log Server version number: 9.0.96.0
21-Jan-2026 10:12:08.908 INFO [main] org.apache.catalina.startup.VersionLoggerListener.log OS Name:               Linux
21-Jan-2026 10:12:08.908 INFO [main] org.apache.catalina.startup.VersionLoggerListener.log OS Version:            6.8.0-1044-aws
21-Jan-2026 10:12:08.909 INFO [main] org.apache.catalina.startup.VersionLoggerListener.log Architecture:          amd64
21-Jan-2026 10:12:08.909 INFO [main] org.apache.catalina.startup.VersionLoggerListener.log Java Home:             /usr/lib/jvm/java-11-openjdk-amd64
21-Jan-2026 10:12:08.909 INFO [main] org.apache.catalina.startup.VersionLoggerListener.log JVM Version:           11.0.29+7-post-Ubuntu-1ubuntu122.04
21-Jan-2026 10:12:08.909 INFO [main] org.apache.catalina.startup.VersionLoggerListener.log JVM Vendor:            Ubuntu
21-Jan-2026 10:12:08.911 INFO [main] org.apache.catalina.startup.VersionLoggerListener.log CATALINA_BASE:         /opt/lms/tomcat
21-Jan-2026 10:12:08.911 INFO [main] org.apache.catalina.startup.VersionLoggerListener.log CATALINA_HOME:         /opt/lms/tomcat
21-Jan-2026 10:12:08.939 INFO [main] org.apache.catalina.startup.VersionLoggerListener.log Command line argument: --add-opens=java.base/java.lang=ALL-UNNAMED
21-Jan-2026 10:12:08.940 INFO [main] org.apache.catalina.startup.VersionLoggerListener.log Command line argument: --add-opens=java.base/java.io=ALL-UNNAMED
21-Jan-2026 10:12:08.940 INFO [main] org.apache.catalina.startup.VersionLoggerListener.log Command line argument: --add-opens=java.base/java.util=ALL-UNNAMED
21-Jan-2026 10:12:08.940 INFO [main] org.apache.catalina.startup.VersionLoggerListener.log Command line argument: --add-opens=java.base/java.util.concurrent=ALL-UNNAMED
21-Jan-2026 10:12:08.940 INFO [main] org.apache.catalina.startup.VersionLoggerListener.log Command line argument: --add-opens=java.rmi/sun.rmi.transport=ALL-UNNAMED
21-Jan-2026 10:12:08.944 INFO [main] org.apache.catalina.startup.VersionLoggerListener.log Command line argument: -Djava.util.logging.config.file=/opt/lms/tomcat/conf/logging.properties
21-Jan-2026 10:12:08.944 INFO [main] org.apache.catalina.startup.VersionLoggerListener.log Command line argument: -Djava.util.logging.manager=org.apache.juli.ClassLoaderLogManager
21-Jan-2026 10:12:08.944 INFO [main] org.apache.catalina.startup.VersionLoggerListener.log Command line argument: -Djdk.tls.ephemeralDHKeySize=2048
21-Jan-2026 10:12:08.944 INFO [main] org.apache.catalina.startup.VersionLoggerListener.log Command line argument: -Djava.protocol.handler.pkgs=org.apache.catalina.webresources
21-Jan-2026 10:12:08.944 INFO [main] org.apache.catalina.startup.VersionLoggerListener.log Command line argument: -Dorg.apache.catalina.security.SecurityListener.UMASK=0027
21-Jan-2026 10:12:08.944 INFO [main] org.apache.catalina.startup.VersionLoggerListener.log Command line argument: -Dignore.endorsed.dirs=
21-Jan-2026 10:12:08.944 INFO [main] org.apache.catalina.startup.VersionLoggerListener.log Command line argument: -Dcatalina.base=/opt/lms/tomcat
21-Jan-2026 10:12:08.945 INFO [main] org.apache.catalina.startup.VersionLoggerListener.log Command line argument: -Dcatalina.home=/opt/lms/tomcat
21-Jan-2026 10:12:08.945 INFO [main] org.apache.catalina.startup.VersionLoggerListener.log Command line argument: -Djava.io.tmpdir=/opt/lms/tomcat/temp
21-Jan-2026 10:12:08.953 INFO [main] org.apache.catalina.core.AprLifecycleListener.lifecycleEvent An older version [1.2.31] of the Apache Tomcat Native library is installed, while Tomcat recommends a minimum version of [1.3.0]
21-Jan-2026 10:12:08.956 INFO [main] org.apache.catalina.core.AprLifecycleListener.lifecycleEvent Loaded Apache Tomcat Native library [1.2.31] using APR version [1.7.0].
21-Jan-2026 10:12:08.956 INFO [main] org.apache.catalina.core.AprLifecycleListener.lifecycleEvent APR capabilities: IPv6 [true], sendfile [true], accept filters [false], random [true], UDS [true].
21-Jan-2026 10:12:08.956 INFO [main] org.apache.catalina.core.AprLifecycleListener.lifecycleEvent APR/OpenSSL configuration: useAprConnector [false], useOpenSSL [true]
21-Jan-2026 10:12:08.966 INFO [main] org.apache.catalina.core.AprLifecycleListener.initializeSSL OpenSSL successfully initialized [OpenSSL 3.0.2 15 Mar 2022]
21-Jan-2026 10:12:09.615 INFO [main] org.apache.coyote.AbstractProtocol.init Initializing ProtocolHandler ["http-nio-8001"]
21-Jan-2026 10:12:09.681 INFO [main] org.apache.catalina.startup.Catalina.load Server initialization in [1157] milliseconds
21-Jan-2026 10:12:09.795 INFO [main] org.apache.catalina.core.StandardService.startInternal Starting service [Catalina]
21-Jan-2026 10:12:09.797 INFO [main] org.apache.catalina.core.StandardEngine.startInternal Starting Servlet engine: [Apache Tomcat/9.0.96]
21-Jan-2026 10:12:09.821 INFO [main] org.apache.catalina.startup.HostConfig.deployWAR Deploying web application archive [/opt/lms/tomcat/webapps/ROOT.war]
21-Jan-2026 10:12:10.253 INFO [main] org.apache.catalina.startup.HostConfig.deployWAR Deployment of web application archive [/opt/lms/tomcat/webapps/ROOT.war] has finished in [432] ms
21-Jan-2026 10:12:10.254 INFO [main] org.apache.catalina.startup.HostConfig.deployDirectory Deploying web application directory [/opt/lms/tomcat/webapps/manager]
21-Jan-2026 10:12:10.309 INFO [main] org.apache.catalina.startup.HostConfig.deployDirectory Deployment of web application directory [/opt/lms/tomcat/webapps/manager] has finished in [55] ms
21-Jan-2026 10:12:10.310 INFO [main] org.apache.catalina.startup.HostConfig.deployDirectory Deploying web application directory [/opt/lms/tomcat/webapps/examples]
21-Jan-2026 10:12:10.645 INFO [main] org.apache.catalina.startup.HostConfig.deployDirectory Deployment of web application directory [/opt/lms/tomcat/webapps/examples] has finished in [335] ms
21-Jan-2026 10:12:10.645 INFO [main] org.apache.catalina.startup.HostConfig.deployDirectory Deploying web application directory [/opt/lms/tomcat/webapps/host-manager]
21-Jan-2026 10:12:10.672 INFO [main] org.apache.catalina.startup.HostConfig.deployDirectory Deployment of web application directory [/opt/lms/tomcat/webapps/host-manager] has finished in [26] ms
21-Jan-2026 10:12:10.672 INFO [main] org.apache.catalina.startup.HostConfig.deployDirectory Deploying web application directory [/opt/lms/tomcat/webapps/docs]
21-Jan-2026 10:12:10.694 INFO [main] org.apache.catalina.startup.HostConfig.deployDirectory Deployment of web application directory [/opt/lms/tomcat/webapps/docs] has finished in [22] ms
21-Jan-2026 10:12:10.702 INFO [main] org.apache.coyote.AbstractProtocol.start Starting ProtocolHandler ["http-nio-8001"]
21-Jan-2026 10:12:10.724 INFO [main] org.apache.catalina.startup.Catalina.start Server startup in [1042] milliseconds
21-Jan-2026 10:13:58.621 INFO [main] org.apache.catalina.core.StandardServer.await A valid shutdown command was received via the shutdown port. Stopping the Server instance.
21-Jan-2026 10:13:58.622 INFO [main] org.apache.coyote.AbstractProtocol.pause Pausing ProtocolHandler ["http-nio-8001"]
21-Jan-2026 10:13:58.629 INFO [main] org.apache.catalina.core.StandardService.stopInternal Stopping service [Catalina]
21-Jan-2026 10:13:58.675 INFO [main] org.apache.coyote.AbstractProtocol.stop Stopping ProtocolHandler ["http-nio-8001"]
21-Jan-2026 10:13:58.689 INFO [main] org.apache.coyote.AbstractProtocol.destroy Destroying ProtocolHandler ["http-nio-8001"]
21-Jan-2026 10:13:59.869 INFO [main] org.apache.catalina.startup.VersionLoggerListener.log Server version name:   Apache Tomcat/9.0.96
21-Jan-2026 10:13:59.878 INFO [main] org.apache.catalina.startup.VersionLoggerListener.log Server built:          Oct 3 2024 19:44:30 UTC
21-Jan-2026 10:13:59.878 INFO [main] org.apache.catalina.startup.VersionLoggerListener.log Server version number: 9.0.96.0
21-Jan-2026 10:13:59.878 INFO [main] org.apache.catalina.startup.VersionLoggerListener.log OS Name:               Linux
21-Jan-2026 10:13:59.879 INFO [main] org.apache.catalina.startup.VersionLoggerListener.log OS Version:            6.8.0-1044-aws
21-Jan-2026 10:13:59.879 INFO [main] org.apache.catalina.startup.VersionLoggerListener.log Architecture:          amd64
21-Jan-2026 10:13:59.879 INFO [main] org.apache.catalina.startup.VersionLoggerListener.log Java Home:             /usr/lib/jvm/java-17-openjdk-amd64
21-Jan-2026 10:13:59.879 INFO [main] org.apache.catalina.startup.VersionLoggerListener.log JVM Version:           17.0.17+10-Ubuntu-122.04
21-Jan-2026 10:13:59.879 INFO [main] org.apache.catalina.startup.VersionLoggerListener.log JVM Vendor:            Ubuntu
21-Jan-2026 10:13:59.879 INFO [main] org.apache.catalina.startup.VersionLoggerListener.log CATALINA_BASE:         /opt/lms/tomcat
21-Jan-2026 10:13:59.879 INFO [main] org.apache.catalina.startup.VersionLoggerListener.log CATALINA_HOME:         /opt/lms/tomcat
21-Jan-2026 10:13:59.892 INFO [main] org.apache.catalina.startup.VersionLoggerListener.log Command line argument: --add-opens=java.base/java.lang=ALL-UNNAMED
21-Jan-2026 10:13:59.892 INFO [main] org.apache.catalina.startup.VersionLoggerListener.log Command line argument: --add-opens=java.base/java.io=ALL-UNNAMED
21-Jan-2026 10:13:59.892 INFO [main] org.apache.catalina.startup.VersionLoggerListener.log Command line argument: --add-opens=java.base/java.util=ALL-UNNAMED
21-Jan-2026 10:13:59.892 INFO [main] org.apache.catalina.startup.VersionLoggerListener.log Command line argument: --add-opens=java.base/java.util.concurrent=ALL-UNNAMED
21-Jan-2026 10:13:59.894 INFO [main] org.apache.catalina.startup.VersionLoggerListener.log Command line argument: --add-opens=java.rmi/sun.rmi.transport=ALL-UNNAMED
21-Jan-2026 10:13:59.894 INFO [main] org.apache.catalina.startup.VersionLoggerListener.log Command line argument: -Djava.util.logging.config.file=/opt/lms/tomcat/conf/logging.properties
21-Jan-2026 10:13:59.894 INFO [main] org.apache.catalina.startup.VersionLoggerListener.log Command line argument: -Djava.util.logging.manager=org.apache.juli.ClassLoaderLogManager
21-Jan-2026 10:13:59.894 INFO [main] org.apache.catalina.startup.VersionLoggerListener.log Command line argument: -Djdk.tls.ephemeralDHKeySize=2048
21-Jan-2026 10:13:59.894 INFO [main] org.apache.catalina.startup.VersionLoggerListener.log Command line argument: -Djava.protocol.handler.pkgs=org.apache.catalina.webresources
21-Jan-2026 10:13:59.895 INFO [main] org.apache.catalina.startup.VersionLoggerListener.log Command line argument: -Dorg.apache.catalina.security.SecurityListener.UMASK=0027
21-Jan-2026 10:13:59.895 INFO [main] org.apache.catalina.startup.VersionLoggerListener.log Command line argument: -Dignore.endorsed.dirs=
21-Jan-2026 10:13:59.895 INFO [main] org.apache.catalina.startup.VersionLoggerListener.log Command line argument: -Dcatalina.base=/opt/lms/tomcat
21-Jan-2026 10:13:59.895 INFO [main] org.apache.catalina.startup.VersionLoggerListener.log Command line argument: -Dcatalina.home=/opt/lms/tomcat
21-Jan-2026 10:13:59.895 INFO [main] org.apache.catalina.startup.VersionLoggerListener.log Command line argument: -Djava.io.tmpdir=/opt/lms/tomcat/temp
21-Jan-2026 10:13:59.903 INFO [main] org.apache.catalina.core.AprLifecycleListener.lifecycleEvent An older version [1.2.31] of the Apache Tomcat Native library is installed, while Tomcat recommends a minimum version of [1.3.0]
21-Jan-2026 10:13:59.903 INFO [main] org.apache.catalina.core.AprLifecycleListener.lifecycleEvent Loaded Apache Tomcat Native library [1.2.31] using APR version [1.7.0].
21-Jan-2026 10:13:59.903 INFO [main] org.apache.catalina.core.AprLifecycleListener.lifecycleEvent APR capabilities: IPv6 [true], sendfile [true], accept filters [false], random [true], UDS [true].
21-Jan-2026 10:13:59.903 INFO [main] org.apache.catalina.core.AprLifecycleListener.lifecycleEvent APR/OpenSSL configuration: useAprConnector [false], useOpenSSL [true]
21-Jan-2026 10:13:59.909 INFO [main] org.apache.catalina.core.AprLifecycleListener.initializeSSL OpenSSL successfully initialized [OpenSSL 3.0.2 15 Mar 2022]
21-Jan-2026 10:14:00.416 INFO [main] org.apache.coyote.AbstractProtocol.init Initializing ProtocolHandler ["http-nio-8001"]
21-Jan-2026 10:14:00.474 INFO [main] org.apache.catalina.startup.Catalina.load Server initialization in [1256] milliseconds
21-Jan-2026 10:14:00.554 INFO [main] org.apache.catalina.core.StandardService.startInternal Starting service [Catalina]
21-Jan-2026 10:14:00.554 INFO [main] org.apache.catalina.core.StandardEngine.startInternal Starting Servlet engine: [Apache Tomcat/9.0.96]
21-Jan-2026 10:14:00.579 INFO [main] org.apache.catalina.startup.HostConfig.deployWAR Deploying web application archive [/opt/lms/tomcat/webapps/ROOT.war]
21-Jan-2026 10:14:01.064 INFO [main] org.apache.catalina.startup.HostConfig.deployWAR Deployment of web application archive [/opt/lms/tomcat/webapps/ROOT.war] has finished in [485] ms
21-Jan-2026 10:14:01.067 INFO [main] org.apache.catalina.startup.HostConfig.deployDirectory Deploying web application directory [/opt/lms/tomcat/webapps/manager]
21-Jan-2026 10:14:01.136 INFO [main] org.apache.catalina.startup.HostConfig.deployDirectory Deployment of web application directory [/opt/lms/tomcat/webapps/manager] has finished in [69] ms
21-Jan-2026 10:14:01.137 INFO [main] org.apache.catalina.startup.HostConfig.deployDirectory Deploying web application directory [/opt/lms/tomcat/webapps/examples]
21-Jan-2026 10:14:01.499 INFO [main] org.apache.catalina.startup.HostConfig.deployDirectory Deployment of web application directory [/opt/lms/tomcat/webapps/examples] has finished in [361] ms
21-Jan-2026 10:14:01.499 INFO [main] org.apache.catalina.startup.HostConfig.deployDirectory Deploying web application directory [/opt/lms/tomcat/webapps/host-manager]
21-Jan-2026 10:14:01.559 INFO [main] org.apache.catalina.startup.HostConfig.deployDirectory Deployment of web application directory [/opt/lms/tomcat/webapps/host-manager] has finished in [60] ms
21-Jan-2026 10:14:01.560 INFO [main] org.apache.catalina.startup.HostConfig.deployDirectory Deploying web application directory [/opt/lms/tomcat/webapps/docs]
21-Jan-2026 10:14:01.609 INFO [main] org.apache.catalina.startup.HostConfig.deployDirectory Deployment of web application directory [/opt/lms/tomcat/webapps/docs] has finished in [47] ms
21-Jan-2026 10:14:01.619 INFO [main] org.apache.coyote.AbstractProtocol.start Starting ProtocolHandler ["http-nio-8001"]
21-Jan-2026 10:14:01.641 INFO [main] org.apache.catalina.startup.Catalina.start Server startup in [1165] milliseconds
21-Jan-2026 10:14:10.612 INFO [main] org.apache.catalina.startup.VersionLoggerListener.log Server version name:   Apache Tomcat/9.0.96
21-Jan-2026 10:14:10.619 INFO [main] org.apache.catalina.startup.VersionLoggerListener.log Server built:          Oct 3 2024 19:44:30 UTC
21-Jan-2026 10:14:10.620 INFO [main] org.apache.catalina.startup.VersionLoggerListener.log Server version number: 9.0.96.0
21-Jan-2026 10:14:10.620 INFO [main] org.apache.catalina.startup.VersionLoggerListener.log OS Name:               Linux
21-Jan-2026 10:14:10.620 INFO [main] org.apache.catalina.startup.VersionLoggerListener.log OS Version:            6.8.0-1044-aws
21-Jan-2026 10:14:10.621 INFO [main] org.apache.catalina.startup.VersionLoggerListener.log Architecture:          amd64
21-Jan-2026 10:14:10.621 INFO [main] org.apache.catalina.startup.VersionLoggerListener.log Java Home:             /usr/lib/jvm/java-11-openjdk-amd64
21-Jan-2026 10:14:10.621 INFO [main] org.apache.catalina.startup.VersionLoggerListener.log JVM Version:           11.0.29+7-post-Ubuntu-1ubuntu122.04
21-Jan-2026 10:14:10.621 INFO [main] org.apache.catalina.startup.VersionLoggerListener.log JVM Vendor:            Ubuntu
21-Jan-2026 10:14:10.622 INFO [main] org.apache.catalina.startup.VersionLoggerListener.log CATALINA_BASE:         /opt/lms/tomcat
21-Jan-2026 10:14:10.622 INFO [main] org.apache.catalina.startup.VersionLoggerListener.log CATALINA_HOME:         /opt/lms/tomcat
21-Jan-2026 10:14:10.642 INFO [main] org.apache.catalina.startup.VersionLoggerListener.log Command line argument: --add-opens=java.base/java.lang=ALL-UNNAMED
21-Jan-2026 10:14:10.642 INFO [main] org.apache.catalina.startup.VersionLoggerListener.log Command line argument: --add-opens=java.base/java.io=ALL-UNNAMED
21-Jan-2026 10:14:10.642 INFO [main] org.apache.catalina.startup.VersionLoggerListener.log Command line argument: --add-opens=java.base/java.util=ALL-UNNAMED
21-Jan-2026 10:14:10.642 INFO [main] org.apache.catalina.startup.VersionLoggerListener.log Command line argument: --add-opens=java.base/java.util.concurrent=ALL-UNNAMED
21-Jan-2026 10:14:10.642 INFO [main] org.apache.catalina.startup.VersionLoggerListener.log Command line argument: --add-opens=java.rmi/sun.rmi.transport=ALL-UNNAMED
21-Jan-2026 10:14:10.643 INFO [main] org.apache.catalina.startup.VersionLoggerListener.log Command line argument: -Djava.util.logging.config.file=/opt/lms/tomcat/conf/logging.properties
21-Jan-2026 10:14:10.643 INFO [main] org.apache.catalina.startup.VersionLoggerListener.log Command line argument: -Djava.util.logging.manager=org.apache.juli.ClassLoaderLogManager
21-Jan-2026 10:14:10.643 INFO [main] org.apache.catalina.startup.VersionLoggerListener.log Command line argument: -Djdk.tls.ephemeralDHKeySize=2048
21-Jan-2026 10:14:10.644 INFO [main] org.apache.catalina.startup.VersionLoggerListener.log Command line argument: -Djava.protocol.handler.pkgs=org.apache.catalina.webresources
21-Jan-2026 10:14:10.644 INFO [main] org.apache.catalina.startup.VersionLoggerListener.log Command line argument: -Dorg.apache.catalina.security.SecurityListener.UMASK=0027
21-Jan-2026 10:14:10.644 INFO [main] org.apache.catalina.startup.VersionLoggerListener.log Command line argument: -Dignore.endorsed.dirs=
21-Jan-2026 10:14:10.645 INFO [main] org.apache.catalina.startup.VersionLoggerListener.log Command line argument: -Dcatalina.base=/opt/lms/tomcat
21-Jan-2026 10:14:10.645 INFO [main] org.apache.catalina.startup.VersionLoggerListener.log Command line argument: -Dcatalina.home=/opt/lms/tomcat
21-Jan-2026 10:14:10.645 INFO [main] org.apache.catalina.startup.VersionLoggerListener.log Command line argument: -Djava.io.tmpdir=/opt/lms/tomcat/temp
21-Jan-2026 10:14:10.653 INFO [main] org.apache.catalina.core.AprLifecycleListener.lifecycleEvent An older version [1.2.31] of the Apache Tomcat Native library is installed, while Tomcat recommends a minimum version of [1.3.0]
21-Jan-2026 10:14:10.654 INFO [main] org.apache.catalina.core.AprLifecycleListener.lifecycleEvent Loaded Apache Tomcat Native library [1.2.31] using APR version [1.7.0].
21-Jan-2026 10:14:10.654 INFO [main] org.apache.catalina.core.AprLifecycleListener.lifecycleEvent APR capabilities: IPv6 [true], sendfile [true], accept filters [false], random [true], UDS [true].
21-Jan-2026 10:14:10.654 INFO [main] org.apache.catalina.core.AprLifecycleListener.lifecycleEvent APR/OpenSSL configuration: useAprConnector [false], useOpenSSL [true]
21-Jan-2026 10:14:10.665 INFO [main] org.apache.catalina.core.AprLifecycleListener.initializeSSL OpenSSL successfully initialized [OpenSSL 3.0.2 15 Mar 2022]
21-Jan-2026 10:14:11.305 INFO [main] org.apache.coyote.AbstractProtocol.init Initializing ProtocolHandler ["http-nio-8001"]
21-Jan-2026 10:14:11.334 SEVERE [main] org.apache.catalina.util.LifecycleBase.handleSubClassException Failed to initialize component [Connector["http-nio-8001"]]
	org.apache.catalina.LifecycleException: Protocol handler initialization failed
		at org.apache.catalina.connector.Connector.initInternal(Connector.java:1027)
		at org.apache.catalina.util.LifecycleBase.init(LifecycleBase.java:122)
		at org.apache.catalina.core.StandardService.initInternal(StandardService.java:525)
		at org.apache.catalina.util.LifecycleBase.init(LifecycleBase.java:122)
		at org.apache.catalina.core.StandardServer.initInternal(StandardServer.java:986)
		at org.apache.catalina.util.LifecycleBase.init(LifecycleBase.java:122)
		at org.apache.catalina.startup.Catalina.load(Catalina.java:686)
		at org.apache.catalina.startup.Catalina.load(Catalina.java:709)
		at java.base/jdk.internal.reflect.NativeMethodAccessorImpl.invoke0(Native Method)
		at java.base/jdk.internal.reflect.NativeMethodAccessorImpl.invoke(NativeMethodAccessorImpl.java:62)
		at java.base/jdk.internal.reflect.DelegatingMethodAccessorImpl.invoke(DelegatingMethodAccessorImpl.java:43)
		at java.base/java.lang.reflect.Method.invoke(Method.java:566)
		at org.apache.catalina.startup.Bootstrap.load(Bootstrap.java:302)
		at org.apache.catalina.startup.Bootstrap.main(Bootstrap.java:472)
	Caused by: java.net.BindException: Address already in use
		at java.base/sun.nio.ch.Net.bind0(Native Method)
		at java.base/sun.nio.ch.Net.bind(Net.java:459)
		at java.base/sun.nio.ch.Net.bind(Net.java:448)
		at java.base/sun.nio.ch.ServerSocketChannelImpl.bind(ServerSocketChannelImpl.java:227)
		at org.apache.tomcat.util.net.NioEndpoint.initServerSocket(NioEndpoint.java:268)
		at org.apache.tomcat.util.net.NioEndpoint.bind(NioEndpoint.java:223)
		at org.apache.tomcat.util.net.AbstractEndpoint.bindWithCleanup(AbstractEndpoint.java:1373)
		at org.apache.tomcat.util.net.AbstractEndpoint.init(AbstractEndpoint.java:1386)
		at org.apache.coyote.AbstractProtocol.init(AbstractProtocol.java:663)
		at org.apache.coyote.http11.AbstractHttp11Protocol.init(AbstractHttp11Protocol.java:77)
		at org.apache.catalina.connector.Connector.initInternal(Connector.java:1025)
		... 13 more
21-Jan-2026 10:14:11.336 INFO [main] org.apache.catalina.startup.Catalina.load Server initialization in [1054] milliseconds
21-Jan-2026 10:14:11.470 INFO [main] org.apache.catalina.core.StandardService.startInternal Starting service [Catalina]
21-Jan-2026 10:14:11.471 INFO [main] org.apache.catalina.core.StandardEngine.startInternal Starting Servlet engine: [Apache Tomcat/9.0.96]
21-Jan-2026 10:14:11.492 INFO [main] org.apache.catalina.startup.HostConfig.deployWAR Deploying web application archive [/opt/lms/tomcat/webapps/ROOT.war]
21-Jan-2026 10:14:12.008 INFO [main] org.apache.catalina.startup.HostConfig.deployWAR Deployment of web application archive [/opt/lms/tomcat/webapps/ROOT.war] has finished in [515] ms
21-Jan-2026 10:14:12.009 INFO [main] org.apache.catalina.startup.HostConfig.deployDirectory Deploying web application directory [/opt/lms/tomcat/webapps/manager]
21-Jan-2026 10:14:12.091 INFO [main] org.apache.catalina.startup.HostConfig.deployDirectory Deployment of web application directory [/opt/lms/tomcat/webapps/manager] has finished in [82] ms
21-Jan-2026 10:14:12.092 INFO [main] org.apache.catalina.startup.HostConfig.deployDirectory Deploying web application directory [/opt/lms/tomcat/webapps/examples]
21-Jan-2026 10:14:12.461 INFO [main] org.apache.catalina.startup.HostConfig.deployDirectory Deployment of web application directory [/opt/lms/tomcat/webapps/examples] has finished in [369] ms
21-Jan-2026 10:14:12.463 INFO [main] org.apache.catalina.startup.HostConfig.deployDirectory Deploying web application directory [/opt/lms/tomcat/webapps/host-manager]
21-Jan-2026 10:14:12.513 INFO [main] org.apache.catalina.startup.HostConfig.deployDirectory Deployment of web application directory [/opt/lms/tomcat/webapps/host-manager] has finished in [51] ms
21-Jan-2026 10:14:12.514 INFO [main] org.apache.catalina.startup.HostConfig.deployDirectory Deploying web application directory [/opt/lms/tomcat/webapps/docs]
21-Jan-2026 10:14:12.540 INFO [main] org.apache.catalina.startup.HostConfig.deployDirectory Deployment of web application directory [/opt/lms/tomcat/webapps/docs] has finished in [27] ms
21-Jan-2026 10:14:12.547 INFO [main] org.apache.catalina.startup.Catalina.start Server startup in [1211] milliseconds
21-Jan-2026 10:14:12.550 SEVERE [main] org.apache.catalina.core.StandardServer.await Failed to create server shutdown socket on address [localhost] and port [8005] (base port [8005] and offset [0])
	java.net.BindException: Address already in use (Bind failed)
		at java.base/java.net.PlainSocketImpl.socketBind(Native Method)
		at java.base/java.net.AbstractPlainSocketImpl.bind(AbstractPlainSocketImpl.java:452)
		at java.base/java.net.ServerSocket.bind(ServerSocket.java:395)
		at java.base/java.net.ServerSocket.<init>(ServerSocket.java:257)
		at org.apache.catalina.core.StandardServer.await(StandardServer.java:537)
		at org.apache.catalina.startup.Catalina.await(Catalina.java:825)
		at org.apache.catalina.startup.Catalina.start(Catalina.java:773)
		at java.base/jdk.internal.reflect.NativeMethodAccessorImpl.invoke0(Native Method)
		at java.base/jdk.internal.reflect.NativeMethodAccessorImpl.invoke(NativeMethodAccessorImpl.java:62)
		at java.base/jdk.internal.reflect.DelegatingMethodAccessorImpl.invoke(DelegatingMethodAccessorImpl.java:43)
		at java.base/java.lang.reflect.Method.invoke(Method.java:566)
		at org.apache.catalina.startup.Bootstrap.start(Bootstrap.java:345)
		at org.apache.catalina.startup.Bootstrap.main(Bootstrap.java:473)
21-Jan-2026 10:14:12.551 INFO [main] org.apache.coyote.AbstractProtocol.pause Pausing ProtocolHandler ["http-nio-8001"]
21-Jan-2026 10:14:12.551 INFO [main] org.apache.catalina.core.StandardService.stopInternal Stopping service [Catalina]
21-Jan-2026 10:14:12.582 INFO [main] org.apache.coyote.AbstractProtocol.stop Stopping ProtocolHandler ["http-nio-8001"]
21-Jan-2026 10:14:12.584 INFO [main] org.apache.coyote.AbstractProtocol.destroy Destroying ProtocolHandler ["http-nio-8001"]
21-Jan-2026 10:14:13.017 INFO [main] org.apache.catalina.core.StandardServer.await A valid shutdown command was received via the shutdown port. Stopping the Server instance.
21-Jan-2026 10:14:13.018 INFO [main] org.apache.coyote.AbstractProtocol.pause Pausing ProtocolHandler ["http-nio-8001"]
21-Jan-2026 10:14:13.021 INFO [main] org.apache.catalina.core.StandardService.stopInternal Stopping service [Catalina]
21-Jan-2026 10:14:13.072 INFO [main] org.apache.coyote.AbstractProtocol.stop Stopping ProtocolHandler ["http-nio-8001"]
21-Jan-2026 10:14:13.080 INFO [main] org.apache.coyote.AbstractProtocol.destroy Destroying ProtocolHandler ["http-nio-8001"]
21-Jan-2026 10:14:23.876 INFO [main] org.apache.catalina.startup.VersionLoggerListener.log Server version name:   Apache Tomcat/9.0.96
21-Jan-2026 10:14:23.881 INFO [main] org.apache.catalina.startup.VersionLoggerListener.log Server built:          Oct 3 2024 19:44:30 UTC
21-Jan-2026 10:14:23.882 INFO [main] org.apache.catalina.startup.VersionLoggerListener.log Server version number: 9.0.96.0
21-Jan-2026 10:14:23.882 INFO [main] org.apache.catalina.startup.VersionLoggerListener.log OS Name:               Linux
21-Jan-2026 10:14:23.882 INFO [main] org.apache.catalina.startup.VersionLoggerListener.log OS Version:            6.8.0-1044-aws
21-Jan-2026 10:14:23.882 INFO [main] org.apache.catalina.startup.VersionLoggerListener.log Architecture:          amd64
21-Jan-2026 10:14:23.883 INFO [main] org.apache.catalina.startup.VersionLoggerListener.log Java Home:             /usr/lib/jvm/java-11-openjdk-amd64
21-Jan-2026 10:14:23.883 INFO [main] org.apache.catalina.startup.VersionLoggerListener.log JVM Version:           11.0.29+7-post-Ubuntu-1ubuntu122.04
21-Jan-2026 10:14:23.884 INFO [main] org.apache.catalina.startup.VersionLoggerListener.log JVM Vendor:            Ubuntu
21-Jan-2026 10:14:23.884 INFO [main] org.apache.catalina.startup.VersionLoggerListener.log CATALINA_BASE:         /opt/lms/tomcat
21-Jan-2026 10:14:23.884 INFO [main] org.apache.catalina.startup.VersionLoggerListener.log CATALINA_HOME:         /opt/lms/tomcat
21-Jan-2026 10:14:23.903 INFO [main] org.apache.catalina.startup.VersionLoggerListener.log Command line argument: --add-opens=java.base/java.lang=ALL-UNNAMED
21-Jan-2026 10:14:23.903 INFO [main] org.apache.catalina.startup.VersionLoggerListener.log Command line argument: --add-opens=java.base/java.io=ALL-UNNAMED
21-Jan-2026 10:14:23.903 INFO [main] org.apache.catalina.startup.VersionLoggerListener.log Command line argument: --add-opens=java.base/java.util=ALL-UNNAMED
21-Jan-2026 10:14:23.903 INFO [main] org.apache.catalina.startup.VersionLoggerListener.log Command line argument: --add-opens=java.base/java.util.concurrent=ALL-UNNAMED
21-Jan-2026 10:14:23.904 INFO [main] org.apache.catalina.startup.VersionLoggerListener.log Command line argument: --add-opens=java.rmi/sun.rmi.transport=ALL-UNNAMED
21-Jan-2026 10:14:23.904 INFO [main] org.apache.catalina.startup.VersionLoggerListener.log Command line argument: -Djava.util.logging.config.file=/opt/lms/tomcat/conf/logging.properties
21-Jan-2026 10:14:23.904 INFO [main] org.apache.catalina.startup.VersionLoggerListener.log Command line argument: -Djava.util.logging.manager=org.apache.juli.ClassLoaderLogManager
21-Jan-2026 10:14:23.904 INFO [main] org.apache.catalina.startup.VersionLoggerListener.log Command line argument: -Djdk.tls.ephemeralDHKeySize=2048
21-Jan-2026 10:14:23.904 INFO [main] org.apache.catalina.startup.VersionLoggerListener.log Command line argument: -Djava.protocol.handler.pkgs=org.apache.catalina.webresources
21-Jan-2026 10:14:23.904 INFO [main] org.apache.catalina.startup.VersionLoggerListener.log Command line argument: -Dorg.apache.catalina.security.SecurityListener.UMASK=0027
21-Jan-2026 10:14:23.904 INFO [main] org.apache.catalina.startup.VersionLoggerListener.log Command line argument: -Dignore.endorsed.dirs=
21-Jan-2026 10:14:23.905 INFO [main] org.apache.catalina.startup.VersionLoggerListener.log Command line argument: -Dcatalina.base=/opt/lms/tomcat
21-Jan-2026 10:14:23.905 INFO [main] org.apache.catalina.startup.VersionLoggerListener.log Command line argument: -Dcatalina.home=/opt/lms/tomcat
21-Jan-2026 10:14:23.905 INFO [main] org.apache.catalina.startup.VersionLoggerListener.log Command line argument: -Djava.io.tmpdir=/opt/lms/tomcat/temp
21-Jan-2026 10:14:23.916 INFO [main] org.apache.catalina.core.AprLifecycleListener.lifecycleEvent An older version [1.2.31] of the Apache Tomcat Native library is installed, while Tomcat recommends a minimum version of [1.3.0]
21-Jan-2026 10:14:23.917 INFO [main] org.apache.catalina.core.AprLifecycleListener.lifecycleEvent Loaded Apache Tomcat Native library [1.2.31] using APR version [1.7.0].
21-Jan-2026 10:14:23.917 INFO [main] org.apache.catalina.core.AprLifecycleListener.lifecycleEvent APR capabilities: IPv6 [true], sendfile [true], accept filters [false], random [true], UDS [true].
21-Jan-2026 10:14:23.917 INFO [main] org.apache.catalina.core.AprLifecycleListener.lifecycleEvent APR/OpenSSL configuration: useAprConnector [false], useOpenSSL [true]
21-Jan-2026 10:14:23.927 INFO [main] org.apache.catalina.core.AprLifecycleListener.initializeSSL OpenSSL successfully initialized [OpenSSL 3.0.2 15 Mar 2022]
21-Jan-2026 10:14:24.526 INFO [main] org.apache.coyote.AbstractProtocol.init Initializing ProtocolHandler ["http-nio-8001"]
21-Jan-2026 10:14:24.600 INFO [main] org.apache.catalina.startup.Catalina.load Server initialization in [1077] milliseconds
21-Jan-2026 10:14:24.718 INFO [main] org.apache.catalina.core.StandardService.startInternal Starting service [Catalina]
21-Jan-2026 10:14:24.719 INFO [main] org.apache.catalina.core.StandardEngine.startInternal Starting Servlet engine: [Apache Tomcat/9.0.96]
21-Jan-2026 10:14:24.748 INFO [main] org.apache.catalina.startup.HostConfig.deployWAR Deploying web application archive [/opt/lms/tomcat/webapps/ROOT.war]
21-Jan-2026 10:14:25.206 INFO [main] org.apache.catalina.startup.HostConfig.deployWAR Deployment of web application archive [/opt/lms/tomcat/webapps/ROOT.war] has finished in [457] ms
21-Jan-2026 10:14:25.207 INFO [main] org.apache.catalina.startup.HostConfig.deployDirectory Deploying web application directory [/opt/lms/tomcat/webapps/manager]
21-Jan-2026 10:14:25.284 INFO [main] org.apache.catalina.startup.HostConfig.deployDirectory Deployment of web application directory [/opt/lms/tomcat/webapps/manager] has finished in [77] ms
21-Jan-2026 10:14:25.285 INFO [main] org.apache.catalina.startup.HostConfig.deployDirectory Deploying web application directory [/opt/lms/tomcat/webapps/examples]
21-Jan-2026 10:14:25.687 INFO [main] org.apache.catalina.startup.HostConfig.deployDirectory Deployment of web application directory [/opt/lms/tomcat/webapps/examples] has finished in [401] ms
21-Jan-2026 10:14:25.687 INFO [main] org.apache.catalina.startup.HostConfig.deployDirectory Deploying web application directory [/opt/lms/tomcat/webapps/host-manager]
21-Jan-2026 10:14:25.713 INFO [main] org.apache.catalina.startup.HostConfig.deployDirectory Deployment of web application directory [/opt/lms/tomcat/webapps/host-manager] has finished in [26] ms
21-Jan-2026 10:14:25.714 INFO [main] org.apache.catalina.startup.HostConfig.deployDirectory Deploying web application directory [/opt/lms/tomcat/webapps/docs]
21-Jan-2026 10:14:25.736 INFO [main] org.apache.catalina.startup.HostConfig.deployDirectory Deployment of web application directory [/opt/lms/tomcat/webapps/docs] has finished in [22] ms
21-Jan-2026 10:14:25.741 INFO [main] org.apache.coyote.AbstractProtocol.start Starting ProtocolHandler ["http-nio-8001"]
21-Jan-2026 10:14:25.768 INFO [main] org.apache.catalina.startup.Catalina.start Server startup in [1165] milliseconds
21-Jan-2026 10:16:07.908 INFO [main] org.apache.catalina.core.StandardServer.await A valid shutdown command was received via the shutdown port. Stopping the Server instance.
21-Jan-2026 10:16:07.910 INFO [main] org.apache.coyote.AbstractProtocol.pause Pausing ProtocolHandler ["http-nio-8001"]
21-Jan-2026 10:16:07.925 INFO [main] org.apache.catalina.core.StandardService.stopInternal Stopping service [Catalina]
21-Jan-2026 10:16:08.010 INFO [main] org.apache.coyote.AbstractProtocol.stop Stopping ProtocolHandler ["http-nio-8001"]
21-Jan-2026 10:16:08.035 INFO [main] org.apache.coyote.AbstractProtocol.destroy Destroying ProtocolHandler ["http-nio-8001"]
21-Jan-2026 10:16:08.910 INFO [main] org.apache.catalina.startup.VersionLoggerListener.log Server version name:   Apache Tomcat/9.0.96
21-Jan-2026 10:16:08.923 INFO [main] org.apache.catalina.startup.VersionLoggerListener.log Server built:          Oct 3 2024 19:44:30 UTC
21-Jan-2026 10:16:08.925 INFO [main] org.apache.catalina.startup.VersionLoggerListener.log Server version number: 9.0.96.0
21-Jan-2026 10:16:08.925 INFO [main] org.apache.catalina.startup.VersionLoggerListener.log OS Name:               Linux
21-Jan-2026 10:16:08.925 INFO [main] org.apache.catalina.startup.VersionLoggerListener.log OS Version:            6.8.0-1044-aws
21-Jan-2026 10:16:08.925 INFO [main] org.apache.catalina.startup.VersionLoggerListener.log Architecture:          amd64
21-Jan-2026 10:16:08.926 INFO [main] org.apache.catalina.startup.VersionLoggerListener.log Java Home:             /usr/lib/jvm/java-17-openjdk-amd64
21-Jan-2026 10:16:08.926 INFO [main] org.apache.catalina.startup.VersionLoggerListener.log JVM Version:           17.0.17+10-Ubuntu-122.04
21-Jan-2026 10:16:08.926 INFO [main] org.apache.catalina.startup.VersionLoggerListener.log JVM Vendor:            Ubuntu
21-Jan-2026 10:16:08.929 INFO [main] org.apache.catalina.startup.VersionLoggerListener.log CATALINA_BASE:         /opt/lms/tomcat
21-Jan-2026 10:16:08.929 INFO [main] org.apache.catalina.startup.VersionLoggerListener.log CATALINA_HOME:         /opt/lms/tomcat
21-Jan-2026 10:16:08.949 INFO [main] org.apache.catalina.startup.VersionLoggerListener.log Command line argument: --add-opens=java.base/java.lang=ALL-UNNAMED
21-Jan-2026 10:16:08.949 INFO [main] org.apache.catalina.startup.VersionLoggerListener.log Command line argument: --add-opens=java.base/java.io=ALL-UNNAMED
21-Jan-2026 10:16:08.953 INFO [main] org.apache.catalina.startup.VersionLoggerListener.log Command line argument: --add-opens=java.base/java.util=ALL-UNNAMED
21-Jan-2026 10:16:08.956 INFO [main] org.apache.catalina.startup.VersionLoggerListener.log Command line argument: --add-opens=java.base/java.util.concurrent=ALL-UNNAMED
21-Jan-2026 10:16:08.956 INFO [main] org.apache.catalina.startup.VersionLoggerListener.log Command line argument: --add-opens=java.rmi/sun.rmi.transport=ALL-UNNAMED
21-Jan-2026 10:16:08.956 INFO [main] org.apache.catalina.startup.VersionLoggerListener.log Command line argument: -Djava.util.logging.config.file=/opt/lms/tomcat/conf/logging.properties
21-Jan-2026 10:16:08.956 INFO [main] org.apache.catalina.startup.VersionLoggerListener.log Command line argument: -Djava.util.logging.manager=org.apache.juli.ClassLoaderLogManager
21-Jan-2026 10:16:08.956 INFO [main] org.apache.catalina.startup.VersionLoggerListener.log Command line argument: -Djdk.tls.ephemeralDHKeySize=2048
21-Jan-2026 10:16:08.957 INFO [main] org.apache.catalina.startup.VersionLoggerListener.log Command line argument: -Djava.protocol.handler.pkgs=org.apache.catalina.webresources
21-Jan-2026 10:16:08.957 INFO [main] org.apache.catalina.startup.VersionLoggerListener.log Command line argument: -Dorg.apache.catalina.security.SecurityListener.UMASK=0027
21-Jan-2026 10:16:08.957 INFO [main] org.apache.catalina.startup.VersionLoggerListener.log Command line argument: -Dignore.endorsed.dirs=
21-Jan-2026 10:16:08.957 INFO [main] org.apache.catalina.startup.VersionLoggerListener.log Command line argument: -Dcatalina.base=/opt/lms/tomcat
21-Jan-2026 10:16:08.960 INFO [main] org.apache.catalina.startup.VersionLoggerListener.log Command line argument: -Dcatalina.home=/opt/lms/tomcat
21-Jan-2026 10:16:08.960 INFO [main] org.apache.catalina.startup.VersionLoggerListener.log Command line argument: -Djava.io.tmpdir=/opt/lms/tomcat/temp
21-Jan-2026 10:16:08.976 INFO [main] org.apache.catalina.core.AprLifecycleListener.lifecycleEvent An older version [1.2.31] of the Apache Tomcat Native library is installed, while Tomcat recommends a minimum version of [1.3.0]
21-Jan-2026 10:16:08.978 INFO [main] org.apache.catalina.core.AprLifecycleListener.lifecycleEvent Loaded Apache Tomcat Native library [1.2.31] using APR version [1.7.0].
21-Jan-2026 10:16:08.979 INFO [main] org.apache.catalina.core.AprLifecycleListener.lifecycleEvent APR capabilities: IPv6 [true], sendfile [true], accept filters [false], random [true], UDS [true].
21-Jan-2026 10:16:08.979 INFO [main] org.apache.catalina.core.AprLifecycleListener.lifecycleEvent APR/OpenSSL configuration: useAprConnector [false], useOpenSSL [true]
21-Jan-2026 10:16:08.989 INFO [main] org.apache.catalina.core.AprLifecycleListener.initializeSSL OpenSSL successfully initialized [OpenSSL 3.0.2 15 Mar 2022]
21-Jan-2026 10:16:09.682 INFO [main] org.apache.coyote.AbstractProtocol.init Initializing ProtocolHandler ["http-nio-8001"]
21-Jan-2026 10:16:09.735 INFO [main] org.apache.catalina.startup.Catalina.load Server initialization in [1361] milliseconds
21-Jan-2026 10:16:09.783 INFO [main] org.apache.catalina.core.StandardService.startInternal Starting service [Catalina]
21-Jan-2026 10:16:09.783 INFO [main] org.apache.catalina.core.StandardEngine.startInternal Starting Servlet engine: [Apache Tomcat/9.0.96]
21-Jan-2026 10:16:09.806 INFO [main] org.apache.catalina.startup.HostConfig.deployWAR Deploying web application archive [/opt/lms/tomcat/webapps/ROOT.war]
21-Jan-2026 10:16:10.249 INFO [main] org.apache.catalina.startup.HostConfig.deployWAR Deployment of web application archive [/opt/lms/tomcat/webapps/ROOT.war] has finished in [441] ms
21-Jan-2026 10:16:10.250 INFO [main] org.apache.catalina.startup.HostConfig.deployDirectory Deploying web application directory [/opt/lms/tomcat/webapps/manager]
21-Jan-2026 10:16:10.333 INFO [main] org.apache.catalina.startup.HostConfig.deployDirectory Deployment of web application directory [/opt/lms/tomcat/webapps/manager] has finished in [83] ms
21-Jan-2026 10:16:10.333 INFO [main] org.apache.catalina.startup.HostConfig.deployDirectory Deploying web application directory [/opt/lms/tomcat/webapps/examples]
21-Jan-2026 10:16:10.689 INFO [main] org.apache.catalina.startup.HostConfig.deployDirectory Deployment of web application directory [/opt/lms/tomcat/webapps/examples] has finished in [356] ms
21-Jan-2026 10:16:10.689 INFO [main] org.apache.catalina.startup.HostConfig.deployDirectory Deploying web application directory [/opt/lms/tomcat/webapps/host-manager]
21-Jan-2026 10:16:10.722 INFO [main] org.apache.catalina.startup.HostConfig.deployDirectory Deployment of web application directory [/opt/lms/tomcat/webapps/host-manager] has finished in [33] ms
21-Jan-2026 10:16:10.724 INFO [main] org.apache.catalina.startup.HostConfig.deployDirectory Deploying web application directory [/opt/lms/tomcat/webapps/docs]
21-Jan-2026 10:16:10.761 INFO [main] org.apache.catalina.startup.HostConfig.deployDirectory Deployment of web application directory [/opt/lms/tomcat/webapps/docs] has finished in [37] ms
21-Jan-2026 10:16:10.767 INFO [main] org.apache.coyote.AbstractProtocol.start Starting ProtocolHandler ["http-nio-8001"]
21-Jan-2026 10:16:10.783 INFO [main] org.apache.catalina.startup.Catalina.start Server startup in [1048] milliseconds
21-Jan-2026 10:16:20.099 INFO [main] org.apache.catalina.startup.VersionLoggerListener.log Server version name:   Apache Tomcat/9.0.96
21-Jan-2026 10:16:20.103 INFO [main] org.apache.catalina.startup.VersionLoggerListener.log Server built:          Oct 3 2024 19:44:30 UTC
21-Jan-2026 10:16:20.103 INFO [main] org.apache.catalina.startup.VersionLoggerListener.log Server version number: 9.0.96.0
21-Jan-2026 10:16:20.103 INFO [main] org.apache.catalina.startup.VersionLoggerListener.log OS Name:               Linux
21-Jan-2026 10:16:20.103 INFO [main] org.apache.catalina.startup.VersionLoggerListener.log OS Version:            6.8.0-1044-aws
21-Jan-2026 10:16:20.104 INFO [main] org.apache.catalina.startup.VersionLoggerListener.log Architecture:          amd64
21-Jan-2026 10:16:20.104 INFO [main] org.apache.catalina.startup.VersionLoggerListener.log Java Home:             /usr/lib/jvm/java-11-openjdk-amd64
21-Jan-2026 10:16:20.104 INFO [main] org.apache.catalina.startup.VersionLoggerListener.log JVM Version:           11.0.29+7-post-Ubuntu-1ubuntu122.04
21-Jan-2026 10:16:20.104 INFO [main] org.apache.catalina.startup.VersionLoggerListener.log JVM Vendor:            Ubuntu
21-Jan-2026 10:16:20.104 INFO [main] org.apache.catalina.startup.VersionLoggerListener.log CATALINA_BASE:         /opt/lms/tomcat
21-Jan-2026 10:16:20.104 INFO [main] org.apache.catalina.startup.VersionLoggerListener.log CATALINA_HOME:         /opt/lms/tomcat
21-Jan-2026 10:16:20.135 INFO [main] org.apache.catalina.startup.VersionLoggerListener.log Command line argument: --add-opens=java.base/java.lang=ALL-UNNAMED
21-Jan-2026 10:16:20.135 INFO [main] org.apache.catalina.startup.VersionLoggerListener.log Command line argument: --add-opens=java.base/java.io=ALL-UNNAMED
21-Jan-2026 10:16:20.135 INFO [main] org.apache.catalina.startup.VersionLoggerListener.log Command line argument: --add-opens=java.base/java.util=ALL-UNNAMED
21-Jan-2026 10:16:20.136 INFO [main] org.apache.catalina.startup.VersionLoggerListener.log Command line argument: --add-opens=java.base/java.util.concurrent=ALL-UNNAMED
21-Jan-2026 10:16:20.136 INFO [main] org.apache.catalina.startup.VersionLoggerListener.log Command line argument: --add-opens=java.rmi/sun.rmi.transport=ALL-UNNAMED
21-Jan-2026 10:16:20.136 INFO [main] org.apache.catalina.startup.VersionLoggerListener.log Command line argument: -Djava.util.logging.config.file=/opt/lms/tomcat/conf/logging.properties
21-Jan-2026 10:16:20.136 INFO [main] org.apache.catalina.startup.VersionLoggerListener.log Command line argument: -Djava.util.logging.manager=org.apache.juli.ClassLoaderLogManager
21-Jan-2026 10:16:20.136 INFO [main] org.apache.catalina.startup.VersionLoggerListener.log Command line argument: -Djdk.tls.ephemeralDHKeySize=2048
21-Jan-2026 10:16:20.136 INFO [main] org.apache.catalina.startup.VersionLoggerListener.log Command line argument: -Djava.protocol.handler.pkgs=org.apache.catalina.webresources
21-Jan-2026 10:16:20.136 INFO [main] org.apache.catalina.startup.VersionLoggerListener.log Command line argument: -Dorg.apache.catalina.security.SecurityListener.UMASK=0027
21-Jan-2026 10:16:20.136 INFO [main] org.apache.catalina.startup.VersionLoggerListener.log Command line argument: -Dignore.endorsed.dirs=
21-Jan-2026 10:16:20.136 INFO [main] org.apache.catalina.startup.VersionLoggerListener.log Command line argument: -Dcatalina.base=/opt/lms/tomcat
21-Jan-2026 10:16:20.136 INFO [main] org.apache.catalina.startup.VersionLoggerListener.log Command line argument: -Dcatalina.home=/opt/lms/tomcat
21-Jan-2026 10:16:20.136 INFO [main] org.apache.catalina.startup.VersionLoggerListener.log Command line argument: -Djava.io.tmpdir=/opt/lms/tomcat/temp
21-Jan-2026 10:16:20.141 INFO [main] org.apache.catalina.core.AprLifecycleListener.lifecycleEvent An older version [1.2.31] of the Apache Tomcat Native library is installed, while Tomcat recommends a minimum version of [1.3.0]
21-Jan-2026 10:16:20.141 INFO [main] org.apache.catalina.core.AprLifecycleListener.lifecycleEvent Loaded Apache Tomcat Native library [1.2.31] using APR version [1.7.0].
21-Jan-2026 10:16:20.142 INFO [main] org.apache.catalina.core.AprLifecycleListener.lifecycleEvent APR capabilities: IPv6 [true], sendfile [true], accept filters [false], random [true], UDS [true].
21-Jan-2026 10:16:20.142 INFO [main] org.apache.catalina.core.AprLifecycleListener.lifecycleEvent APR/OpenSSL configuration: useAprConnector [false], useOpenSSL [true]
21-Jan-2026 10:16:20.146 INFO [main] org.apache.catalina.core.AprLifecycleListener.initializeSSL OpenSSL successfully initialized [OpenSSL 3.0.2 15 Mar 2022]
21-Jan-2026 10:16:20.832 INFO [main] org.apache.coyote.AbstractProtocol.init Initializing ProtocolHandler ["http-nio-8001"]
21-Jan-2026 10:16:20.860 SEVERE [main] org.apache.catalina.util.LifecycleBase.handleSubClassException Failed to initialize component [Connector["http-nio-8001"]]
	org.apache.catalina.LifecycleException: Protocol handler initialization failed
		at org.apache.catalina.connector.Connector.initInternal(Connector.java:1027)
		at org.apache.catalina.util.LifecycleBase.init(LifecycleBase.java:122)
		at org.apache.catalina.core.StandardService.initInternal(StandardService.java:525)
		at org.apache.catalina.util.LifecycleBase.init(LifecycleBase.java:122)
		at org.apache.catalina.core.StandardServer.initInternal(StandardServer.java:986)
		at org.apache.catalina.util.LifecycleBase.init(LifecycleBase.java:122)
		at org.apache.catalina.startup.Catalina.load(Catalina.java:686)
		at org.apache.catalina.startup.Catalina.load(Catalina.java:709)
		at java.base/jdk.internal.reflect.NativeMethodAccessorImpl.invoke0(Native Method)
		at java.base/jdk.internal.reflect.NativeMethodAccessorImpl.invoke(NativeMethodAccessorImpl.java:62)
		at java.base/jdk.internal.reflect.DelegatingMethodAccessorImpl.invoke(DelegatingMethodAccessorImpl.java:43)
		at java.base/java.lang.reflect.Method.invoke(Method.java:566)
		at org.apache.catalina.startup.Bootstrap.load(Bootstrap.java:302)
		at org.apache.catalina.startup.Bootstrap.main(Bootstrap.java:472)
	Caused by: java.net.BindException: Address already in use
		at java.base/sun.nio.ch.Net.bind0(Native Method)
		at java.base/sun.nio.ch.Net.bind(Net.java:459)
		at java.base/sun.nio.ch.Net.bind(Net.java:448)
		at java.base/sun.nio.ch.ServerSocketChannelImpl.bind(ServerSocketChannelImpl.java:227)
		at org.apache.tomcat.util.net.NioEndpoint.initServerSocket(NioEndpoint.java:268)
		at org.apache.tomcat.util.net.NioEndpoint.bind(NioEndpoint.java:223)
		at org.apache.tomcat.util.net.AbstractEndpoint.bindWithCleanup(AbstractEndpoint.java:1373)
		at org.apache.tomcat.util.net.AbstractEndpoint.init(AbstractEndpoint.java:1386)
		at org.apache.coyote.AbstractProtocol.init(AbstractProtocol.java:663)
		at org.apache.coyote.http11.AbstractHttp11Protocol.init(AbstractHttp11Protocol.java:77)
		at org.apache.catalina.connector.Connector.initInternal(Connector.java:1025)
		... 13 more
21-Jan-2026 10:16:20.865 INFO [main] org.apache.catalina.startup.Catalina.load Server initialization in [1092] milliseconds
21-Jan-2026 10:16:21.021 INFO [main] org.apache.catalina.core.StandardService.startInternal Starting service [Catalina]
21-Jan-2026 10:16:21.021 INFO [main] org.apache.catalina.core.StandardEngine.startInternal Starting Servlet engine: [Apache Tomcat/9.0.96]
21-Jan-2026 10:16:21.050 INFO [main] org.apache.catalina.startup.HostConfig.deployWAR Deploying web application archive [/opt/lms/tomcat/webapps/ROOT.war]
21-Jan-2026 10:16:21.628 INFO [main] org.apache.catalina.startup.HostConfig.deployWAR Deployment of web application archive [/opt/lms/tomcat/webapps/ROOT.war] has finished in [577] ms
21-Jan-2026 10:16:21.629 INFO [main] org.apache.catalina.startup.HostConfig.deployDirectory Deploying web application directory [/opt/lms/tomcat/webapps/manager]
21-Jan-2026 10:16:21.726 INFO [main] org.apache.catalina.startup.HostConfig.deployDirectory Deployment of web application directory [/opt/lms/tomcat/webapps/manager] has finished in [97] ms
21-Jan-2026 10:16:21.727 INFO [main] org.apache.catalina.startup.HostConfig.deployDirectory Deploying web application directory [/opt/lms/tomcat/webapps/examples]
21-Jan-2026 10:16:22.168 INFO [main] org.apache.catalina.startup.HostConfig.deployDirectory Deployment of web application directory [/opt/lms/tomcat/webapps/examples] has finished in [441] ms
21-Jan-2026 10:16:22.170 INFO [main] org.apache.catalina.startup.HostConfig.deployDirectory Deploying web application directory [/opt/lms/tomcat/webapps/host-manager]
21-Jan-2026 10:16:22.197 INFO [main] org.apache.catalina.startup.HostConfig.deployDirectory Deployment of web application directory [/opt/lms/tomcat/webapps/host-manager] has finished in [26] ms
21-Jan-2026 10:16:22.197 INFO [main] org.apache.catalina.startup.HostConfig.deployDirectory Deploying web application directory [/opt/lms/tomcat/webapps/docs]
21-Jan-2026 10:16:22.218 INFO [main] org.apache.catalina.startup.HostConfig.deployDirectory Deployment of web application directory [/opt/lms/tomcat/webapps/docs] has finished in [21] ms
21-Jan-2026 10:16:22.226 INFO [main] org.apache.catalina.startup.Catalina.start Server startup in [1360] milliseconds
21-Jan-2026 10:16:22.237 SEVERE [main] org.apache.catalina.core.StandardServer.await Failed to create server shutdown socket on address [localhost] and port [8005] (base port [8005] and offset [0])
	java.net.BindException: Address already in use (Bind failed)
		at java.base/java.net.PlainSocketImpl.socketBind(Native Method)
		at java.base/java.net.AbstractPlainSocketImpl.bind(AbstractPlainSocketImpl.java:452)
		at java.base/java.net.ServerSocket.bind(ServerSocket.java:395)
		at java.base/java.net.ServerSocket.<init>(ServerSocket.java:257)
		at org.apache.catalina.core.StandardServer.await(StandardServer.java:537)
		at org.apache.catalina.startup.Catalina.await(Catalina.java:825)
		at org.apache.catalina.startup.Catalina.start(Catalina.java:773)
		at java.base/jdk.internal.reflect.NativeMethodAccessorImpl.invoke0(Native Method)
		at java.base/jdk.internal.reflect.NativeMethodAccessorImpl.invoke(NativeMethodAccessorImpl.java:62)
		at java.base/jdk.internal.reflect.DelegatingMethodAccessorImpl.invoke(DelegatingMethodAccessorImpl.java:43)
		at java.base/java.lang.reflect.Method.invoke(Method.java:566)
		at org.apache.catalina.startup.Bootstrap.start(Bootstrap.java:345)
		at org.apache.catalina.startup.Bootstrap.main(Bootstrap.java:473)
21-Jan-2026 10:16:22.240 INFO [main] org.apache.coyote.AbstractProtocol.pause Pausing ProtocolHandler ["http-nio-8001"]
21-Jan-2026 10:16:22.240 INFO [main] org.apache.catalina.core.StandardService.stopInternal Stopping service [Catalina]
21-Jan-2026 10:16:22.311 INFO [main] org.apache.coyote.AbstractProtocol.stop Stopping ProtocolHandler ["http-nio-8001"]
21-Jan-2026 10:16:22.315 INFO [main] org.apache.coyote.AbstractProtocol.destroy Destroying ProtocolHandler ["http-nio-8001"]
21-Jan-2026 10:16:22.835 INFO [main] org.apache.catalina.core.StandardServer.await A valid shutdown command was received via the shutdown port. Stopping the Server instance.
21-Jan-2026 10:16:22.837 INFO [main] org.apache.coyote.AbstractProtocol.pause Pausing ProtocolHandler ["http-nio-8001"]
21-Jan-2026 10:16:22.842 INFO [main] org.apache.catalina.core.StandardService.stopInternal Stopping service [Catalina]
21-Jan-2026 10:16:22.887 INFO [main] org.apache.coyote.AbstractProtocol.stop Stopping ProtocolHandler ["http-nio-8001"]
21-Jan-2026 10:16:22.898 INFO [main] org.apache.coyote.AbstractProtocol.destroy Destroying ProtocolHandler ["http-nio-8001"]
21-Jan-2026 10:16:33.673 INFO [main] org.apache.catalina.startup.VersionLoggerListener.log Server version name:   Apache Tomcat/9.0.96
21-Jan-2026 10:16:33.679 INFO [main] org.apache.catalina.startup.VersionLoggerListener.log Server built:          Oct 3 2024 19:44:30 UTC
21-Jan-2026 10:16:33.679 INFO [main] org.apache.catalina.startup.VersionLoggerListener.log Server version number: 9.0.96.0
21-Jan-2026 10:16:33.679 INFO [main] org.apache.catalina.startup.VersionLoggerListener.log OS Name:               Linux
21-Jan-2026 10:16:33.679 INFO [main] org.apache.catalina.startup.VersionLoggerListener.log OS Version:            6.8.0-1044-aws
21-Jan-2026 10:16:33.679 INFO [main] org.apache.catalina.startup.VersionLoggerListener.log Architecture:          amd64
21-Jan-2026 10:16:33.680 INFO [main] org.apache.catalina.startup.VersionLoggerListener.log Java Home:             /usr/lib/jvm/java-11-openjdk-amd64
21-Jan-2026 10:16:33.680 INFO [main] org.apache.catalina.startup.VersionLoggerListener.log JVM Version:           11.0.29+7-post-Ubuntu-1ubuntu122.04
21-Jan-2026 10:16:33.680 INFO [main] org.apache.catalina.startup.VersionLoggerListener.log JVM Vendor:            Ubuntu
21-Jan-2026 10:16:33.680 INFO [main] org.apache.catalina.startup.VersionLoggerListener.log CATALINA_BASE:         /opt/lms/tomcat
21-Jan-2026 10:16:33.683 INFO [main] org.apache.catalina.startup.VersionLoggerListener.log CATALINA_HOME:         /opt/lms/tomcat
21-Jan-2026 10:16:33.705 INFO [main] org.apache.catalina.startup.VersionLoggerListener.log Command line argument: --add-opens=java.base/java.lang=ALL-UNNAMED
21-Jan-2026 10:16:33.707 INFO [main] org.apache.catalina.startup.VersionLoggerListener.log Command line argument: --add-opens=java.base/java.io=ALL-UNNAMED
21-Jan-2026 10:16:33.707 INFO [main] org.apache.catalina.startup.VersionLoggerListener.log Command line argument: --add-opens=java.base/java.util=ALL-UNNAMED
21-Jan-2026 10:16:33.707 INFO [main] org.apache.catalina.startup.VersionLoggerListener.log Command line argument: --add-opens=java.base/java.util.concurrent=ALL-UNNAMED
21-Jan-2026 10:16:33.709 INFO [main] org.apache.catalina.startup.VersionLoggerListener.log Command line argument: --add-opens=java.rmi/sun.rmi.transport=ALL-UNNAMED
21-Jan-2026 10:16:33.709 INFO [main] org.apache.catalina.startup.VersionLoggerListener.log Command line argument: -Djava.util.logging.config.file=/opt/lms/tomcat/conf/logging.properties
21-Jan-2026 10:16:33.709 INFO [main] org.apache.catalina.startup.VersionLoggerListener.log Command line argument: -Djava.util.logging.manager=org.apache.juli.ClassLoaderLogManager
21-Jan-2026 10:16:33.709 INFO [main] org.apache.catalina.startup.VersionLoggerListener.log Command line argument: -Djdk.tls.ephemeralDHKeySize=2048
21-Jan-2026 10:16:33.709 INFO [main] org.apache.catalina.startup.VersionLoggerListener.log Command line argument: -Djava.protocol.handler.pkgs=org.apache.catalina.webresources
21-Jan-2026 10:16:33.710 INFO [main] org.apache.catalina.startup.VersionLoggerListener.log Command line argument: -Dorg.apache.catalina.security.SecurityListener.UMASK=0027
21-Jan-2026 10:16:33.710 INFO [main] org.apache.catalina.startup.VersionLoggerListener.log Command line argument: -Dignore.endorsed.dirs=
21-Jan-2026 10:16:33.710 INFO [main] org.apache.catalina.startup.VersionLoggerListener.log Command line argument: -Dcatalina.base=/opt/lms/tomcat
21-Jan-2026 10:16:33.710 INFO [main] org.apache.catalina.startup.VersionLoggerListener.log Command line argument: -Dcatalina.home=/opt/lms/tomcat
21-Jan-2026 10:16:33.710 INFO [main] org.apache.catalina.startup.VersionLoggerListener.log Command line argument: -Djava.io.tmpdir=/opt/lms/tomcat/temp
21-Jan-2026 10:16:33.720 INFO [main] org.apache.catalina.core.AprLifecycleListener.lifecycleEvent An older version [1.2.31] of the Apache Tomcat Native library is installed, while Tomcat recommends a minimum version of [1.3.0]
21-Jan-2026 10:16:33.721 INFO [main] org.apache.catalina.core.AprLifecycleListener.lifecycleEvent Loaded Apache Tomcat Native library [1.2.31] using APR version [1.7.0].
21-Jan-2026 10:16:33.721 INFO [main] org.apache.catalina.core.AprLifecycleListener.lifecycleEvent APR capabilities: IPv6 [true], sendfile [true], accept filters [false], random [true], UDS [true].
21-Jan-2026 10:16:33.721 INFO [main] org.apache.catalina.core.AprLifecycleListener.lifecycleEvent APR/OpenSSL configuration: useAprConnector [false], useOpenSSL [true]
21-Jan-2026 10:16:33.727 INFO [main] org.apache.catalina.core.AprLifecycleListener.initializeSSL OpenSSL successfully initialized [OpenSSL 3.0.2 15 Mar 2022]
21-Jan-2026 10:16:34.331 INFO [main] org.apache.coyote.AbstractProtocol.init Initializing ProtocolHandler ["http-nio-8001"]
21-Jan-2026 10:16:34.398 INFO [main] org.apache.catalina.startup.Catalina.load Server initialization in [1093] milliseconds
21-Jan-2026 10:16:34.522 INFO [main] org.apache.catalina.core.StandardService.startInternal Starting service [Catalina]
21-Jan-2026 10:16:34.522 INFO [main] org.apache.catalina.core.StandardEngine.startInternal Starting Servlet engine: [Apache Tomcat/9.0.96]
21-Jan-2026 10:16:34.551 INFO [main] org.apache.catalina.startup.HostConfig.deployWAR Deploying web application archive [/opt/lms/tomcat/webapps/ROOT.war]
21-Jan-2026 10:16:35.060 INFO [main] org.apache.catalina.startup.HostConfig.deployWAR Deployment of web application archive [/opt/lms/tomcat/webapps/ROOT.war] has finished in [508] ms
21-Jan-2026 10:16:35.061 INFO [main] org.apache.catalina.startup.HostConfig.deployDirectory Deploying web application directory [/opt/lms/tomcat/webapps/manager]
21-Jan-2026 10:16:35.108 INFO [main] org.apache.catalina.startup.HostConfig.deployDirectory Deployment of web application directory [/opt/lms/tomcat/webapps/manager] has finished in [47] ms
21-Jan-2026 10:16:35.108 INFO [main] org.apache.catalina.startup.HostConfig.deployDirectory Deploying web application directory [/opt/lms/tomcat/webapps/examples]
21-Jan-2026 10:16:35.491 INFO [main] org.apache.catalina.startup.HostConfig.deployDirectory Deployment of web application directory [/opt/lms/tomcat/webapps/examples] has finished in [382] ms
21-Jan-2026 10:16:35.491 INFO [main] org.apache.catalina.startup.HostConfig.deployDirectory Deploying web application directory [/opt/lms/tomcat/webapps/host-manager]
21-Jan-2026 10:16:35.533 INFO [main] org.apache.catalina.startup.HostConfig.deployDirectory Deployment of web application directory [/opt/lms/tomcat/webapps/host-manager] has finished in [41] ms
21-Jan-2026 10:16:35.533 INFO [main] org.apache.catalina.startup.HostConfig.deployDirectory Deploying web application directory [/opt/lms/tomcat/webapps/docs]
21-Jan-2026 10:16:35.554 INFO [main] org.apache.catalina.startup.HostConfig.deployDirectory Deployment of web application directory [/opt/lms/tomcat/webapps/docs] has finished in [21] ms
21-Jan-2026 10:16:35.560 INFO [main] org.apache.coyote.AbstractProtocol.start Starting ProtocolHandler ["http-nio-8001"]
21-Jan-2026 10:16:35.590 INFO [main] org.apache.catalina.startup.Catalina.start Server startup in [1190] milliseconds
21-Jan-2026 10:18:12.041 INFO [main] org.apache.catalina.core.StandardServer.await A valid shutdown command was received via the shutdown port. Stopping the Server instance.
21-Jan-2026 10:18:12.043 INFO [main] org.apache.coyote.AbstractProtocol.pause Pausing ProtocolHandler ["http-nio-8001"]
21-Jan-2026 10:18:12.057 INFO [main] org.apache.catalina.core.StandardService.stopInternal Stopping service [Catalina]
21-Jan-2026 10:18:12.138 INFO [main] org.apache.coyote.AbstractProtocol.stop Stopping ProtocolHandler ["http-nio-8001"]
21-Jan-2026 10:18:12.156 INFO [main] org.apache.coyote.AbstractProtocol.destroy Destroying ProtocolHandler ["http-nio-8001"]
21-Jan-2026 10:18:13.058 INFO [main] org.apache.catalina.startup.VersionLoggerListener.log Server version name:   Apache Tomcat/9.0.96
21-Jan-2026 10:18:13.070 INFO [main] org.apache.catalina.startup.VersionLoggerListener.log Server built:          Oct 3 2024 19:44:30 UTC
21-Jan-2026 10:18:13.070 INFO [main] org.apache.catalina.startup.VersionLoggerListener.log Server version number: 9.0.96.0
21-Jan-2026 10:18:13.070 INFO [main] org.apache.catalina.startup.VersionLoggerListener.log OS Name:               Linux
21-Jan-2026 10:18:13.070 INFO [main] org.apache.catalina.startup.VersionLoggerListener.log OS Version:            6.8.0-1044-aws
21-Jan-2026 10:18:13.070 INFO [main] org.apache.catalina.startup.VersionLoggerListener.log Architecture:          amd64
21-Jan-2026 10:18:13.070 INFO [main] org.apache.catalina.startup.VersionLoggerListener.log Java Home:             /usr/lib/jvm/java-17-openjdk-amd64
21-Jan-2026 10:18:13.071 INFO [main] org.apache.catalina.startup.VersionLoggerListener.log JVM Version:           17.0.17+10-Ubuntu-122.04
21-Jan-2026 10:18:13.072 INFO [main] org.apache.catalina.startup.VersionLoggerListener.log JVM Vendor:            Ubuntu
21-Jan-2026 10:18:13.072 INFO [main] org.apache.catalina.startup.VersionLoggerListener.log CATALINA_BASE:         /opt/lms/tomcat
21-Jan-2026 10:18:13.073 INFO [main] org.apache.catalina.startup.VersionLoggerListener.log CATALINA_HOME:         /opt/lms/tomcat
21-Jan-2026 10:18:13.099 INFO [main] org.apache.catalina.startup.VersionLoggerListener.log Command line argument: --add-opens=java.base/java.lang=ALL-UNNAMED
21-Jan-2026 10:18:13.100 INFO [main] org.apache.catalina.startup.VersionLoggerListener.log Command line argument: --add-opens=java.base/java.io=ALL-UNNAMED
21-Jan-2026 10:18:13.100 INFO [main] org.apache.catalina.startup.VersionLoggerListener.log Command line argument: --add-opens=java.base/java.util=ALL-UNNAMED
21-Jan-2026 10:18:13.101 INFO [main] org.apache.catalina.startup.VersionLoggerListener.log Command line argument: --add-opens=java.base/java.util.concurrent=ALL-UNNAMED
21-Jan-2026 10:18:13.101 INFO [main] org.apache.catalina.startup.VersionLoggerListener.log Command line argument: --add-opens=java.rmi/sun.rmi.transport=ALL-UNNAMED
21-Jan-2026 10:18:13.101 INFO [main] org.apache.catalina.startup.VersionLoggerListener.log Command line argument: -Djava.util.logging.config.file=/opt/lms/tomcat/conf/logging.properties
21-Jan-2026 10:18:13.101 INFO [main] org.apache.catalina.startup.VersionLoggerListener.log Command line argument: -Djava.util.logging.manager=org.apache.juli.ClassLoaderLogManager
21-Jan-2026 10:18:13.101 INFO [main] org.apache.catalina.startup.VersionLoggerListener.log Command line argument: -Djdk.tls.ephemeralDHKeySize=2048
21-Jan-2026 10:18:13.105 INFO [main] org.apache.catalina.startup.VersionLoggerListener.log Command line argument: -Djava.protocol.handler.pkgs=org.apache.catalina.webresources
21-Jan-2026 10:18:13.105 INFO [main] org.apache.catalina.startup.VersionLoggerListener.log Command line argument: -Dorg.apache.catalina.security.SecurityListener.UMASK=0027
21-Jan-2026 10:18:13.106 INFO [main] org.apache.catalina.startup.VersionLoggerListener.log Command line argument: -Dignore.endorsed.dirs=
21-Jan-2026 10:18:13.106 INFO [main] org.apache.catalina.startup.VersionLoggerListener.log Command line argument: -Dcatalina.base=/opt/lms/tomcat
21-Jan-2026 10:18:13.106 INFO [main] org.apache.catalina.startup.VersionLoggerListener.log Command line argument: -Dcatalina.home=/opt/lms/tomcat
21-Jan-2026 10:18:13.106 INFO [main] org.apache.catalina.startup.VersionLoggerListener.log Command line argument: -Djava.io.tmpdir=/opt/lms/tomcat/temp
21-Jan-2026 10:18:13.121 INFO [main] org.apache.catalina.core.AprLifecycleListener.lifecycleEvent An older version [1.2.31] of the Apache Tomcat Native library is installed, while Tomcat recommends a minimum version of [1.3.0]
21-Jan-2026 10:18:13.122 INFO [main] org.apache.catalina.core.AprLifecycleListener.lifecycleEvent Loaded Apache Tomcat Native library [1.2.31] using APR version [1.7.0].
21-Jan-2026 10:18:13.122 INFO [main] org.apache.catalina.core.AprLifecycleListener.lifecycleEvent APR capabilities: IPv6 [true], sendfile [true], accept filters [false], random [true], UDS [true].
21-Jan-2026 10:18:13.122 INFO [main] org.apache.catalina.core.AprLifecycleListener.lifecycleEvent APR/OpenSSL configuration: useAprConnector [false], useOpenSSL [true]
21-Jan-2026 10:18:13.137 INFO [main] org.apache.catalina.core.AprLifecycleListener.initializeSSL OpenSSL successfully initialized [OpenSSL 3.0.2 15 Mar 2022]
21-Jan-2026 10:18:13.798 INFO [main] org.apache.coyote.AbstractProtocol.init Initializing ProtocolHandler ["http-nio-8001"]
21-Jan-2026 10:18:13.832 INFO [main] org.apache.catalina.startup.Catalina.load Server initialization in [1306] milliseconds
21-Jan-2026 10:18:13.909 INFO [main] org.apache.catalina.core.StandardService.startInternal Starting service [Catalina]
21-Jan-2026 10:18:13.909 INFO [main] org.apache.catalina.core.StandardEngine.startInternal Starting Servlet engine: [Apache Tomcat/9.0.96]
21-Jan-2026 10:18:13.929 INFO [main] org.apache.catalina.startup.HostConfig.deployWAR Deploying web application archive [/opt/lms/tomcat/webapps/ROOT.war]
21-Jan-2026 10:18:14.412 INFO [main] org.apache.catalina.startup.HostConfig.deployWAR Deployment of web application archive [/opt/lms/tomcat/webapps/ROOT.war] has finished in [483] ms
21-Jan-2026 10:18:14.413 INFO [main] org.apache.catalina.startup.HostConfig.deployDirectory Deploying web application directory [/opt/lms/tomcat/webapps/manager]
21-Jan-2026 10:18:14.489 INFO [main] org.apache.catalina.startup.HostConfig.deployDirectory Deployment of web application directory [/opt/lms/tomcat/webapps/manager] has finished in [76] ms
21-Jan-2026 10:18:14.490 INFO [main] org.apache.catalina.startup.HostConfig.deployDirectory Deploying web application directory [/opt/lms/tomcat/webapps/examples]
21-Jan-2026 10:18:14.860 INFO [main] org.apache.catalina.startup.HostConfig.deployDirectory Deployment of web application directory [/opt/lms/tomcat/webapps/examples] has finished in [370] ms
21-Jan-2026 10:18:14.861 INFO [main] org.apache.catalina.startup.HostConfig.deployDirectory Deploying web application directory [/opt/lms/tomcat/webapps/host-manager]
21-Jan-2026 10:18:14.896 INFO [main] org.apache.catalina.startup.HostConfig.deployDirectory Deployment of web application directory [/opt/lms/tomcat/webapps/host-manager] has finished in [35] ms
21-Jan-2026 10:18:14.897 INFO [main] org.apache.catalina.startup.HostConfig.deployDirectory Deploying web application directory [/opt/lms/tomcat/webapps/docs]
21-Jan-2026 10:18:14.932 INFO [main] org.apache.catalina.startup.HostConfig.deployDirectory Deployment of web application directory [/opt/lms/tomcat/webapps/docs] has finished in [35] ms
21-Jan-2026 10:18:14.940 INFO [main] org.apache.coyote.AbstractProtocol.start Starting ProtocolHandler ["http-nio-8001"]
21-Jan-2026 10:18:14.954 INFO [main] org.apache.catalina.startup.Catalina.start Server startup in [1121] milliseconds
21-Jan-2026 10:18:24.083 INFO [main] org.apache.catalina.startup.VersionLoggerListener.log Server version name:   Apache Tomcat/9.0.96
21-Jan-2026 10:18:24.087 INFO [main] org.apache.catalina.startup.VersionLoggerListener.log Server built:          Oct 3 2024 19:44:30 UTC
21-Jan-2026 10:18:24.088 INFO [main] org.apache.catalina.startup.VersionLoggerListener.log Server version number: 9.0.96.0
21-Jan-2026 10:18:24.088 INFO [main] org.apache.catalina.startup.VersionLoggerListener.log OS Name:               Linux
21-Jan-2026 10:18:24.088 INFO [main] org.apache.catalina.startup.VersionLoggerListener.log OS Version:            6.8.0-1044-aws
21-Jan-2026 10:18:24.089 INFO [main] org.apache.catalina.startup.VersionLoggerListener.log Architecture:          amd64
21-Jan-2026 10:18:24.089 INFO [main] org.apache.catalina.startup.VersionLoggerListener.log Java Home:             /usr/lib/jvm/java-11-openjdk-amd64
21-Jan-2026 10:18:24.089 INFO [main] org.apache.catalina.startup.VersionLoggerListener.log JVM Version:           11.0.29+7-post-Ubuntu-1ubuntu122.04
21-Jan-2026 10:18:24.089 INFO [main] org.apache.catalina.startup.VersionLoggerListener.log JVM Vendor:            Ubuntu
21-Jan-2026 10:18:24.090 INFO [main] org.apache.catalina.startup.VersionLoggerListener.log CATALINA_BASE:         /opt/lms/tomcat
21-Jan-2026 10:18:24.090 INFO [main] org.apache.catalina.startup.VersionLoggerListener.log CATALINA_HOME:         /opt/lms/tomcat
21-Jan-2026 10:18:24.128 INFO [main] org.apache.catalina.startup.VersionLoggerListener.log Command line argument: --add-opens=java.base/java.lang=ALL-UNNAMED
21-Jan-2026 10:18:24.129 INFO [main] org.apache.catalina.startup.VersionLoggerListener.log Command line argument: --add-opens=java.base/java.io=ALL-UNNAMED
21-Jan-2026 10:18:24.129 INFO [main] org.apache.catalina.startup.VersionLoggerListener.log Command line argument: --add-opens=java.base/java.util=ALL-UNNAMED
21-Jan-2026 10:18:24.129 INFO [main] org.apache.catalina.startup.VersionLoggerListener.log Command line argument: --add-opens=java.base/java.util.concurrent=ALL-UNNAMED
21-Jan-2026 10:18:24.129 INFO [main] org.apache.catalina.startup.VersionLoggerListener.log Command line argument: --add-opens=java.rmi/sun.rmi.transport=ALL-UNNAMED
21-Jan-2026 10:18:24.129 INFO [main] org.apache.catalina.startup.VersionLoggerListener.log Command line argument: -Djava.util.logging.config.file=/opt/lms/tomcat/conf/logging.properties
21-Jan-2026 10:18:24.129 INFO [main] org.apache.catalina.startup.VersionLoggerListener.log Command line argument: -Djava.util.logging.manager=org.apache.juli.ClassLoaderLogManager
21-Jan-2026 10:18:24.129 INFO [main] org.apache.catalina.startup.VersionLoggerListener.log Command line argument: -Djdk.tls.ephemeralDHKeySize=2048
21-Jan-2026 10:18:24.130 INFO [main] org.apache.catalina.startup.VersionLoggerListener.log Command line argument: -Djava.protocol.handler.pkgs=org.apache.catalina.webresources
21-Jan-2026 10:18:24.130 INFO [main] org.apache.catalina.startup.VersionLoggerListener.log Command line argument: -Dorg.apache.catalina.security.SecurityListener.UMASK=0027
21-Jan-2026 10:18:24.130 INFO [main] org.apache.catalina.startup.VersionLoggerListener.log Command line argument: -Dignore.endorsed.dirs=
21-Jan-2026 10:18:24.130 INFO [main] org.apache.catalina.startup.VersionLoggerListener.log Command line argument: -Dcatalina.base=/opt/lms/tomcat
21-Jan-2026 10:18:24.133 INFO [main] org.apache.catalina.startup.VersionLoggerListener.log Command line argument: -Dcatalina.home=/opt/lms/tomcat
21-Jan-2026 10:18:24.135 INFO [main] org.apache.catalina.startup.VersionLoggerListener.log Command line argument: -Djava.io.tmpdir=/opt/lms/tomcat/temp
21-Jan-2026 10:18:24.146 INFO [main] org.apache.catalina.core.AprLifecycleListener.lifecycleEvent An older version [1.2.31] of the Apache Tomcat Native library is installed, while Tomcat recommends a minimum version of [1.3.0]
21-Jan-2026 10:18:24.146 INFO [main] org.apache.catalina.core.AprLifecycleListener.lifecycleEvent Loaded Apache Tomcat Native library [1.2.31] using APR version [1.7.0].
21-Jan-2026 10:18:24.147 INFO [main] org.apache.catalina.core.AprLifecycleListener.lifecycleEvent APR capabilities: IPv6 [true], sendfile [true], accept filters [false], random [true], UDS [true].
21-Jan-2026 10:18:24.147 INFO [main] org.apache.catalina.core.AprLifecycleListener.lifecycleEvent APR/OpenSSL configuration: useAprConnector [false], useOpenSSL [true]
21-Jan-2026 10:18:24.155 INFO [main] org.apache.catalina.core.AprLifecycleListener.initializeSSL OpenSSL successfully initialized [OpenSSL 3.0.2 15 Mar 2022]
21-Jan-2026 10:18:24.838 INFO [main] org.apache.coyote.AbstractProtocol.init Initializing ProtocolHandler ["http-nio-8001"]
21-Jan-2026 10:18:24.875 SEVERE [main] org.apache.catalina.util.LifecycleBase.handleSubClassException Failed to initialize component [Connector["http-nio-8001"]]
	org.apache.catalina.LifecycleException: Protocol handler initialization failed
		at org.apache.catalina.connector.Connector.initInternal(Connector.java:1027)
		at org.apache.catalina.util.LifecycleBase.init(LifecycleBase.java:122)
		at org.apache.catalina.core.StandardService.initInternal(StandardService.java:525)
		at org.apache.catalina.util.LifecycleBase.init(LifecycleBase.java:122)
		at org.apache.catalina.core.StandardServer.initInternal(StandardServer.java:986)
		at org.apache.catalina.util.LifecycleBase.init(LifecycleBase.java:122)
		at org.apache.catalina.startup.Catalina.load(Catalina.java:686)
		at org.apache.catalina.startup.Catalina.load(Catalina.java:709)
		at java.base/jdk.internal.reflect.NativeMethodAccessorImpl.invoke0(Native Method)
		at java.base/jdk.internal.reflect.NativeMethodAccessorImpl.invoke(NativeMethodAccessorImpl.java:62)
		at java.base/jdk.internal.reflect.DelegatingMethodAccessorImpl.invoke(DelegatingMethodAccessorImpl.java:43)
		at java.base/java.lang.reflect.Method.invoke(Method.java:566)
		at org.apache.catalina.startup.Bootstrap.load(Bootstrap.java:302)
		at org.apache.catalina.startup.Bootstrap.main(Bootstrap.java:472)
	Caused by: java.net.BindException: Address already in use
		at java.base/sun.nio.ch.Net.bind0(Native Method)
		at java.base/sun.nio.ch.Net.bind(Net.java:459)
		at java.base/sun.nio.ch.Net.bind(Net.java:448)
		at java.base/sun.nio.ch.ServerSocketChannelImpl.bind(ServerSocketChannelImpl.java:227)
		at org.apache.tomcat.util.net.NioEndpoint.initServerSocket(NioEndpoint.java:268)
		at org.apache.tomcat.util.net.NioEndpoint.bind(NioEndpoint.java:223)
		at org.apache.tomcat.util.net.AbstractEndpoint.bindWithCleanup(AbstractEndpoint.java:1373)
		at org.apache.tomcat.util.net.AbstractEndpoint.init(AbstractEndpoint.java:1386)
		at org.apache.coyote.AbstractProtocol.init(AbstractProtocol.java:663)
		at org.apache.coyote.http11.AbstractHttp11Protocol.init(AbstractHttp11Protocol.java:77)
		at org.apache.catalina.connector.Connector.initInternal(Connector.java:1025)
		... 13 more
21-Jan-2026 10:18:24.877 INFO [main] org.apache.catalina.startup.Catalina.load Server initialization in [1133] milliseconds
21-Jan-2026 10:18:25.010 INFO [main] org.apache.catalina.core.StandardService.startInternal Starting service [Catalina]
21-Jan-2026 10:18:25.010 INFO [main] org.apache.catalina.core.StandardEngine.startInternal Starting Servlet engine: [Apache Tomcat/9.0.96]
21-Jan-2026 10:18:25.037 INFO [main] org.apache.catalina.startup.HostConfig.deployWAR Deploying web application archive [/opt/lms/tomcat/webapps/ROOT.war]
21-Jan-2026 10:18:25.516 INFO [main] org.apache.catalina.startup.HostConfig.deployWAR Deployment of web application archive [/opt/lms/tomcat/webapps/ROOT.war] has finished in [478] ms
21-Jan-2026 10:18:25.517 INFO [main] org.apache.catalina.startup.HostConfig.deployDirectory Deploying web application directory [/opt/lms/tomcat/webapps/manager]
21-Jan-2026 10:18:25.579 INFO [main] org.apache.catalina.startup.HostConfig.deployDirectory Deployment of web application directory [/opt/lms/tomcat/webapps/manager] has finished in [62] ms
21-Jan-2026 10:18:25.579 INFO [main] org.apache.catalina.startup.HostConfig.deployDirectory Deploying web application directory [/opt/lms/tomcat/webapps/examples]
21-Jan-2026 10:18:25.945 INFO [main] org.apache.catalina.startup.HostConfig.deployDirectory Deployment of web application directory [/opt/lms/tomcat/webapps/examples] has finished in [366] ms
21-Jan-2026 10:18:25.945 INFO [main] org.apache.catalina.startup.HostConfig.deployDirectory Deploying web application directory [/opt/lms/tomcat/webapps/host-manager]
21-Jan-2026 10:18:25.994 INFO [main] org.apache.catalina.startup.HostConfig.deployDirectory Deployment of web application directory [/opt/lms/tomcat/webapps/host-manager] has finished in [49] ms
21-Jan-2026 10:18:25.996 INFO [main] org.apache.catalina.startup.HostConfig.deployDirectory Deploying web application directory [/opt/lms/tomcat/webapps/docs]
21-Jan-2026 10:18:26.028 INFO [main] org.apache.catalina.startup.HostConfig.deployDirectory Deployment of web application directory [/opt/lms/tomcat/webapps/docs] has finished in [32] ms
21-Jan-2026 10:18:26.035 INFO [main] org.apache.catalina.startup.Catalina.start Server startup in [1158] milliseconds
21-Jan-2026 10:18:26.038 SEVERE [main] org.apache.catalina.core.StandardServer.await Failed to create server shutdown socket on address [localhost] and port [8005] (base port [8005] and offset [0])
	java.net.BindException: Address already in use (Bind failed)
		at java.base/java.net.PlainSocketImpl.socketBind(Native Method)
		at java.base/java.net.AbstractPlainSocketImpl.bind(AbstractPlainSocketImpl.java:452)
		at java.base/java.net.ServerSocket.bind(ServerSocket.java:395)
		at java.base/java.net.ServerSocket.<init>(ServerSocket.java:257)
		at org.apache.catalina.core.StandardServer.await(StandardServer.java:537)
		at org.apache.catalina.startup.Catalina.await(Catalina.java:825)
		at org.apache.catalina.startup.Catalina.start(Catalina.java:773)
		at java.base/jdk.internal.reflect.NativeMethodAccessorImpl.invoke0(Native Method)
		at java.base/jdk.internal.reflect.NativeMethodAccessorImpl.invoke(NativeMethodAccessorImpl.java:62)
		at java.base/jdk.internal.reflect.DelegatingMethodAccessorImpl.invoke(DelegatingMethodAccessorImpl.java:43)
		at java.base/java.lang.reflect.Method.invoke(Method.java:566)
		at org.apache.catalina.startup.Bootstrap.start(Bootstrap.java:345)
		at org.apache.catalina.startup.Bootstrap.main(Bootstrap.java:473)
21-Jan-2026 10:18:26.039 INFO [main] org.apache.coyote.AbstractProtocol.pause Pausing ProtocolHandler ["http-nio-8001"]
21-Jan-2026 10:18:26.040 INFO [main] org.apache.catalina.core.StandardService.stopInternal Stopping service [Catalina]
21-Jan-2026 10:18:26.069 INFO [main] org.apache.coyote.AbstractProtocol.stop Stopping ProtocolHandler ["http-nio-8001"]
21-Jan-2026 10:18:26.071 INFO [main] org.apache.coyote.AbstractProtocol.destroy Destroying ProtocolHandler ["http-nio-8001"]
21-Jan-2026 10:18:26.502 INFO [main] org.apache.catalina.core.StandardServer.await A valid shutdown command was received via the shutdown port. Stopping the Server instance.
21-Jan-2026 10:18:26.502 INFO [main] org.apache.coyote.AbstractProtocol.pause Pausing ProtocolHandler ["http-nio-8001"]
21-Jan-2026 10:18:26.510 INFO [main] org.apache.catalina.core.StandardService.stopInternal Stopping service [Catalina]
21-Jan-2026 10:18:26.554 INFO [main] org.apache.coyote.AbstractProtocol.stop Stopping ProtocolHandler ["http-nio-8001"]
21-Jan-2026 10:18:26.564 INFO [main] org.apache.coyote.AbstractProtocol.destroy Destroying ProtocolHandler ["http-nio-8001"]
21-Jan-2026 10:18:37.418 INFO [main] org.apache.catalina.startup.VersionLoggerListener.log Server version name:   Apache Tomcat/9.0.96
21-Jan-2026 10:18:37.422 INFO [main] org.apache.catalina.startup.VersionLoggerListener.log Server built:          Oct 3 2024 19:44:30 UTC
21-Jan-2026 10:18:37.423 INFO [main] org.apache.catalina.startup.VersionLoggerListener.log Server version number: 9.0.96.0
21-Jan-2026 10:18:37.423 INFO [main] org.apache.catalina.startup.VersionLoggerListener.log OS Name:               Linux
21-Jan-2026 10:18:37.423 INFO [main] org.apache.catalina.startup.VersionLoggerListener.log OS Version:            6.8.0-1044-aws
21-Jan-2026 10:18:37.423 INFO [main] org.apache.catalina.startup.VersionLoggerListener.log Architecture:          amd64
21-Jan-2026 10:18:37.423 INFO [main] org.apache.catalina.startup.VersionLoggerListener.log Java Home:             /usr/lib/jvm/java-11-openjdk-amd64
21-Jan-2026 10:18:37.424 INFO [main] org.apache.catalina.startup.VersionLoggerListener.log JVM Version:           11.0.29+7-post-Ubuntu-1ubuntu122.04
21-Jan-2026 10:18:37.424 INFO [main] org.apache.catalina.startup.VersionLoggerListener.log JVM Vendor:            Ubuntu
21-Jan-2026 10:18:37.424 INFO [main] org.apache.catalina.startup.VersionLoggerListener.log CATALINA_BASE:         /opt/lms/tomcat
21-Jan-2026 10:18:37.424 INFO [main] org.apache.catalina.startup.VersionLoggerListener.log CATALINA_HOME:         /opt/lms/tomcat
21-Jan-2026 10:18:37.446 INFO [main] org.apache.catalina.startup.VersionLoggerListener.log Command line argument: --add-opens=java.base/java.lang=ALL-UNNAMED
21-Jan-2026 10:18:37.446 INFO [main] org.apache.catalina.startup.VersionLoggerListener.log Command line argument: --add-opens=java.base/java.io=ALL-UNNAMED
21-Jan-2026 10:18:37.447 INFO [main] org.apache.catalina.startup.VersionLoggerListener.log Command line argument: --add-opens=java.base/java.util=ALL-UNNAMED
21-Jan-2026 10:18:37.447 INFO [main] org.apache.catalina.startup.VersionLoggerListener.log Command line argument: --add-opens=java.base/java.util.concurrent=ALL-UNNAMED
21-Jan-2026 10:18:37.447 INFO [main] org.apache.catalina.startup.VersionLoggerListener.log Command line argument: --add-opens=java.rmi/sun.rmi.transport=ALL-UNNAMED
21-Jan-2026 10:18:37.447 INFO [main] org.apache.catalina.startup.VersionLoggerListener.log Command line argument: -Djava.util.logging.config.file=/opt/lms/tomcat/conf/logging.properties
21-Jan-2026 10:18:37.450 INFO [main] org.apache.catalina.startup.VersionLoggerListener.log Command line argument: -Djava.util.logging.manager=org.apache.juli.ClassLoaderLogManager
21-Jan-2026 10:18:37.450 INFO [main] org.apache.catalina.startup.VersionLoggerListener.log Command line argument: -Djdk.tls.ephemeralDHKeySize=2048
21-Jan-2026 10:18:37.451 INFO [main] org.apache.catalina.startup.VersionLoggerListener.log Command line argument: -Djava.protocol.handler.pkgs=org.apache.catalina.webresources
21-Jan-2026 10:18:37.451 INFO [main] org.apache.catalina.startup.VersionLoggerListener.log Command line argument: -Dorg.apache.catalina.security.SecurityListener.UMASK=0027
21-Jan-2026 10:18:37.451 INFO [main] org.apache.catalina.startup.VersionLoggerListener.log Command line argument: -Dignore.endorsed.dirs=
21-Jan-2026 10:18:37.451 INFO [main] org.apache.catalina.startup.VersionLoggerListener.log Command line argument: -Dcatalina.base=/opt/lms/tomcat
21-Jan-2026 10:18:37.451 INFO [main] org.apache.catalina.startup.VersionLoggerListener.log Command line argument: -Dcatalina.home=/opt/lms/tomcat
21-Jan-2026 10:18:37.453 INFO [main] org.apache.catalina.startup.VersionLoggerListener.log Command line argument: -Djava.io.tmpdir=/opt/lms/tomcat/temp
21-Jan-2026 10:18:37.463 INFO [main] org.apache.catalina.core.AprLifecycleListener.lifecycleEvent An older version [1.2.31] of the Apache Tomcat Native library is installed, while Tomcat recommends a minimum version of [1.3.0]
21-Jan-2026 10:18:37.465 INFO [main] org.apache.catalina.core.AprLifecycleListener.lifecycleEvent Loaded Apache Tomcat Native library [1.2.31] using APR version [1.7.0].
21-Jan-2026 10:18:37.465 INFO [main] org.apache.catalina.core.AprLifecycleListener.lifecycleEvent APR capabilities: IPv6 [true], sendfile [true], accept filters [false], random [true], UDS [true].
21-Jan-2026 10:18:37.465 INFO [main] org.apache.catalina.core.AprLifecycleListener.lifecycleEvent APR/OpenSSL configuration: useAprConnector [false], useOpenSSL [true]
21-Jan-2026 10:18:37.474 INFO [main] org.apache.catalina.core.AprLifecycleListener.initializeSSL OpenSSL successfully initialized [OpenSSL 3.0.2 15 Mar 2022]
21-Jan-2026 10:18:38.090 INFO [main] org.apache.coyote.AbstractProtocol.init Initializing ProtocolHandler ["http-nio-8001"]
21-Jan-2026 10:18:38.145 INFO [main] org.apache.catalina.startup.Catalina.load Server initialization in [1116] milliseconds
21-Jan-2026 10:18:38.252 INFO [main] org.apache.catalina.core.StandardService.startInternal Starting service [Catalina]
21-Jan-2026 10:18:38.252 INFO [main] org.apache.catalina.core.StandardEngine.startInternal Starting Servlet engine: [Apache Tomcat/9.0.96]
21-Jan-2026 10:18:38.273 INFO [main] org.apache.catalina.startup.HostConfig.deployWAR Deploying web application archive [/opt/lms/tomcat/webapps/ROOT.war]
21-Jan-2026 10:18:38.687 INFO [main] org.apache.catalina.startup.HostConfig.deployWAR Deployment of web application archive [/opt/lms/tomcat/webapps/ROOT.war] has finished in [414] ms
21-Jan-2026 10:18:38.689 INFO [main] org.apache.catalina.startup.HostConfig.deployDirectory Deploying web application directory [/opt/lms/tomcat/webapps/manager]
21-Jan-2026 10:18:38.773 INFO [main] org.apache.catalina.startup.HostConfig.deployDirectory Deployment of web application directory [/opt/lms/tomcat/webapps/manager] has finished in [85] ms
21-Jan-2026 10:18:38.774 INFO [main] org.apache.catalina.startup.HostConfig.deployDirectory Deploying web application directory [/opt/lms/tomcat/webapps/examples]
21-Jan-2026 10:18:39.179 INFO [main] org.apache.catalina.startup.HostConfig.deployDirectory Deployment of web application directory [/opt/lms/tomcat/webapps/examples] has finished in [404] ms
21-Jan-2026 10:18:39.180 INFO [main] org.apache.catalina.startup.HostConfig.deployDirectory Deploying web application directory [/opt/lms/tomcat/webapps/host-manager]
21-Jan-2026 10:18:39.208 INFO [main] org.apache.catalina.startup.HostConfig.deployDirectory Deployment of web application directory [/opt/lms/tomcat/webapps/host-manager] has finished in [28] ms
21-Jan-2026 10:18:39.208 INFO [main] org.apache.catalina.startup.HostConfig.deployDirectory Deploying web application directory [/opt/lms/tomcat/webapps/docs]
21-Jan-2026 10:18:39.242 INFO [main] org.apache.catalina.startup.HostConfig.deployDirectory Deployment of web application directory [/opt/lms/tomcat/webapps/docs] has finished in [34] ms
21-Jan-2026 10:18:39.251 INFO [main] org.apache.coyote.AbstractProtocol.start Starting ProtocolHandler ["http-nio-8001"]
21-Jan-2026 10:18:39.283 INFO [main] org.apache.catalina.startup.Catalina.start Server startup in [1137] milliseconds
21-Jan-2026 11:05:29.741 INFO [main] org.apache.catalina.core.StandardServer.await A valid shutdown command was received via the shutdown port. Stopping the Server instance.
21-Jan-2026 11:05:29.953 INFO [main] org.apache.coyote.AbstractProtocol.pause Pausing ProtocolHandler ["http-nio-8001"]
21-Jan-2026 11:05:30.301 INFO [main] org.apache.catalina.core.StandardService.stopInternal Stopping service [Catalina]
21-Jan-2026 11:05:31.126 INFO [main] org.apache.coyote.AbstractProtocol.stop Stopping ProtocolHandler ["http-nio-8001"]
21-Jan-2026 11:05:31.193 INFO [main] org.apache.coyote.AbstractProtocol.destroy Destroying ProtocolHandler ["http-nio-8001"]
21-Jan-2026 11:05:39.124 INFO [main] org.apache.catalina.startup.VersionLoggerListener.log Server version name:   Apache Tomcat/9.0.96
21-Jan-2026 11:05:39.133 INFO [main] org.apache.catalina.startup.VersionLoggerListener.log Server built:          Oct 3 2024 19:44:30 UTC
21-Jan-2026 11:05:39.135 INFO [main] org.apache.catalina.startup.VersionLoggerListener.log Server version number: 9.0.96.0
21-Jan-2026 11:05:39.136 INFO [main] org.apache.catalina.startup.VersionLoggerListener.log OS Name:               Linux
21-Jan-2026 11:05:39.136 INFO [main] org.apache.catalina.startup.VersionLoggerListener.log OS Version:            6.8.0-1044-aws
21-Jan-2026 11:05:39.136 INFO [main] org.apache.catalina.startup.VersionLoggerListener.log Architecture:          amd64
21-Jan-2026 11:05:39.136 INFO [main] org.apache.catalina.startup.VersionLoggerListener.log Java Home:             /usr/lib/jvm/java-17-openjdk-amd64
21-Jan-2026 11:05:39.136 INFO [main] org.apache.catalina.startup.VersionLoggerListener.log JVM Version:           17.0.17+10-Ubuntu-122.04
21-Jan-2026 11:05:39.136 INFO [main] org.apache.catalina.startup.VersionLoggerListener.log JVM Vendor:            Ubuntu
21-Jan-2026 11:05:39.136 INFO [main] org.apache.catalina.startup.VersionLoggerListener.log CATALINA_BASE:         /opt/lms/tomcat
21-Jan-2026 11:05:39.137 INFO [main] org.apache.catalina.startup.VersionLoggerListener.log CATALINA_HOME:         /opt/lms/tomcat
21-Jan-2026 11:05:39.170 INFO [main] org.apache.catalina.startup.VersionLoggerListener.log Command line argument: --add-opens=java.base/java.lang=ALL-UNNAMED
21-Jan-2026 11:05:39.171 INFO [main] org.apache.catalina.startup.VersionLoggerListener.log Command line argument: --add-opens=java.base/java.io=ALL-UNNAMED
21-Jan-2026 11:05:39.172 INFO [main] org.apache.catalina.startup.VersionLoggerListener.log Command line argument: --add-opens=java.base/java.util=ALL-UNNAMED
21-Jan-2026 11:05:39.173 INFO [main] org.apache.catalina.startup.VersionLoggerListener.log Command line argument: --add-opens=java.base/java.util.concurrent=ALL-UNNAMED
21-Jan-2026 11:05:39.173 INFO [main] org.apache.catalina.startup.VersionLoggerListener.log Command line argument: --add-opens=java.rmi/sun.rmi.transport=ALL-UNNAMED
21-Jan-2026 11:05:39.173 INFO [main] org.apache.catalina.startup.VersionLoggerListener.log Command line argument: -Djava.util.logging.config.file=/opt/lms/tomcat/conf/logging.properties
21-Jan-2026 11:05:39.173 INFO [main] org.apache.catalina.startup.VersionLoggerListener.log Command line argument: -Djava.util.logging.manager=org.apache.juli.ClassLoaderLogManager
21-Jan-2026 11:05:39.173 INFO [main] org.apache.catalina.startup.VersionLoggerListener.log Command line argument: -Djdk.tls.ephemeralDHKeySize=2048
21-Jan-2026 11:05:39.173 INFO [main] org.apache.catalina.startup.VersionLoggerListener.log Command line argument: -Djava.protocol.handler.pkgs=org.apache.catalina.webresources
21-Jan-2026 11:05:39.173 INFO [main] org.apache.catalina.startup.VersionLoggerListener.log Command line argument: -Dorg.apache.catalina.security.SecurityListener.UMASK=0027
21-Jan-2026 11:05:39.173 INFO [main] org.apache.catalina.startup.VersionLoggerListener.log Command line argument: -Dignore.endorsed.dirs=
21-Jan-2026 11:05:39.173 INFO [main] org.apache.catalina.startup.VersionLoggerListener.log Command line argument: -Dcatalina.base=/opt/lms/tomcat
21-Jan-2026 11:05:39.174 INFO [main] org.apache.catalina.startup.VersionLoggerListener.log Command line argument: -Dcatalina.home=/opt/lms/tomcat
21-Jan-2026 11:05:39.174 INFO [main] org.apache.catalina.startup.VersionLoggerListener.log Command line argument: -Djava.io.tmpdir=/opt/lms/tomcat/temp
21-Jan-2026 11:05:39.200 INFO [main] org.apache.catalina.core.AprLifecycleListener.lifecycleEvent An older version [1.2.31] of the Apache Tomcat Native library is installed, while Tomcat recommends a minimum version of [1.3.0]
21-Jan-2026 11:05:39.201 INFO [main] org.apache.catalina.core.AprLifecycleListener.lifecycleEvent Loaded Apache Tomcat Native library [1.2.31] using APR version [1.7.0].
21-Jan-2026 11:05:39.201 INFO [main] org.apache.catalina.core.AprLifecycleListener.lifecycleEvent APR capabilities: IPv6 [true], sendfile [true], accept filters [false], random [true], UDS [true].
21-Jan-2026 11:05:39.201 INFO [main] org.apache.catalina.core.AprLifecycleListener.lifecycleEvent APR/OpenSSL configuration: useAprConnector [false], useOpenSSL [true]
21-Jan-2026 11:05:39.214 INFO [main] org.apache.catalina.core.AprLifecycleListener.initializeSSL OpenSSL successfully initialized [OpenSSL 3.0.2 15 Mar 2022]
21-Jan-2026 11:05:39.712 INFO [main] org.apache.coyote.AbstractProtocol.init Initializing ProtocolHandler ["http-nio-8001"]
21-Jan-2026 11:05:39.768 INFO [main] org.apache.catalina.startup.Catalina.load Server initialization in [959] milliseconds
21-Jan-2026 11:05:39.860 INFO [main] org.apache.catalina.core.StandardService.startInternal Starting service [Catalina]
21-Jan-2026 11:05:39.861 INFO [main] org.apache.catalina.core.StandardEngine.startInternal Starting Servlet engine: [Apache Tomcat/9.0.96]
21-Jan-2026 11:05:39.882 INFO [main] org.apache.catalina.startup.HostConfig.deployWAR Deploying web application archive [/opt/lms/tomcat/webapps/ROOT.war]
21-Jan-2026 11:05:40.947 INFO [main] org.apache.catalina.startup.HostConfig.deployWAR Deployment of web application archive [/opt/lms/tomcat/webapps/ROOT.war] has finished in [1,064] ms
21-Jan-2026 11:05:40.948 INFO [main] org.apache.catalina.startup.HostConfig.deployDirectory Deploying web application directory [/opt/lms/tomcat/webapps/manager]
21-Jan-2026 11:05:41.006 INFO [main] org.apache.catalina.startup.HostConfig.deployDirectory Deployment of web application directory [/opt/lms/tomcat/webapps/manager] has finished in [58] ms
21-Jan-2026 11:05:41.007 INFO [main] org.apache.catalina.startup.HostConfig.deployDirectory Deploying web application directory [/opt/lms/tomcat/webapps/examples]
21-Jan-2026 11:05:41.515 INFO [main] org.apache.catalina.startup.HostConfig.deployDirectory Deployment of web application directory [/opt/lms/tomcat/webapps/examples] has finished in [509] ms
21-Jan-2026 11:05:41.515 INFO [main] org.apache.catalina.startup.HostConfig.deployDirectory Deploying web application directory [/opt/lms/tomcat/webapps/host-manager]
21-Jan-2026 11:05:41.577 INFO [main] org.apache.catalina.startup.HostConfig.deployDirectory Deployment of web application directory [/opt/lms/tomcat/webapps/host-manager] has finished in [61] ms
21-Jan-2026 11:05:41.578 INFO [main] org.apache.catalina.startup.HostConfig.deployDirectory Deploying web application directory [/opt/lms/tomcat/webapps/docs]
21-Jan-2026 11:05:41.631 INFO [main] org.apache.catalina.startup.HostConfig.deployDirectory Deployment of web application directory [/opt/lms/tomcat/webapps/docs] has finished in [54] ms
21-Jan-2026 11:05:41.642 INFO [main] org.apache.coyote.AbstractProtocol.start Starting ProtocolHandler ["http-nio-8001"]
21-Jan-2026 11:05:41.668 INFO [main] org.apache.catalina.startup.Catalina.start Server startup in [1898] milliseconds
21-Jan-2026 11:05:44.079 INFO [main] org.apache.catalina.startup.VersionLoggerListener.log Server version name:   Apache Tomcat/9.0.96
21-Jan-2026 11:05:44.084 INFO [main] org.apache.catalina.startup.VersionLoggerListener.log Server built:          Oct 3 2024 19:44:30 UTC
21-Jan-2026 11:05:44.084 INFO [main] org.apache.catalina.startup.VersionLoggerListener.log Server version number: 9.0.96.0
21-Jan-2026 11:05:44.084 INFO [main] org.apache.catalina.startup.VersionLoggerListener.log OS Name:               Linux
21-Jan-2026 11:05:44.084 INFO [main] org.apache.catalina.startup.VersionLoggerListener.log OS Version:            6.8.0-1044-aws
21-Jan-2026 11:05:44.084 INFO [main] org.apache.catalina.startup.VersionLoggerListener.log Architecture:          amd64
21-Jan-2026 11:05:44.085 INFO [main] org.apache.catalina.startup.VersionLoggerListener.log Java Home:             /usr/lib/jvm/java-11-openjdk-amd64
21-Jan-2026 11:05:44.086 INFO [main] org.apache.catalina.startup.VersionLoggerListener.log JVM Version:           11.0.29+7-post-Ubuntu-1ubuntu122.04
21-Jan-2026 11:05:44.086 INFO [main] org.apache.catalina.startup.VersionLoggerListener.log JVM Vendor:            Ubuntu
21-Jan-2026 11:05:44.086 INFO [main] org.apache.catalina.startup.VersionLoggerListener.log CATALINA_BASE:         /opt/lms/tomcat
21-Jan-2026 11:05:44.086 INFO [main] org.apache.catalina.startup.VersionLoggerListener.log CATALINA_HOME:         /opt/lms/tomcat
21-Jan-2026 11:05:44.117 INFO [main] org.apache.catalina.startup.VersionLoggerListener.log Command line argument: --add-opens=java.base/java.lang=ALL-UNNAMED
21-Jan-2026 11:05:44.117 INFO [main] org.apache.catalina.startup.VersionLoggerListener.log Command line argument: --add-opens=java.base/java.io=ALL-UNNAMED
21-Jan-2026 11:05:44.117 INFO [main] org.apache.catalina.startup.VersionLoggerListener.log Command line argument: --add-opens=java.base/java.util=ALL-UNNAMED
21-Jan-2026 11:05:44.117 INFO [main] org.apache.catalina.startup.VersionLoggerListener.log Command line argument: --add-opens=java.base/java.util.concurrent=ALL-UNNAMED
21-Jan-2026 11:05:44.117 INFO [main] org.apache.catalina.startup.VersionLoggerListener.log Command line argument: --add-opens=java.rmi/sun.rmi.transport=ALL-UNNAMED
21-Jan-2026 11:05:44.118 INFO [main] org.apache.catalina.startup.VersionLoggerListener.log Command line argument: -Djava.util.logging.config.file=/opt/lms/tomcat/conf/logging.properties
21-Jan-2026 11:05:44.118 INFO [main] org.apache.catalina.startup.VersionLoggerListener.log Command line argument: -Djava.util.logging.manager=org.apache.juli.ClassLoaderLogManager
21-Jan-2026 11:05:44.118 INFO [main] org.apache.catalina.startup.VersionLoggerListener.log Command line argument: -Djdk.tls.ephemeralDHKeySize=2048
21-Jan-2026 11:05:44.119 INFO [main] org.apache.catalina.startup.VersionLoggerListener.log Command line argument: -Djava.protocol.handler.pkgs=org.apache.catalina.webresources
21-Jan-2026 11:05:44.119 INFO [main] org.apache.catalina.startup.VersionLoggerListener.log Command line argument: -Dorg.apache.catalina.security.SecurityListener.UMASK=0027
21-Jan-2026 11:05:44.119 INFO [main] org.apache.catalina.startup.VersionLoggerListener.log Command line argument: -Dignore.endorsed.dirs=
21-Jan-2026 11:05:44.119 INFO [main] org.apache.catalina.startup.VersionLoggerListener.log Command line argument: -Dcatalina.base=/opt/lms/tomcat
21-Jan-2026 11:05:44.120 INFO [main] org.apache.catalina.startup.VersionLoggerListener.log Command line argument: -Dcatalina.home=/opt/lms/tomcat
21-Jan-2026 11:05:44.120 INFO [main] org.apache.catalina.startup.VersionLoggerListener.log Command line argument: -Djava.io.tmpdir=/opt/lms/tomcat/temp
21-Jan-2026 11:05:44.127 INFO [main] org.apache.catalina.core.AprLifecycleListener.lifecycleEvent An older version [1.2.31] of the Apache Tomcat Native library is installed, while Tomcat recommends a minimum version of [1.3.0]
21-Jan-2026 11:05:44.128 INFO [main] org.apache.catalina.core.AprLifecycleListener.lifecycleEvent Loaded Apache Tomcat Native library [1.2.31] using APR version [1.7.0].
21-Jan-2026 11:05:44.128 INFO [main] org.apache.catalina.core.AprLifecycleListener.lifecycleEvent APR capabilities: IPv6 [true], sendfile [true], accept filters [false], random [true], UDS [true].
21-Jan-2026 11:05:44.128 INFO [main] org.apache.catalina.core.AprLifecycleListener.lifecycleEvent APR/OpenSSL configuration: useAprConnector [false], useOpenSSL [true]
21-Jan-2026 11:05:44.135 INFO [main] org.apache.catalina.core.AprLifecycleListener.initializeSSL OpenSSL successfully initialized [OpenSSL 3.0.2 15 Mar 2022]
21-Jan-2026 11:05:44.870 INFO [main] org.apache.coyote.AbstractProtocol.init Initializing ProtocolHandler ["http-nio-8001"]
21-Jan-2026 11:05:44.918 SEVERE [main] org.apache.catalina.util.LifecycleBase.handleSubClassException Failed to initialize component [Connector["http-nio-8001"]]
	org.apache.catalina.LifecycleException: Protocol handler initialization failed
		at org.apache.catalina.connector.Connector.initInternal(Connector.java:1027)
		at org.apache.catalina.util.LifecycleBase.init(LifecycleBase.java:122)
		at org.apache.catalina.core.StandardService.initInternal(StandardService.java:525)
		at org.apache.catalina.util.LifecycleBase.init(LifecycleBase.java:122)
		at org.apache.catalina.core.StandardServer.initInternal(StandardServer.java:986)
		at org.apache.catalina.util.LifecycleBase.init(LifecycleBase.java:122)
		at org.apache.catalina.startup.Catalina.load(Catalina.java:686)
		at org.apache.catalina.startup.Catalina.load(Catalina.java:709)
		at java.base/jdk.internal.reflect.NativeMethodAccessorImpl.invoke0(Native Method)
		at java.base/jdk.internal.reflect.NativeMethodAccessorImpl.invoke(NativeMethodAccessorImpl.java:62)
		at java.base/jdk.internal.reflect.DelegatingMethodAccessorImpl.invoke(DelegatingMethodAccessorImpl.java:43)
		at java.base/java.lang.reflect.Method.invoke(Method.java:566)
		at org.apache.catalina.startup.Bootstrap.load(Bootstrap.java:302)
		at org.apache.catalina.startup.Bootstrap.main(Bootstrap.java:472)
	Caused by: java.net.BindException: Address already in use
		at java.base/sun.nio.ch.Net.bind0(Native Method)
		at java.base/sun.nio.ch.Net.bind(Net.java:459)
		at java.base/sun.nio.ch.Net.bind(Net.java:448)
		at java.base/sun.nio.ch.ServerSocketChannelImpl.bind(ServerSocketChannelImpl.java:227)
		at org.apache.tomcat.util.net.NioEndpoint.initServerSocket(NioEndpoint.java:268)
		at org.apache.tomcat.util.net.NioEndpoint.bind(NioEndpoint.java:223)
		at org.apache.tomcat.util.net.AbstractEndpoint.bindWithCleanup(AbstractEndpoint.java:1373)
		at org.apache.tomcat.util.net.AbstractEndpoint.init(AbstractEndpoint.java:1386)
		at org.apache.coyote.AbstractProtocol.init(AbstractProtocol.java:663)
		at org.apache.coyote.http11.AbstractHttp11Protocol.init(AbstractHttp11Protocol.java:77)
		at org.apache.catalina.connector.Connector.initInternal(Connector.java:1025)
		... 13 more
21-Jan-2026 11:05:44.921 INFO [main] org.apache.catalina.startup.Catalina.load Server initialization in [1269] milliseconds
21-Jan-2026 11:05:45.040 INFO [main] org.apache.catalina.core.StandardService.startInternal Starting service [Catalina]
21-Jan-2026 11:05:45.042 INFO [main] org.apache.catalina.core.StandardEngine.startInternal Starting Servlet engine: [Apache Tomcat/9.0.96]
21-Jan-2026 11:05:45.063 INFO [main] org.apache.catalina.startup.HostConfig.deployWAR Deploying web application archive [/opt/lms/tomcat/webapps/ROOT.war]
21-Jan-2026 11:05:45.540 INFO [main] org.apache.catalina.startup.HostConfig.deployWAR Deployment of web application archive [/opt/lms/tomcat/webapps/ROOT.war] has finished in [475] ms
21-Jan-2026 11:05:45.541 INFO [main] org.apache.catalina.startup.HostConfig.deployDirectory Deploying web application directory [/opt/lms/tomcat/webapps/manager]
21-Jan-2026 11:05:45.597 INFO [main] org.apache.catalina.startup.HostConfig.deployDirectory Deployment of web application directory [/opt/lms/tomcat/webapps/manager] has finished in [55] ms
21-Jan-2026 11:05:45.597 INFO [main] org.apache.catalina.startup.HostConfig.deployDirectory Deploying web application directory [/opt/lms/tomcat/webapps/examples]
21-Jan-2026 11:05:46.052 INFO [main] org.apache.catalina.startup.HostConfig.deployDirectory Deployment of web application directory [/opt/lms/tomcat/webapps/examples] has finished in [453] ms
21-Jan-2026 11:05:46.053 INFO [main] org.apache.catalina.startup.HostConfig.deployDirectory Deploying web application directory [/opt/lms/tomcat/webapps/host-manager]
21-Jan-2026 11:05:46.096 INFO [main] org.apache.catalina.startup.HostConfig.deployDirectory Deployment of web application directory [/opt/lms/tomcat/webapps/host-manager] has finished in [43] ms
21-Jan-2026 11:05:46.096 INFO [main] org.apache.catalina.startup.HostConfig.deployDirectory Deploying web application directory [/opt/lms/tomcat/webapps/docs]
21-Jan-2026 11:05:46.139 INFO [main] org.apache.catalina.startup.HostConfig.deployDirectory Deployment of web application directory [/opt/lms/tomcat/webapps/docs] has finished in [43] ms
21-Jan-2026 11:05:46.155 INFO [main] org.apache.catalina.startup.Catalina.start Server startup in [1233] milliseconds
21-Jan-2026 11:05:46.162 SEVERE [main] org.apache.catalina.core.StandardServer.await Failed to create server shutdown socket on address [localhost] and port [8005] (base port [8005] and offset [0])
	java.net.BindException: Address already in use (Bind failed)
		at java.base/java.net.PlainSocketImpl.socketBind(Native Method)
		at java.base/java.net.AbstractPlainSocketImpl.bind(AbstractPlainSocketImpl.java:452)
		at java.base/java.net.ServerSocket.bind(ServerSocket.java:395)
		at java.base/java.net.ServerSocket.<init>(ServerSocket.java:257)
		at org.apache.catalina.core.StandardServer.await(StandardServer.java:537)
		at org.apache.catalina.startup.Catalina.await(Catalina.java:825)
		at org.apache.catalina.startup.Catalina.start(Catalina.java:773)
		at java.base/jdk.internal.reflect.NativeMethodAccessorImpl.invoke0(Native Method)
		at java.base/jdk.internal.reflect.NativeMethodAccessorImpl.invoke(NativeMethodAccessorImpl.java:62)
		at java.base/jdk.internal.reflect.DelegatingMethodAccessorImpl.invoke(DelegatingMethodAccessorImpl.java:43)
		at java.base/java.lang.reflect.Method.invoke(Method.java:566)
		at org.apache.catalina.startup.Bootstrap.start(Bootstrap.java:345)
		at org.apache.catalina.startup.Bootstrap.main(Bootstrap.java:473)
21-Jan-2026 11:05:46.163 INFO [main] org.apache.coyote.AbstractProtocol.pause Pausing ProtocolHandler ["http-nio-8001"]
21-Jan-2026 11:05:46.163 INFO [main] org.apache.catalina.core.StandardService.stopInternal Stopping service [Catalina]
21-Jan-2026 11:05:46.203 INFO [main] org.apache.coyote.AbstractProtocol.stop Stopping ProtocolHandler ["http-nio-8001"]
21-Jan-2026 11:05:46.204 INFO [main] org.apache.coyote.AbstractProtocol.destroy Destroying ProtocolHandler ["http-nio-8001"]
21-Jan-2026 11:05:46.773 INFO [main] org.apache.catalina.core.StandardServer.await A valid shutdown command was received via the shutdown port. Stopping the Server instance.
21-Jan-2026 11:05:46.774 INFO [main] org.apache.coyote.AbstractProtocol.pause Pausing ProtocolHandler ["http-nio-8001"]
21-Jan-2026 11:05:46.787 INFO [main] org.apache.catalina.core.StandardService.stopInternal Stopping service [Catalina]
21-Jan-2026 11:05:46.831 INFO [main] org.apache.coyote.AbstractProtocol.stop Stopping ProtocolHandler ["http-nio-8001"]
21-Jan-2026 11:05:46.844 INFO [main] org.apache.coyote.AbstractProtocol.destroy Destroying ProtocolHandler ["http-nio-8001"]
21-Jan-2026 11:05:57.605 INFO [main] org.apache.catalina.startup.VersionLoggerListener.log Server version name:   Apache Tomcat/9.0.96
21-Jan-2026 11:05:57.609 INFO [main] org.apache.catalina.startup.VersionLoggerListener.log Server built:          Oct 3 2024 19:44:30 UTC
21-Jan-2026 11:05:57.609 INFO [main] org.apache.catalina.startup.VersionLoggerListener.log Server version number: 9.0.96.0
21-Jan-2026 11:05:57.610 INFO [main] org.apache.catalina.startup.VersionLoggerListener.log OS Name:               Linux
21-Jan-2026 11:05:57.610 INFO [main] org.apache.catalina.startup.VersionLoggerListener.log OS Version:            6.8.0-1044-aws
21-Jan-2026 11:05:57.610 INFO [main] org.apache.catalina.startup.VersionLoggerListener.log Architecture:          amd64
21-Jan-2026 11:05:57.610 INFO [main] org.apache.catalina.startup.VersionLoggerListener.log Java Home:             /usr/lib/jvm/java-11-openjdk-amd64
21-Jan-2026 11:05:57.611 INFO [main] org.apache.catalina.startup.VersionLoggerListener.log JVM Version:           11.0.29+7-post-Ubuntu-1ubuntu122.04
21-Jan-2026 11:05:57.611 INFO [main] org.apache.catalina.startup.VersionLoggerListener.log JVM Vendor:            Ubuntu
21-Jan-2026 11:05:57.611 INFO [main] org.apache.catalina.startup.VersionLoggerListener.log CATALINA_BASE:         /opt/lms/tomcat
21-Jan-2026 11:05:57.611 INFO [main] org.apache.catalina.startup.VersionLoggerListener.log CATALINA_HOME:         /opt/lms/tomcat
21-Jan-2026 11:05:57.636 INFO [main] org.apache.catalina.startup.VersionLoggerListener.log Command line argument: --add-opens=java.base/java.lang=ALL-UNNAMED
21-Jan-2026 11:05:57.636 INFO [main] org.apache.catalina.startup.VersionLoggerListener.log Command line argument: --add-opens=java.base/java.io=ALL-UNNAMED
21-Jan-2026 11:05:57.636 INFO [main] org.apache.catalina.startup.VersionLoggerListener.log Command line argument: --add-opens=java.base/java.util=ALL-UNNAMED
21-Jan-2026 11:05:57.636 INFO [main] org.apache.catalina.startup.VersionLoggerListener.log Command line argument: --add-opens=java.base/java.util.concurrent=ALL-UNNAMED
21-Jan-2026 11:05:57.637 INFO [main] org.apache.catalina.startup.VersionLoggerListener.log Command line argument: --add-opens=java.rmi/sun.rmi.transport=ALL-UNNAMED
21-Jan-2026 11:05:57.637 INFO [main] org.apache.catalina.startup.VersionLoggerListener.log Command line argument: -Djava.util.logging.config.file=/opt/lms/tomcat/conf/logging.properties
21-Jan-2026 11:05:57.637 INFO [main] org.apache.catalina.startup.VersionLoggerListener.log Command line argument: -Djava.util.logging.manager=org.apache.juli.ClassLoaderLogManager
21-Jan-2026 11:05:57.637 INFO [main] org.apache.catalina.startup.VersionLoggerListener.log Command line argument: -Djdk.tls.ephemeralDHKeySize=2048
21-Jan-2026 11:05:57.637 INFO [main] org.apache.catalina.startup.VersionLoggerListener.log Command line argument: -Djava.protocol.handler.pkgs=org.apache.catalina.webresources
21-Jan-2026 11:05:57.637 INFO [main] org.apache.catalina.startup.VersionLoggerListener.log Command line argument: -Dorg.apache.catalina.security.SecurityListener.UMASK=0027
21-Jan-2026 11:05:57.637 INFO [main] org.apache.catalina.startup.VersionLoggerListener.log Command line argument: -Dignore.endorsed.dirs=
21-Jan-2026 11:05:57.638 INFO [main] org.apache.catalina.startup.VersionLoggerListener.log Command line argument: -Dcatalina.base=/opt/lms/tomcat
21-Jan-2026 11:05:57.638 INFO [main] org.apache.catalina.startup.VersionLoggerListener.log Command line argument: -Dcatalina.home=/opt/lms/tomcat
21-Jan-2026 11:05:57.638 INFO [main] org.apache.catalina.startup.VersionLoggerListener.log Command line argument: -Djava.io.tmpdir=/opt/lms/tomcat/temp
21-Jan-2026 11:05:57.654 INFO [main] org.apache.catalina.core.AprLifecycleListener.lifecycleEvent An older version [1.2.31] of the Apache Tomcat Native library is installed, while Tomcat recommends a minimum version of [1.3.0]
21-Jan-2026 11:05:57.654 INFO [main] org.apache.catalina.core.AprLifecycleListener.lifecycleEvent Loaded Apache Tomcat Native library [1.2.31] using APR version [1.7.0].
21-Jan-2026 11:05:57.654 INFO [main] org.apache.catalina.core.AprLifecycleListener.lifecycleEvent APR capabilities: IPv6 [true], sendfile [true], accept filters [false], random [true], UDS [true].
21-Jan-2026 11:05:57.654 INFO [main] org.apache.catalina.core.AprLifecycleListener.lifecycleEvent APR/OpenSSL configuration: useAprConnector [false], useOpenSSL [true]
21-Jan-2026 11:05:57.666 INFO [main] org.apache.catalina.core.AprLifecycleListener.initializeSSL OpenSSL successfully initialized [OpenSSL 3.0.2 15 Mar 2022]
21-Jan-2026 11:05:58.329 INFO [main] org.apache.coyote.AbstractProtocol.init Initializing ProtocolHandler ["http-nio-8001"]
21-Jan-2026 11:05:58.380 INFO [main] org.apache.catalina.startup.Catalina.load Server initialization in [1135] milliseconds
21-Jan-2026 11:05:58.482 INFO [main] org.apache.catalina.core.StandardService.startInternal Starting service [Catalina]
21-Jan-2026 11:05:58.484 INFO [main] org.apache.catalina.core.StandardEngine.startInternal Starting Servlet engine: [Apache Tomcat/9.0.96]
21-Jan-2026 11:05:58.509 INFO [main] org.apache.catalina.startup.HostConfig.deployWAR Deploying web application archive [/opt/lms/tomcat/webapps/ROOT.war]
21-Jan-2026 11:05:58.950 INFO [main] org.apache.catalina.startup.HostConfig.deployWAR Deployment of web application archive [/opt/lms/tomcat/webapps/ROOT.war] has finished in [438] ms
21-Jan-2026 11:05:58.951 INFO [main] org.apache.catalina.startup.HostConfig.deployDirectory Deploying web application directory [/opt/lms/tomcat/webapps/manager]
21-Jan-2026 11:05:59.024 INFO [main] org.apache.catalina.startup.HostConfig.deployDirectory Deployment of web application directory [/opt/lms/tomcat/webapps/manager] has finished in [74] ms
21-Jan-2026 11:05:59.025 INFO [main] org.apache.catalina.startup.HostConfig.deployDirectory Deploying web application directory [/opt/lms/tomcat/webapps/examples]
21-Jan-2026 11:05:59.406 INFO [main] org.apache.catalina.startup.HostConfig.deployDirectory Deployment of web application directory [/opt/lms/tomcat/webapps/examples] has finished in [381] ms
21-Jan-2026 11:05:59.406 INFO [main] org.apache.catalina.startup.HostConfig.deployDirectory Deploying web application directory [/opt/lms/tomcat/webapps/host-manager]
21-Jan-2026 11:05:59.433 INFO [main] org.apache.catalina.startup.HostConfig.deployDirectory Deployment of web application directory [/opt/lms/tomcat/webapps/host-manager] has finished in [27] ms
21-Jan-2026 11:05:59.433 INFO [main] org.apache.catalina.startup.HostConfig.deployDirectory Deploying web application directory [/opt/lms/tomcat/webapps/docs]
21-Jan-2026 11:05:59.475 INFO [main] org.apache.catalina.startup.HostConfig.deployDirectory Deployment of web application directory [/opt/lms/tomcat/webapps/docs] has finished in [42] ms
21-Jan-2026 11:05:59.488 INFO [main] org.apache.coyote.AbstractProtocol.start Starting ProtocolHandler ["http-nio-8001"]
21-Jan-2026 11:05:59.510 INFO [main] org.apache.catalina.startup.Catalina.start Server startup in [1129] milliseconds
21-Jan-2026 11:08:09.190 INFO [main] org.apache.catalina.core.StandardServer.await A valid shutdown command was received via the shutdown port. Stopping the Server instance.
21-Jan-2026 11:08:09.216 INFO [main] org.apache.coyote.AbstractProtocol.pause Pausing ProtocolHandler ["http-nio-8001"]
21-Jan-2026 11:08:09.248 INFO [main] org.apache.catalina.core.StandardService.stopInternal Stopping service [Catalina]
21-Jan-2026 11:08:09.471 INFO [main] org.apache.coyote.AbstractProtocol.stop Stopping ProtocolHandler ["http-nio-8001"]
21-Jan-2026 11:08:09.500 INFO [main] org.apache.coyote.AbstractProtocol.destroy Destroying ProtocolHandler ["http-nio-8001"]
21-Jan-2026 11:08:21.950 INFO [main] org.apache.catalina.startup.VersionLoggerListener.log Server version name:   Apache Tomcat/9.0.96
21-Jan-2026 11:08:21.953 INFO [main] org.apache.catalina.startup.VersionLoggerListener.log Server built:          Oct 3 2024 19:44:30 UTC
21-Jan-2026 11:08:21.953 INFO [main] org.apache.catalina.startup.VersionLoggerListener.log Server version number: 9.0.96.0
21-Jan-2026 11:08:21.953 INFO [main] org.apache.catalina.startup.VersionLoggerListener.log OS Name:               Linux
21-Jan-2026 11:08:21.953 INFO [main] org.apache.catalina.startup.VersionLoggerListener.log OS Version:            6.8.0-1044-aws
21-Jan-2026 11:08:21.953 INFO [main] org.apache.catalina.startup.VersionLoggerListener.log Architecture:          amd64
21-Jan-2026 11:08:21.953 INFO [main] org.apache.catalina.startup.VersionLoggerListener.log Java Home:             /usr/lib/jvm/java-11-openjdk-amd64
21-Jan-2026 11:08:21.953 INFO [main] org.apache.catalina.startup.VersionLoggerListener.log JVM Version:           11.0.29+7-post-Ubuntu-1ubuntu122.04
21-Jan-2026 11:08:21.953 INFO [main] org.apache.catalina.startup.VersionLoggerListener.log JVM Vendor:            Ubuntu
21-Jan-2026 11:08:21.954 INFO [main] org.apache.catalina.startup.VersionLoggerListener.log CATALINA_BASE:         /opt/lms/tomcat
21-Jan-2026 11:08:21.954 INFO [main] org.apache.catalina.startup.VersionLoggerListener.log CATALINA_HOME:         /opt/lms/tomcat
21-Jan-2026 11:08:21.992 INFO [main] org.apache.catalina.startup.VersionLoggerListener.log Command line argument: --add-opens=java.base/java.lang=ALL-UNNAMED
21-Jan-2026 11:08:21.993 INFO [main] org.apache.catalina.startup.VersionLoggerListener.log Command line argument: --add-opens=java.base/java.io=ALL-UNNAMED
21-Jan-2026 11:08:21.993 INFO [main] org.apache.catalina.startup.VersionLoggerListener.log Command line argument: --add-opens=java.base/java.util=ALL-UNNAMED
21-Jan-2026 11:08:21.993 INFO [main] org.apache.catalina.startup.VersionLoggerListener.log Command line argument: --add-opens=java.base/java.util.concurrent=ALL-UNNAMED
21-Jan-2026 11:08:21.994 INFO [main] org.apache.catalina.startup.VersionLoggerListener.log Command line argument: --add-opens=java.rmi/sun.rmi.transport=ALL-UNNAMED
21-Jan-2026 11:08:21.994 INFO [main] org.apache.catalina.startup.VersionLoggerListener.log Command line argument: -Djava.util.logging.config.file=/opt/lms/tomcat/conf/logging.properties
21-Jan-2026 11:08:21.995 INFO [main] org.apache.catalina.startup.VersionLoggerListener.log Command line argument: -Djava.util.logging.manager=org.apache.juli.ClassLoaderLogManager
21-Jan-2026 11:08:21.995 INFO [main] org.apache.catalina.startup.VersionLoggerListener.log Command line argument: -Djdk.tls.ephemeralDHKeySize=2048
21-Jan-2026 11:08:21.995 INFO [main] org.apache.catalina.startup.VersionLoggerListener.log Command line argument: -Djava.protocol.handler.pkgs=org.apache.catalina.webresources
21-Jan-2026 11:08:21.995 INFO [main] org.apache.catalina.startup.VersionLoggerListener.log Command line argument: -Dorg.apache.catalina.security.SecurityListener.UMASK=0027
21-Jan-2026 11:08:21.995 INFO [main] org.apache.catalina.startup.VersionLoggerListener.log Command line argument: -Dignore.endorsed.dirs=
21-Jan-2026 11:08:21.995 INFO [main] org.apache.catalina.startup.VersionLoggerListener.log Command line argument: -Dcatalina.base=/opt/lms/tomcat
21-Jan-2026 11:08:21.996 INFO [main] org.apache.catalina.startup.VersionLoggerListener.log Command line argument: -Dcatalina.home=/opt/lms/tomcat
21-Jan-2026 11:08:21.996 INFO [main] org.apache.catalina.startup.VersionLoggerListener.log Command line argument: -Djava.io.tmpdir=/opt/lms/tomcat/temp
21-Jan-2026 11:08:22.010 INFO [main] org.apache.catalina.core.AprLifecycleListener.lifecycleEvent An older version [1.2.31] of the Apache Tomcat Native library is installed, while Tomcat recommends a minimum version of [1.3.0]
21-Jan-2026 11:08:22.010 INFO [main] org.apache.catalina.core.AprLifecycleListener.lifecycleEvent Loaded Apache Tomcat Native library [1.2.31] using APR version [1.7.0].
21-Jan-2026 11:08:22.010 INFO [main] org.apache.catalina.core.AprLifecycleListener.lifecycleEvent APR capabilities: IPv6 [true], sendfile [true], accept filters [false], random [true], UDS [true].
21-Jan-2026 11:08:22.010 INFO [main] org.apache.catalina.core.AprLifecycleListener.lifecycleEvent APR/OpenSSL configuration: useAprConnector [false], useOpenSSL [true]
21-Jan-2026 11:08:22.017 INFO [main] org.apache.catalina.core.AprLifecycleListener.initializeSSL OpenSSL successfully initialized [OpenSSL 3.0.2 15 Mar 2022]
21-Jan-2026 11:08:22.823 INFO [main] org.apache.coyote.AbstractProtocol.init Initializing ProtocolHandler ["http-nio-8001"]
21-Jan-2026 11:08:22.897 INFO [main] org.apache.catalina.startup.Catalina.load Server initialization in [1521] milliseconds
21-Jan-2026 11:08:23.061 INFO [main] org.apache.catalina.core.StandardService.startInternal Starting service [Catalina]
21-Jan-2026 11:08:23.063 INFO [main] org.apache.catalina.core.StandardEngine.startInternal Starting Servlet engine: [Apache Tomcat/9.0.96]
21-Jan-2026 11:08:23.106 INFO [main] org.apache.catalina.startup.HostConfig.deployWAR Deploying web application archive [/opt/lms/tomcat/webapps/ROOT.war]
21-Jan-2026 11:08:23.778 INFO [main] org.apache.catalina.startup.HostConfig.deployWAR Deployment of web application archive [/opt/lms/tomcat/webapps/ROOT.war] has finished in [671] ms
21-Jan-2026 11:08:23.778 INFO [main] org.apache.catalina.startup.HostConfig.deployDirectory Deploying web application directory [/opt/lms/tomcat/webapps/manager]
21-Jan-2026 11:08:23.827 INFO [main] org.apache.catalina.startup.HostConfig.deployDirectory Deployment of web application directory [/opt/lms/tomcat/webapps/manager] has finished in [49] ms
21-Jan-2026 11:08:23.828 INFO [main] org.apache.catalina.startup.HostConfig.deployDirectory Deploying web application directory [/opt/lms/tomcat/webapps/examples]
21-Jan-2026 11:08:24.288 INFO [main] org.apache.catalina.startup.HostConfig.deployDirectory Deployment of web application directory [/opt/lms/tomcat/webapps/examples] has finished in [460] ms
21-Jan-2026 11:08:24.289 INFO [main] org.apache.catalina.startup.HostConfig.deployDirectory Deploying web application directory [/opt/lms/tomcat/webapps/host-manager]
21-Jan-2026 11:08:24.341 INFO [main] org.apache.catalina.startup.HostConfig.deployDirectory Deployment of web application directory [/opt/lms/tomcat/webapps/host-manager] has finished in [52] ms
21-Jan-2026 11:08:24.341 INFO [main] org.apache.catalina.startup.HostConfig.deployDirectory Deploying web application directory [/opt/lms/tomcat/webapps/docs]
21-Jan-2026 11:08:24.367 INFO [main] org.apache.catalina.startup.HostConfig.deployDirectory Deployment of web application directory [/opt/lms/tomcat/webapps/docs] has finished in [25] ms
21-Jan-2026 11:08:24.378 INFO [main] org.apache.coyote.AbstractProtocol.start Starting ProtocolHandler ["http-nio-8001"]
21-Jan-2026 11:08:24.409 INFO [main] org.apache.catalina.startup.Catalina.start Server startup in [1511] milliseconds
21-Jan-2026 11:08:33.000 INFO [main] org.apache.catalina.startup.VersionLoggerListener.log Server version name:   Apache Tomcat/9.0.96
21-Jan-2026 11:08:33.009 INFO [main] org.apache.catalina.startup.VersionLoggerListener.log Server built:          Oct 3 2024 19:44:30 UTC
21-Jan-2026 11:08:33.009 INFO [main] org.apache.catalina.startup.VersionLoggerListener.log Server version number: 9.0.96.0
21-Jan-2026 11:08:33.009 INFO [main] org.apache.catalina.startup.VersionLoggerListener.log OS Name:               Linux
21-Jan-2026 11:08:33.009 INFO [main] org.apache.catalina.startup.VersionLoggerListener.log OS Version:            6.8.0-1044-aws
21-Jan-2026 11:08:33.009 INFO [main] org.apache.catalina.startup.VersionLoggerListener.log Architecture:          amd64
21-Jan-2026 11:08:33.010 INFO [main] org.apache.catalina.startup.VersionLoggerListener.log Java Home:             /usr/lib/jvm/java-17-openjdk-amd64
21-Jan-2026 11:08:33.010 INFO [main] org.apache.catalina.startup.VersionLoggerListener.log JVM Version:           17.0.17+10-Ubuntu-122.04
21-Jan-2026 11:08:33.010 INFO [main] org.apache.catalina.startup.VersionLoggerListener.log JVM Vendor:            Ubuntu
21-Jan-2026 11:08:33.010 INFO [main] org.apache.catalina.startup.VersionLoggerListener.log CATALINA_BASE:         /opt/lms/tomcat
21-Jan-2026 11:08:33.011 INFO [main] org.apache.catalina.startup.VersionLoggerListener.log CATALINA_HOME:         /opt/lms/tomcat
21-Jan-2026 11:08:33.045 INFO [main] org.apache.catalina.startup.VersionLoggerListener.log Command line argument: --add-opens=java.base/java.lang=ALL-UNNAMED
21-Jan-2026 11:08:33.046 INFO [main] org.apache.catalina.startup.VersionLoggerListener.log Command line argument: --add-opens=java.base/java.io=ALL-UNNAMED
21-Jan-2026 11:08:33.046 INFO [main] org.apache.catalina.startup.VersionLoggerListener.log Command line argument: --add-opens=java.base/java.util=ALL-UNNAMED
21-Jan-2026 11:08:33.046 INFO [main] org.apache.catalina.startup.VersionLoggerListener.log Command line argument: --add-opens=java.base/java.util.concurrent=ALL-UNNAMED
21-Jan-2026 11:08:33.046 INFO [main] org.apache.catalina.startup.VersionLoggerListener.log Command line argument: --add-opens=java.rmi/sun.rmi.transport=ALL-UNNAMED
21-Jan-2026 11:08:33.046 INFO [main] org.apache.catalina.startup.VersionLoggerListener.log Command line argument: -Djava.util.logging.config.file=/opt/lms/tomcat/conf/logging.properties
21-Jan-2026 11:08:33.046 INFO [main] org.apache.catalina.startup.VersionLoggerListener.log Command line argument: -Djava.util.logging.manager=org.apache.juli.ClassLoaderLogManager
21-Jan-2026 11:08:33.046 INFO [main] org.apache.catalina.startup.VersionLoggerListener.log Command line argument: -Djdk.tls.ephemeralDHKeySize=2048
21-Jan-2026 11:08:33.046 INFO [main] org.apache.catalina.startup.VersionLoggerListener.log Command line argument: -Djava.protocol.handler.pkgs=org.apache.catalina.webresources
21-Jan-2026 11:08:33.047 INFO [main] org.apache.catalina.startup.VersionLoggerListener.log Command line argument: -Dorg.apache.catalina.security.SecurityListener.UMASK=0027
21-Jan-2026 11:08:33.047 INFO [main] org.apache.catalina.startup.VersionLoggerListener.log Command line argument: -Dignore.endorsed.dirs=
21-Jan-2026 11:08:33.047 INFO [main] org.apache.catalina.startup.VersionLoggerListener.log Command line argument: -Dcatalina.base=/opt/lms/tomcat
21-Jan-2026 11:08:33.047 INFO [main] org.apache.catalina.startup.VersionLoggerListener.log Command line argument: -Dcatalina.home=/opt/lms/tomcat
21-Jan-2026 11:08:33.049 INFO [main] org.apache.catalina.startup.VersionLoggerListener.log Command line argument: -Djava.io.tmpdir=/opt/lms/tomcat/temp
21-Jan-2026 11:08:33.061 INFO [main] org.apache.catalina.core.AprLifecycleListener.lifecycleEvent An older version [1.2.31] of the Apache Tomcat Native library is installed, while Tomcat recommends a minimum version of [1.3.0]
21-Jan-2026 11:08:33.061 INFO [main] org.apache.catalina.core.AprLifecycleListener.lifecycleEvent Loaded Apache Tomcat Native library [1.2.31] using APR version [1.7.0].
21-Jan-2026 11:08:33.061 INFO [main] org.apache.catalina.core.AprLifecycleListener.lifecycleEvent APR capabilities: IPv6 [true], sendfile [true], accept filters [false], random [true], UDS [true].
21-Jan-2026 11:08:33.061 INFO [main] org.apache.catalina.core.AprLifecycleListener.lifecycleEvent APR/OpenSSL configuration: useAprConnector [false], useOpenSSL [true]
21-Jan-2026 11:08:33.067 INFO [main] org.apache.catalina.core.AprLifecycleListener.initializeSSL OpenSSL successfully initialized [OpenSSL 3.0.2 15 Mar 2022]
21-Jan-2026 11:08:33.608 INFO [main] org.apache.coyote.AbstractProtocol.init Initializing ProtocolHandler ["http-nio-8001"]
21-Jan-2026 11:08:33.654 SEVERE [main] org.apache.catalina.util.LifecycleBase.handleSubClassException Failed to initialize component [Connector["http-nio-8001"]]
	org.apache.catalina.LifecycleException: Protocol handler initialization failed
		at org.apache.catalina.connector.Connector.initInternal(Connector.java:1027)
		at org.apache.catalina.util.LifecycleBase.init(LifecycleBase.java:122)
		at org.apache.catalina.core.StandardService.initInternal(StandardService.java:525)
		at org.apache.catalina.util.LifecycleBase.init(LifecycleBase.java:122)
		at org.apache.catalina.core.StandardServer.initInternal(StandardServer.java:986)
		at org.apache.catalina.util.LifecycleBase.init(LifecycleBase.java:122)
		at org.apache.catalina.startup.Catalina.load(Catalina.java:686)
		at org.apache.catalina.startup.Catalina.load(Catalina.java:709)
		at java.base/jdk.internal.reflect.NativeMethodAccessorImpl.invoke0(Native Method)
		at java.base/jdk.internal.reflect.NativeMethodAccessorImpl.invoke(NativeMethodAccessorImpl.java:77)
		at java.base/jdk.internal.reflect.DelegatingMethodAccessorImpl.invoke(DelegatingMethodAccessorImpl.java:43)
		at java.base/java.lang.reflect.Method.invoke(Method.java:569)
		at org.apache.catalina.startup.Bootstrap.load(Bootstrap.java:302)
		at org.apache.catalina.startup.Bootstrap.main(Bootstrap.java:472)
	Caused by: java.net.BindException: Address already in use
		at java.base/sun.nio.ch.Net.bind0(Native Method)
		at java.base/sun.nio.ch.Net.bind(Net.java:555)
		at java.base/sun.nio.ch.ServerSocketChannelImpl.netBind(ServerSocketChannelImpl.java:337)
		at java.base/sun.nio.ch.ServerSocketChannelImpl.bind(ServerSocketChannelImpl.java:294)
		at org.apache.tomcat.util.net.NioEndpoint.initServerSocket(NioEndpoint.java:268)
		at org.apache.tomcat.util.net.NioEndpoint.bind(NioEndpoint.java:223)
		at org.apache.tomcat.util.net.AbstractEndpoint.bindWithCleanup(AbstractEndpoint.java:1373)
		at org.apache.tomcat.util.net.AbstractEndpoint.init(AbstractEndpoint.java:1386)
		at org.apache.coyote.AbstractProtocol.init(AbstractProtocol.java:663)
		at org.apache.coyote.http11.AbstractHttp11Protocol.init(AbstractHttp11Protocol.java:77)
		at org.apache.catalina.connector.Connector.initInternal(Connector.java:1025)
		... 13 more
21-Jan-2026 11:08:33.655 INFO [main] org.apache.catalina.startup.Catalina.load Server initialization in [1009] milliseconds
21-Jan-2026 11:08:33.754 INFO [main] org.apache.catalina.core.StandardService.startInternal Starting service [Catalina]
21-Jan-2026 11:08:33.755 INFO [main] org.apache.catalina.core.StandardEngine.startInternal Starting Servlet engine: [Apache Tomcat/9.0.96]
21-Jan-2026 11:08:33.767 INFO [main] org.apache.catalina.startup.HostConfig.deployDirectory Deploying web application directory [/opt/lms/tomcat/webapps/manager]
21-Jan-2026 11:08:34.391 INFO [Catalina-utility-1] org.apache.catalina.startup.HostConfig.undeploy Undeploying context []
21-Jan-2026 11:08:34.470 INFO [main] org.apache.catalina.startup.HostConfig.deployDirectory Deployment of web application directory [/opt/lms/tomcat/webapps/manager] has finished in [702] ms
21-Jan-2026 11:08:34.471 INFO [main] org.apache.catalina.startup.HostConfig.deployDirectory Deploying web application directory [/opt/lms/tomcat/webapps/examples]
21-Jan-2026 11:08:34.825 INFO [main] org.apache.catalina.startup.HostConfig.deployDirectory Deployment of web application directory [/opt/lms/tomcat/webapps/examples] has finished in [354] ms
21-Jan-2026 11:08:34.825 INFO [main] org.apache.catalina.startup.HostConfig.deployDirectory Deploying web application directory [/opt/lms/tomcat/webapps/host-manager]
21-Jan-2026 11:08:34.887 INFO [main] org.apache.catalina.startup.HostConfig.deployDirectory Deployment of web application directory [/opt/lms/tomcat/webapps/host-manager] has finished in [60] ms
21-Jan-2026 11:08:34.887 INFO [main] org.apache.catalina.startup.HostConfig.deployDirectory Deploying web application directory [/opt/lms/tomcat/webapps/docs]
21-Jan-2026 11:08:34.917 INFO [main] org.apache.catalina.startup.HostConfig.deployDirectory Deployment of web application directory [/opt/lms/tomcat/webapps/docs] has finished in [29] ms
21-Jan-2026 11:08:34.923 INFO [main] org.apache.catalina.startup.Catalina.start Server startup in [1268] milliseconds
21-Jan-2026 11:08:34.932 SEVERE [main] org.apache.catalina.core.StandardServer.await Failed to create server shutdown socket on address [localhost] and port [8005] (base port [8005] and offset [0])
	java.net.BindException: Address already in use
		at java.base/sun.nio.ch.Net.bind0(Native Method)
		at java.base/sun.nio.ch.Net.bind(Net.java:555)
		at java.base/sun.nio.ch.Net.bind(Net.java:544)
		at java.base/sun.nio.ch.NioSocketImpl.bind(NioSocketImpl.java:648)
		at java.base/java.net.ServerSocket.bind(ServerSocket.java:388)
		at java.base/java.net.ServerSocket.<init>(ServerSocket.java:274)
		at org.apache.catalina.core.StandardServer.await(StandardServer.java:537)
		at org.apache.catalina.startup.Catalina.await(Catalina.java:825)
		at org.apache.catalina.startup.Catalina.start(Catalina.java:773)
		at java.base/jdk.internal.reflect.NativeMethodAccessorImpl.invoke0(Native Method)
		at java.base/jdk.internal.reflect.NativeMethodAccessorImpl.invoke(NativeMethodAccessorImpl.java:77)
		at java.base/jdk.internal.reflect.DelegatingMethodAccessorImpl.invoke(DelegatingMethodAccessorImpl.java:43)
		at java.base/java.lang.reflect.Method.invoke(Method.java:569)
		at org.apache.catalina.startup.Bootstrap.start(Bootstrap.java:345)
		at org.apache.catalina.startup.Bootstrap.main(Bootstrap.java:473)
21-Jan-2026 11:08:34.934 INFO [main] org.apache.coyote.AbstractProtocol.pause Pausing ProtocolHandler ["http-nio-8001"]
21-Jan-2026 11:08:34.934 INFO [main] org.apache.catalina.core.StandardService.stopInternal Stopping service [Catalina]
21-Jan-2026 11:08:34.987 INFO [main] org.apache.coyote.AbstractProtocol.stop Stopping ProtocolHandler ["http-nio-8001"]
21-Jan-2026 11:08:34.994 INFO [main] org.apache.coyote.AbstractProtocol.destroy Destroying ProtocolHandler ["http-nio-8001"]
21-Jan-2026 11:09:12.206 WARNING [main] org.apache.catalina.core.StandardServer.await Invalid shutdown command [GET /?id=0513973d-e2e5-4e50-9cd2-b2a58f15d3fb&vscodeBrowserReqId=1768993752135 HTTP/1.1] received
21-Jan-2026 11:09:26.447 INFO [main] org.apache.catalina.startup.VersionLoggerListener.log Server version name:   Apache Tomcat/9.0.96
21-Jan-2026 11:09:26.454 INFO [main] org.apache.catalina.startup.VersionLoggerListener.log Server built:          Oct 3 2024 19:44:30 UTC
21-Jan-2026 11:09:26.454 INFO [main] org.apache.catalina.startup.VersionLoggerListener.log Server version number: 9.0.96.0
21-Jan-2026 11:09:26.455 INFO [main] org.apache.catalina.startup.VersionLoggerListener.log OS Name:               Linux
21-Jan-2026 11:09:26.455 INFO [main] org.apache.catalina.startup.VersionLoggerListener.log OS Version:            6.8.0-1044-aws
21-Jan-2026 11:09:26.455 INFO [main] org.apache.catalina.startup.VersionLoggerListener.log Architecture:          amd64
21-Jan-2026 11:09:26.455 INFO [main] org.apache.catalina.startup.VersionLoggerListener.log Java Home:             /usr/lib/jvm/java-11-openjdk-amd64
21-Jan-2026 11:09:26.455 INFO [main] org.apache.catalina.startup.VersionLoggerListener.log JVM Version:           11.0.29+7-post-Ubuntu-1ubuntu122.04
21-Jan-2026 11:09:26.456 INFO [main] org.apache.catalina.startup.VersionLoggerListener.log JVM Vendor:            Ubuntu
21-Jan-2026 11:09:26.457 INFO [main] org.apache.catalina.startup.VersionLoggerListener.log CATALINA_BASE:         /opt/lms/tomcat
21-Jan-2026 11:09:26.457 INFO [main] org.apache.catalina.startup.VersionLoggerListener.log CATALINA_HOME:         /opt/lms/tomcat
21-Jan-2026 11:09:26.529 INFO [main] org.apache.catalina.startup.VersionLoggerListener.log Command line argument: --add-opens=java.base/java.lang=ALL-UNNAMED
21-Jan-2026 11:09:26.529 INFO [main] org.apache.catalina.startup.VersionLoggerListener.log Command line argument: --add-opens=java.base/java.io=ALL-UNNAMED
21-Jan-2026 11:09:26.529 INFO [main] org.apache.catalina.startup.VersionLoggerListener.log Command line argument: --add-opens=java.base/java.util=ALL-UNNAMED
21-Jan-2026 11:09:26.530 INFO [main] org.apache.catalina.startup.VersionLoggerListener.log Command line argument: --add-opens=java.base/java.util.concurrent=ALL-UNNAMED
21-Jan-2026 11:09:26.530 INFO [main] org.apache.catalina.startup.VersionLoggerListener.log Command line argument: --add-opens=java.rmi/sun.rmi.transport=ALL-UNNAMED
21-Jan-2026 11:09:26.530 INFO [main] org.apache.catalina.startup.VersionLoggerListener.log Command line argument: -Djava.util.logging.config.file=/opt/lms/tomcat/conf/logging.properties
21-Jan-2026 11:09:26.530 INFO [main] org.apache.catalina.startup.VersionLoggerListener.log Command line argument: -Djava.util.logging.manager=org.apache.juli.ClassLoaderLogManager
21-Jan-2026 11:09:26.530 INFO [main] org.apache.catalina.startup.VersionLoggerListener.log Command line argument: -Djdk.tls.ephemeralDHKeySize=2048
21-Jan-2026 11:09:26.531 INFO [main] org.apache.catalina.startup.VersionLoggerListener.log Command line argument: -Djava.protocol.handler.pkgs=org.apache.catalina.webresources
21-Jan-2026 11:09:26.531 INFO [main] org.apache.catalina.startup.VersionLoggerListener.log Command line argument: -Dorg.apache.catalina.security.SecurityListener.UMASK=0027
21-Jan-2026 11:09:26.531 INFO [main] org.apache.catalina.startup.VersionLoggerListener.log Command line argument: -Dignore.endorsed.dirs=
21-Jan-2026 11:09:26.531 INFO [main] org.apache.catalina.startup.VersionLoggerListener.log Command line argument: -Dcatalina.base=/opt/lms/tomcat
21-Jan-2026 11:09:26.531 INFO [main] org.apache.catalina.startup.VersionLoggerListener.log Command line argument: -Dcatalina.home=/opt/lms/tomcat
21-Jan-2026 11:09:26.534 INFO [main] org.apache.catalina.startup.VersionLoggerListener.log Command line argument: -Djava.io.tmpdir=/opt/lms/tomcat/temp
21-Jan-2026 11:09:26.546 INFO [main] org.apache.catalina.core.AprLifecycleListener.lifecycleEvent An older version [1.2.31] of the Apache Tomcat Native library is installed, while Tomcat recommends a minimum version of [1.3.0]
21-Jan-2026 11:09:26.546 INFO [main] org.apache.catalina.core.AprLifecycleListener.lifecycleEvent Loaded Apache Tomcat Native library [1.2.31] using APR version [1.7.0].
21-Jan-2026 11:09:26.546 INFO [main] org.apache.catalina.core.AprLifecycleListener.lifecycleEvent APR capabilities: IPv6 [true], sendfile [true], accept filters [false], random [true], UDS [true].
21-Jan-2026 11:09:26.546 INFO [main] org.apache.catalina.core.AprLifecycleListener.lifecycleEvent APR/OpenSSL configuration: useAprConnector [false], useOpenSSL [true]
21-Jan-2026 11:09:26.558 INFO [main] org.apache.catalina.core.AprLifecycleListener.initializeSSL OpenSSL successfully initialized [OpenSSL 3.0.2 15 Mar 2022]
21-Jan-2026 11:09:27.609 INFO [main] org.apache.coyote.AbstractProtocol.init Initializing ProtocolHandler ["http-nio-8001"]
21-Jan-2026 11:09:27.747 INFO [main] org.apache.catalina.startup.Catalina.load Server initialization in [2145] milliseconds
21-Jan-2026 11:09:28.053 INFO [main] org.apache.catalina.core.StandardService.startInternal Starting service [Catalina]
21-Jan-2026 11:09:28.054 INFO [main] org.apache.catalina.core.StandardEngine.startInternal Starting Servlet engine: [Apache Tomcat/9.0.96]
21-Jan-2026 11:09:28.077 INFO [main] org.apache.catalina.startup.HostConfig.deployDirectory Deploying web application directory [/opt/lms/tomcat/webapps/manager]
21-Jan-2026 11:09:28.864 INFO [main] org.apache.catalina.startup.HostConfig.deployDirectory Deployment of web application directory [/opt/lms/tomcat/webapps/manager] has finished in [786] ms
21-Jan-2026 11:09:28.864 INFO [main] org.apache.catalina.startup.HostConfig.deployDirectory Deploying web application directory [/opt/lms/tomcat/webapps/examples]
21-Jan-2026 11:09:29.367 INFO [main] org.apache.catalina.startup.HostConfig.deployDirectory Deployment of web application directory [/opt/lms/tomcat/webapps/examples] has finished in [503] ms
21-Jan-2026 11:09:29.367 INFO [main] org.apache.catalina.startup.HostConfig.deployDirectory Deploying web application directory [/opt/lms/tomcat/webapps/host-manager]
21-Jan-2026 11:09:29.410 INFO [main] org.apache.catalina.startup.HostConfig.deployDirectory Deployment of web application directory [/opt/lms/tomcat/webapps/host-manager] has finished in [42] ms
21-Jan-2026 11:09:29.410 INFO [main] org.apache.catalina.startup.HostConfig.deployDirectory Deploying web application directory [/opt/lms/tomcat/webapps/docs]
21-Jan-2026 11:09:29.454 INFO [main] org.apache.catalina.startup.HostConfig.deployDirectory Deployment of web application directory [/opt/lms/tomcat/webapps/docs] has finished in [44] ms
21-Jan-2026 11:09:29.462 INFO [main] org.apache.coyote.AbstractProtocol.start Starting ProtocolHandler ["http-nio-8001"]
21-Jan-2026 11:09:29.479 INFO [main] org.apache.catalina.startup.Catalina.start Server startup in [1732] milliseconds
21-Jan-2026 11:09:31.524 INFO [main] org.apache.catalina.startup.VersionLoggerListener.log Server version name:   Apache Tomcat/9.0.96
21-Jan-2026 11:09:31.535 INFO [main] org.apache.catalina.startup.VersionLoggerListener.log Server built:          Oct 3 2024 19:44:30 UTC
21-Jan-2026 11:09:31.536 INFO [main] org.apache.catalina.startup.VersionLoggerListener.log Server version number: 9.0.96.0
21-Jan-2026 11:09:31.536 INFO [main] org.apache.catalina.startup.VersionLoggerListener.log OS Name:               Linux
21-Jan-2026 11:09:31.536 INFO [main] org.apache.catalina.startup.VersionLoggerListener.log OS Version:            6.8.0-1044-aws
21-Jan-2026 11:09:31.536 INFO [main] org.apache.catalina.startup.VersionLoggerListener.log Architecture:          amd64
21-Jan-2026 11:09:31.536 INFO [main] org.apache.catalina.startup.VersionLoggerListener.log Java Home:             /usr/lib/jvm/java-17-openjdk-amd64
21-Jan-2026 11:09:31.536 INFO [main] org.apache.catalina.startup.VersionLoggerListener.log JVM Version:           17.0.17+10-Ubuntu-122.04
21-Jan-2026 11:09:31.537 INFO [main] org.apache.catalina.startup.VersionLoggerListener.log JVM Vendor:            Ubuntu
21-Jan-2026 11:09:31.537 INFO [main] org.apache.catalina.startup.VersionLoggerListener.log CATALINA_BASE:         /opt/lms/tomcat
21-Jan-2026 11:09:31.537 INFO [main] org.apache.catalina.startup.VersionLoggerListener.log CATALINA_HOME:         /opt/lms/tomcat
21-Jan-2026 11:09:31.575 INFO [main] org.apache.catalina.startup.VersionLoggerListener.log Command line argument: --add-opens=java.base/java.lang=ALL-UNNAMED
21-Jan-2026 11:09:31.575 INFO [main] org.apache.catalina.startup.VersionLoggerListener.log Command line argument: --add-opens=java.base/java.io=ALL-UNNAMED
21-Jan-2026 11:09:31.575 INFO [main] org.apache.catalina.startup.VersionLoggerListener.log Command line argument: --add-opens=java.base/java.util=ALL-UNNAMED
21-Jan-2026 11:09:31.577 INFO [main] org.apache.catalina.startup.VersionLoggerListener.log Command line argument: --add-opens=java.base/java.util.concurrent=ALL-UNNAMED
21-Jan-2026 11:09:31.578 INFO [main] org.apache.catalina.startup.VersionLoggerListener.log Command line argument: --add-opens=java.rmi/sun.rmi.transport=ALL-UNNAMED
21-Jan-2026 11:09:31.578 INFO [main] org.apache.catalina.startup.VersionLoggerListener.log Command line argument: -Djava.util.logging.config.file=/opt/lms/tomcat/conf/logging.properties
21-Jan-2026 11:09:31.578 INFO [main] org.apache.catalina.startup.VersionLoggerListener.log Command line argument: -Djava.util.logging.manager=org.apache.juli.ClassLoaderLogManager
21-Jan-2026 11:09:31.578 INFO [main] org.apache.catalina.startup.VersionLoggerListener.log Command line argument: -Djdk.tls.ephemeralDHKeySize=2048
21-Jan-2026 11:09:31.578 INFO [main] org.apache.catalina.startup.VersionLoggerListener.log Command line argument: -Djava.protocol.handler.pkgs=org.apache.catalina.webresources
21-Jan-2026 11:09:31.580 INFO [main] org.apache.catalina.startup.VersionLoggerListener.log Command line argument: -Dorg.apache.catalina.security.SecurityListener.UMASK=0027
21-Jan-2026 11:09:31.580 INFO [main] org.apache.catalina.startup.VersionLoggerListener.log Command line argument: -Dignore.endorsed.dirs=
21-Jan-2026 11:09:31.581 INFO [main] org.apache.catalina.startup.VersionLoggerListener.log Command line argument: -Dcatalina.base=/opt/lms/tomcat
21-Jan-2026 11:09:31.581 INFO [main] org.apache.catalina.startup.VersionLoggerListener.log Command line argument: -Dcatalina.home=/opt/lms/tomcat
21-Jan-2026 11:09:31.581 INFO [main] org.apache.catalina.startup.VersionLoggerListener.log Command line argument: -Djava.io.tmpdir=/opt/lms/tomcat/temp
21-Jan-2026 11:09:31.591 INFO [main] org.apache.catalina.core.AprLifecycleListener.lifecycleEvent An older version [1.2.31] of the Apache Tomcat Native library is installed, while Tomcat recommends a minimum version of [1.3.0]
21-Jan-2026 11:09:31.592 INFO [main] org.apache.catalina.core.AprLifecycleListener.lifecycleEvent Loaded Apache Tomcat Native library [1.2.31] using APR version [1.7.0].
21-Jan-2026 11:09:31.592 INFO [main] org.apache.catalina.core.AprLifecycleListener.lifecycleEvent APR capabilities: IPv6 [true], sendfile [true], accept filters [false], random [true], UDS [true].
21-Jan-2026 11:09:31.592 INFO [main] org.apache.catalina.core.AprLifecycleListener.lifecycleEvent APR/OpenSSL configuration: useAprConnector [false], useOpenSSL [true]
21-Jan-2026 11:09:31.606 INFO [main] org.apache.catalina.core.AprLifecycleListener.initializeSSL OpenSSL successfully initialized [OpenSSL 3.0.2 15 Mar 2022]
21-Jan-2026 11:09:32.206 INFO [main] org.apache.coyote.AbstractProtocol.init Initializing ProtocolHandler ["http-nio-8001"]
21-Jan-2026 11:09:32.243 SEVERE [main] org.apache.catalina.util.LifecycleBase.handleSubClassException Failed to initialize component [Connector["http-nio-8001"]]
	org.apache.catalina.LifecycleException: Protocol handler initialization failed
		at org.apache.catalina.connector.Connector.initInternal(Connector.java:1027)
		at org.apache.catalina.util.LifecycleBase.init(LifecycleBase.java:122)
		at org.apache.catalina.core.StandardService.initInternal(StandardService.java:525)
		at org.apache.catalina.util.LifecycleBase.init(LifecycleBase.java:122)
		at org.apache.catalina.core.StandardServer.initInternal(StandardServer.java:986)
		at org.apache.catalina.util.LifecycleBase.init(LifecycleBase.java:122)
		at org.apache.catalina.startup.Catalina.load(Catalina.java:686)
		at org.apache.catalina.startup.Catalina.load(Catalina.java:709)
		at java.base/jdk.internal.reflect.NativeMethodAccessorImpl.invoke0(Native Method)
		at java.base/jdk.internal.reflect.NativeMethodAccessorImpl.invoke(NativeMethodAccessorImpl.java:77)
		at java.base/jdk.internal.reflect.DelegatingMethodAccessorImpl.invoke(DelegatingMethodAccessorImpl.java:43)
		at java.base/java.lang.reflect.Method.invoke(Method.java:569)
		at org.apache.catalina.startup.Bootstrap.load(Bootstrap.java:302)
		at org.apache.catalina.startup.Bootstrap.main(Bootstrap.java:472)
	Caused by: java.net.BindException: Address already in use
		at java.base/sun.nio.ch.Net.bind0(Native Method)
		at java.base/sun.nio.ch.Net.bind(Net.java:555)
		at java.base/sun.nio.ch.ServerSocketChannelImpl.netBind(ServerSocketChannelImpl.java:337)
		at java.base/sun.nio.ch.ServerSocketChannelImpl.bind(ServerSocketChannelImpl.java:294)
		at org.apache.tomcat.util.net.NioEndpoint.initServerSocket(NioEndpoint.java:268)
		at org.apache.tomcat.util.net.NioEndpoint.bind(NioEndpoint.java:223)
		at org.apache.tomcat.util.net.AbstractEndpoint.bindWithCleanup(AbstractEndpoint.java:1373)
		at org.apache.tomcat.util.net.AbstractEndpoint.init(AbstractEndpoint.java:1386)
		at org.apache.coyote.AbstractProtocol.init(AbstractProtocol.java:663)
		at org.apache.coyote.http11.AbstractHttp11Protocol.init(AbstractHttp11Protocol.java:77)
		at org.apache.catalina.connector.Connector.initInternal(Connector.java:1025)
		... 13 more
21-Jan-2026 11:09:32.245 INFO [main] org.apache.catalina.startup.Catalina.load Server initialization in [1114] milliseconds
21-Jan-2026 11:09:32.337 INFO [main] org.apache.catalina.core.StandardService.startInternal Starting service [Catalina]
21-Jan-2026 11:09:32.337 INFO [main] org.apache.catalina.core.StandardEngine.startInternal Starting Servlet engine: [Apache Tomcat/9.0.96]
21-Jan-2026 11:09:32.348 INFO [main] org.apache.catalina.startup.HostConfig.deployDirectory Deploying web application directory [/opt/lms/tomcat/webapps/manager]
21-Jan-2026 11:09:33.073 INFO [main] org.apache.catalina.startup.HostConfig.deployDirectory Deployment of web application directory [/opt/lms/tomcat/webapps/manager] has finished in [724] ms
21-Jan-2026 11:09:33.074 INFO [main] org.apache.catalina.startup.HostConfig.deployDirectory Deploying web application directory [/opt/lms/tomcat/webapps/examples]
21-Jan-2026 11:09:33.503 INFO [main] org.apache.catalina.startup.HostConfig.deployDirectory Deployment of web application directory [/opt/lms/tomcat/webapps/examples] has finished in [430] ms
21-Jan-2026 11:09:33.504 INFO [main] org.apache.catalina.startup.HostConfig.deployDirectory Deploying web application directory [/opt/lms/tomcat/webapps/host-manager]
21-Jan-2026 11:09:33.550 INFO [main] org.apache.catalina.startup.HostConfig.deployDirectory Deployment of web application directory [/opt/lms/tomcat/webapps/host-manager] has finished in [46] ms
21-Jan-2026 11:09:33.551 INFO [main] org.apache.catalina.startup.HostConfig.deployDirectory Deploying web application directory [/opt/lms/tomcat/webapps/docs]
21-Jan-2026 11:09:33.583 INFO [main] org.apache.catalina.startup.HostConfig.deployDirectory Deployment of web application directory [/opt/lms/tomcat/webapps/docs] has finished in [33] ms
21-Jan-2026 11:09:33.600 INFO [main] org.apache.catalina.startup.Catalina.start Server startup in [1354] milliseconds
21-Jan-2026 11:09:33.610 SEVERE [main] org.apache.catalina.core.StandardServer.await Failed to create server shutdown socket on address [localhost] and port [8005] (base port [8005] and offset [0])
	java.net.BindException: Address already in use
		at java.base/sun.nio.ch.Net.bind0(Native Method)
		at java.base/sun.nio.ch.Net.bind(Net.java:555)
		at java.base/sun.nio.ch.Net.bind(Net.java:544)
		at java.base/sun.nio.ch.NioSocketImpl.bind(NioSocketImpl.java:648)
		at java.base/java.net.ServerSocket.bind(ServerSocket.java:388)
		at java.base/java.net.ServerSocket.<init>(ServerSocket.java:274)
		at org.apache.catalina.core.StandardServer.await(StandardServer.java:537)
		at org.apache.catalina.startup.Catalina.await(Catalina.java:825)
		at org.apache.catalina.startup.Catalina.start(Catalina.java:773)
		at java.base/jdk.internal.reflect.NativeMethodAccessorImpl.invoke0(Native Method)
		at java.base/jdk.internal.reflect.NativeMethodAccessorImpl.invoke(NativeMethodAccessorImpl.java:77)
		at java.base/jdk.internal.reflect.DelegatingMethodAccessorImpl.invoke(DelegatingMethodAccessorImpl.java:43)
		at java.base/java.lang.reflect.Method.invoke(Method.java:569)
		at org.apache.catalina.startup.Bootstrap.start(Bootstrap.java:345)
		at org.apache.catalina.startup.Bootstrap.main(Bootstrap.java:473)
21-Jan-2026 11:09:33.611 INFO [main] org.apache.coyote.AbstractProtocol.pause Pausing ProtocolHandler ["http-nio-8001"]
21-Jan-2026 11:09:33.611 INFO [main] org.apache.catalina.core.StandardService.stopInternal Stopping service [Catalina]
21-Jan-2026 11:09:33.642 INFO [main] org.apache.coyote.AbstractProtocol.stop Stopping ProtocolHandler ["http-nio-8001"]
21-Jan-2026 11:09:33.643 INFO [main] org.apache.coyote.AbstractProtocol.destroy Destroying ProtocolHandler ["http-nio-8001"]
21-Jan-2026 11:10:57.810 INFO [main] org.apache.catalina.startup.VersionLoggerListener.log Server version name:   Apache Tomcat/9.0.96
21-Jan-2026 11:10:57.815 INFO [main] org.apache.catalina.startup.VersionLoggerListener.log Server built:          Oct 3 2024 19:44:30 UTC
21-Jan-2026 11:10:57.815 INFO [main] org.apache.catalina.startup.VersionLoggerListener.log Server version number: 9.0.96.0
21-Jan-2026 11:10:57.815 INFO [main] org.apache.catalina.startup.VersionLoggerListener.log OS Name:               Linux
21-Jan-2026 11:10:57.816 INFO [main] org.apache.catalina.startup.VersionLoggerListener.log OS Version:            6.8.0-1044-aws
21-Jan-2026 11:10:57.816 INFO [main] org.apache.catalina.startup.VersionLoggerListener.log Architecture:          amd64
21-Jan-2026 11:10:57.816 INFO [main] org.apache.catalina.startup.VersionLoggerListener.log Java Home:             /usr/lib/jvm/java-11-openjdk-amd64
21-Jan-2026 11:10:57.816 INFO [main] org.apache.catalina.startup.VersionLoggerListener.log JVM Version:           11.0.29+7-post-Ubuntu-1ubuntu122.04
21-Jan-2026 11:10:57.816 INFO [main] org.apache.catalina.startup.VersionLoggerListener.log JVM Vendor:            Ubuntu
21-Jan-2026 11:10:57.816 INFO [main] org.apache.catalina.startup.VersionLoggerListener.log CATALINA_BASE:         /opt/lms/tomcat
21-Jan-2026 11:10:57.816 INFO [main] org.apache.catalina.startup.VersionLoggerListener.log CATALINA_HOME:         /opt/lms/tomcat
21-Jan-2026 11:10:57.849 INFO [main] org.apache.catalina.startup.VersionLoggerListener.log Command line argument: --add-opens=java.base/java.lang=ALL-UNNAMED
21-Jan-2026 11:10:57.850 INFO [main] org.apache.catalina.startup.VersionLoggerListener.log Command line argument: --add-opens=java.base/java.io=ALL-UNNAMED
21-Jan-2026 11:10:57.850 INFO [main] org.apache.catalina.startup.VersionLoggerListener.log Command line argument: --add-opens=java.base/java.util=ALL-UNNAMED
21-Jan-2026 11:10:57.850 INFO [main] org.apache.catalina.startup.VersionLoggerListener.log Command line argument: --add-opens=java.base/java.util.concurrent=ALL-UNNAMED
21-Jan-2026 11:10:57.850 INFO [main] org.apache.catalina.startup.VersionLoggerListener.log Command line argument: --add-opens=java.rmi/sun.rmi.transport=ALL-UNNAMED
21-Jan-2026 11:10:57.850 INFO [main] org.apache.catalina.startup.VersionLoggerListener.log Command line argument: -Djava.util.logging.config.file=/opt/lms/tomcat/conf/logging.properties
21-Jan-2026 11:10:57.850 INFO [main] org.apache.catalina.startup.VersionLoggerListener.log Command line argument: -Djava.util.logging.manager=org.apache.juli.ClassLoaderLogManager
21-Jan-2026 11:10:57.850 INFO [main] org.apache.catalina.startup.VersionLoggerListener.log Command line argument: -Djdk.tls.ephemeralDHKeySize=2048
21-Jan-2026 11:10:57.850 INFO [main] org.apache.catalina.startup.VersionLoggerListener.log Command line argument: -Djava.protocol.handler.pkgs=org.apache.catalina.webresources
21-Jan-2026 11:10:57.850 INFO [main] org.apache.catalina.startup.VersionLoggerListener.log Command line argument: -Dorg.apache.catalina.security.SecurityListener.UMASK=0027
21-Jan-2026 11:10:57.850 INFO [main] org.apache.catalina.startup.VersionLoggerListener.log Command line argument: -Dignore.endorsed.dirs=
21-Jan-2026 11:10:57.850 INFO [main] org.apache.catalina.startup.VersionLoggerListener.log Command line argument: -Dcatalina.base=/opt/lms/tomcat
21-Jan-2026 11:10:57.850 INFO [main] org.apache.catalina.startup.VersionLoggerListener.log Command line argument: -Dcatalina.home=/opt/lms/tomcat
21-Jan-2026 11:10:57.850 INFO [main] org.apache.catalina.startup.VersionLoggerListener.log Command line argument: -Djava.io.tmpdir=/opt/lms/tomcat/temp
21-Jan-2026 11:10:57.859 INFO [main] org.apache.catalina.core.AprLifecycleListener.lifecycleEvent An older version [1.2.31] of the Apache Tomcat Native library is installed, while Tomcat recommends a minimum version of [1.3.0]
21-Jan-2026 11:10:57.859 INFO [main] org.apache.catalina.core.AprLifecycleListener.lifecycleEvent Loaded Apache Tomcat Native library [1.2.31] using APR version [1.7.0].
21-Jan-2026 11:10:57.859 INFO [main] org.apache.catalina.core.AprLifecycleListener.lifecycleEvent APR capabilities: IPv6 [true], sendfile [true], accept filters [false], random [true], UDS [true].
21-Jan-2026 11:10:57.859 INFO [main] org.apache.catalina.core.AprLifecycleListener.lifecycleEvent APR/OpenSSL configuration: useAprConnector [false], useOpenSSL [true]
21-Jan-2026 11:10:57.865 INFO [main] org.apache.catalina.core.AprLifecycleListener.initializeSSL OpenSSL successfully initialized [OpenSSL 3.0.2 15 Mar 2022]
21-Jan-2026 11:10:58.573 INFO [main] org.apache.coyote.AbstractProtocol.init Initializing ProtocolHandler ["http-nio-8001"]
21-Jan-2026 11:10:58.649 INFO [main] org.apache.catalina.startup.Catalina.load Server initialization in [1352] milliseconds
21-Jan-2026 11:10:58.814 INFO [main] org.apache.catalina.core.StandardService.startInternal Starting service [Catalina]
21-Jan-2026 11:10:58.814 INFO [main] org.apache.catalina.core.StandardEngine.startInternal Starting Servlet engine: [Apache Tomcat/9.0.96]
21-Jan-2026 11:10:58.829 INFO [main] org.apache.catalina.startup.HostConfig.deployDirectory Deploying web application directory [/opt/lms/tomcat/webapps/manager]
21-Jan-2026 11:10:59.527 INFO [main] org.apache.catalina.startup.HostConfig.deployDirectory Deployment of web application directory [/opt/lms/tomcat/webapps/manager] has finished in [696] ms
21-Jan-2026 11:10:59.527 INFO [main] org.apache.catalina.startup.HostConfig.deployDirectory Deploying web application directory [/opt/lms/tomcat/webapps/examples]
21-Jan-2026 11:11:00.107 INFO [main] org.apache.catalina.startup.HostConfig.deployDirectory Deployment of web application directory [/opt/lms/tomcat/webapps/examples] has finished in [580] ms
21-Jan-2026 11:11:00.108 INFO [main] org.apache.catalina.startup.HostConfig.deployDirectory Deploying web application directory [/opt/lms/tomcat/webapps/host-manager]
21-Jan-2026 11:11:00.155 INFO [main] org.apache.catalina.startup.HostConfig.deployDirectory Deployment of web application directory [/opt/lms/tomcat/webapps/host-manager] has finished in [47] ms
21-Jan-2026 11:11:00.156 INFO [main] org.apache.catalina.startup.HostConfig.deployDirectory Deploying web application directory [/opt/lms/tomcat/webapps/docs]
21-Jan-2026 11:11:00.198 INFO [main] org.apache.catalina.startup.HostConfig.deployDirectory Deployment of web application directory [/opt/lms/tomcat/webapps/docs] has finished in [42] ms
21-Jan-2026 11:11:00.206 INFO [main] org.apache.coyote.AbstractProtocol.start Starting ProtocolHandler ["http-nio-8001"]
21-Jan-2026 11:11:00.227 INFO [main] org.apache.catalina.startup.Catalina.start Server startup in [1577] milliseconds
21-Jan-2026 11:12:58.593 INFO [main] org.apache.catalina.core.StandardServer.await A valid shutdown command was received via the shutdown port. Stopping the Server instance.
21-Jan-2026 11:12:58.722 INFO [main] org.apache.coyote.AbstractProtocol.pause Pausing ProtocolHandler ["http-nio-8001"]
21-Jan-2026 11:12:59.015 INFO [main] org.apache.catalina.core.StandardService.stopInternal Stopping service [Catalina]
21-Jan-2026 11:12:59.861 INFO [main] org.apache.coyote.AbstractProtocol.stop Stopping ProtocolHandler ["http-nio-8001"]
21-Jan-2026 11:12:59.926 INFO [main] org.apache.coyote.AbstractProtocol.destroy Destroying ProtocolHandler ["http-nio-8001"]
21-Jan-2026 11:13:12.646 INFO [main] org.apache.catalina.startup.VersionLoggerListener.log Server version name:   Apache Tomcat/9.0.96
21-Jan-2026 11:13:12.651 INFO [main] org.apache.catalina.startup.VersionLoggerListener.log Server built:          Oct 3 2024 19:44:30 UTC
21-Jan-2026 11:13:12.651 INFO [main] org.apache.catalina.startup.VersionLoggerListener.log Server version number: 9.0.96.0
21-Jan-2026 11:13:12.651 INFO [main] org.apache.catalina.startup.VersionLoggerListener.log OS Name:               Linux
21-Jan-2026 11:13:12.651 INFO [main] org.apache.catalina.startup.VersionLoggerListener.log OS Version:            6.8.0-1044-aws
21-Jan-2026 11:13:12.651 INFO [main] org.apache.catalina.startup.VersionLoggerListener.log Architecture:          amd64
21-Jan-2026 11:13:12.651 INFO [main] org.apache.catalina.startup.VersionLoggerListener.log Java Home:             /usr/lib/jvm/java-11-openjdk-amd64
21-Jan-2026 11:13:12.651 INFO [main] org.apache.catalina.startup.VersionLoggerListener.log JVM Version:           11.0.29+7-post-Ubuntu-1ubuntu122.04
21-Jan-2026 11:13:12.651 INFO [main] org.apache.catalina.startup.VersionLoggerListener.log JVM Vendor:            Ubuntu
21-Jan-2026 11:13:12.652 INFO [main] org.apache.catalina.startup.VersionLoggerListener.log CATALINA_BASE:         /opt/lms/tomcat
21-Jan-2026 11:13:12.652 INFO [main] org.apache.catalina.startup.VersionLoggerListener.log CATALINA_HOME:         /opt/lms/tomcat
21-Jan-2026 11:13:12.688 INFO [main] org.apache.catalina.startup.VersionLoggerListener.log Command line argument: --add-opens=java.base/java.lang=ALL-UNNAMED
21-Jan-2026 11:13:12.688 INFO [main] org.apache.catalina.startup.VersionLoggerListener.log Command line argument: --add-opens=java.base/java.io=ALL-UNNAMED
21-Jan-2026 11:13:12.689 INFO [main] org.apache.catalina.startup.VersionLoggerListener.log Command line argument: --add-opens=java.base/java.util=ALL-UNNAMED
21-Jan-2026 11:13:12.690 INFO [main] org.apache.catalina.startup.VersionLoggerListener.log Command line argument: --add-opens=java.base/java.util.concurrent=ALL-UNNAMED
21-Jan-2026 11:13:12.690 INFO [main] org.apache.catalina.startup.VersionLoggerListener.log Command line argument: --add-opens=java.rmi/sun.rmi.transport=ALL-UNNAMED
21-Jan-2026 11:13:12.690 INFO [main] org.apache.catalina.startup.VersionLoggerListener.log Command line argument: -Djava.util.logging.config.file=/opt/lms/tomcat/conf/logging.properties
21-Jan-2026 11:13:12.690 INFO [main] org.apache.catalina.startup.VersionLoggerListener.log Command line argument: -Djava.util.logging.manager=org.apache.juli.ClassLoaderLogManager
21-Jan-2026 11:13:12.690 INFO [main] org.apache.catalina.startup.VersionLoggerListener.log Command line argument: -Djdk.tls.ephemeralDHKeySize=2048
21-Jan-2026 11:13:12.690 INFO [main] org.apache.catalina.startup.VersionLoggerListener.log Command line argument: -Djava.protocol.handler.pkgs=org.apache.catalina.webresources
21-Jan-2026 11:13:12.690 INFO [main] org.apache.catalina.startup.VersionLoggerListener.log Command line argument: -Dorg.apache.catalina.security.SecurityListener.UMASK=0027
21-Jan-2026 11:13:12.690 INFO [main] org.apache.catalina.startup.VersionLoggerListener.log Command line argument: -Dignore.endorsed.dirs=
21-Jan-2026 11:13:12.690 INFO [main] org.apache.catalina.startup.VersionLoggerListener.log Command line argument: -Dcatalina.base=/opt/lms/tomcat
21-Jan-2026 11:13:12.690 INFO [main] org.apache.catalina.startup.VersionLoggerListener.log Command line argument: -Dcatalina.home=/opt/lms/tomcat
21-Jan-2026 11:13:12.690 INFO [main] org.apache.catalina.startup.VersionLoggerListener.log Command line argument: -Djava.io.tmpdir=/opt/lms/tomcat/temp
21-Jan-2026 11:13:12.698 INFO [main] org.apache.catalina.core.AprLifecycleListener.lifecycleEvent An older version [1.2.31] of the Apache Tomcat Native library is installed, while Tomcat recommends a minimum version of [1.3.0]
21-Jan-2026 11:13:12.698 INFO [main] org.apache.catalina.core.AprLifecycleListener.lifecycleEvent Loaded Apache Tomcat Native library [1.2.31] using APR version [1.7.0].
21-Jan-2026 11:13:12.698 INFO [main] org.apache.catalina.core.AprLifecycleListener.lifecycleEvent APR capabilities: IPv6 [true], sendfile [true], accept filters [false], random [true], UDS [true].
21-Jan-2026 11:13:12.698 INFO [main] org.apache.catalina.core.AprLifecycleListener.lifecycleEvent APR/OpenSSL configuration: useAprConnector [false], useOpenSSL [true]
21-Jan-2026 11:13:12.705 INFO [main] org.apache.catalina.core.AprLifecycleListener.initializeSSL OpenSSL successfully initialized [OpenSSL 3.0.2 15 Mar 2022]
21-Jan-2026 11:13:13.409 INFO [main] org.apache.coyote.AbstractProtocol.init Initializing ProtocolHandler ["http-nio-8001"]
21-Jan-2026 11:13:13.474 INFO [main] org.apache.catalina.startup.Catalina.load Server initialization in [1390] milliseconds
21-Jan-2026 11:13:13.673 INFO [main] org.apache.catalina.core.StandardService.startInternal Starting service [Catalina]
21-Jan-2026 11:13:13.673 INFO [main] org.apache.catalina.core.StandardEngine.startInternal Starting Servlet engine: [Apache Tomcat/9.0.96]
21-Jan-2026 11:13:13.686 INFO [main] org.apache.catalina.startup.HostConfig.deployDirectory Deploying web application directory [/opt/lms/tomcat/webapps/manager]
21-Jan-2026 11:13:14.270 INFO [main] org.apache.catalina.startup.HostConfig.deployDirectory Deployment of web application directory [/opt/lms/tomcat/webapps/manager] has finished in [584] ms
21-Jan-2026 11:13:14.271 INFO [main] org.apache.catalina.startup.HostConfig.deployDirectory Deploying web application directory [/opt/lms/tomcat/webapps/examples]
21-Jan-2026 11:13:14.902 INFO [main] org.apache.catalina.startup.HostConfig.deployDirectory Deployment of web application directory [/opt/lms/tomcat/webapps/examples] has finished in [631] ms
21-Jan-2026 11:13:14.903 INFO [main] org.apache.catalina.startup.HostConfig.deployDirectory Deploying web application directory [/opt/lms/tomcat/webapps/host-manager]
21-Jan-2026 11:13:14.955 INFO [main] org.apache.catalina.startup.HostConfig.deployDirectory Deployment of web application directory [/opt/lms/tomcat/webapps/host-manager] has finished in [51] ms
21-Jan-2026 11:13:14.956 INFO [main] org.apache.catalina.startup.HostConfig.deployDirectory Deploying web application directory [/opt/lms/tomcat/webapps/docs]
21-Jan-2026 11:13:15.017 INFO [main] org.apache.catalina.startup.HostConfig.deployDirectory Deployment of web application directory [/opt/lms/tomcat/webapps/docs] has finished in [62] ms
21-Jan-2026 11:13:15.027 INFO [main] org.apache.coyote.AbstractProtocol.start Starting ProtocolHandler ["http-nio-8001"]
21-Jan-2026 11:13:15.060 INFO [main] org.apache.catalina.startup.Catalina.start Server startup in [1585] milliseconds
21-Jan-2026 11:15:32.961 INFO [Thread-1] org.apache.coyote.AbstractProtocol.pause Pausing ProtocolHandler ["http-nio-8001"]
21-Jan-2026 11:15:34.003 INFO [Thread-1] org.apache.catalina.core.StandardService.stopInternal Stopping service [Catalina]
21-Jan-2026 11:15:35.501 INFO [Thread-1] org.apache.coyote.AbstractProtocol.stop Stopping ProtocolHandler ["http-nio-8001"]
21-Jan-2026 11:15:35.713 INFO [Thread-1] org.apache.coyote.AbstractProtocol.destroy Destroying ProtocolHandler ["http-nio-8001"]
21-Jan-2026 11:15:49.897 INFO [main] org.apache.catalina.startup.VersionLoggerListener.log Server version name:   Apache Tomcat/9.0.96
21-Jan-2026 11:15:49.902 INFO [main] org.apache.catalina.startup.VersionLoggerListener.log Server built:          Oct 3 2024 19:44:30 UTC
21-Jan-2026 11:15:49.902 INFO [main] org.apache.catalina.startup.VersionLoggerListener.log Server version number: 9.0.96.0
21-Jan-2026 11:15:49.902 INFO [main] org.apache.catalina.startup.VersionLoggerListener.log OS Name:               Linux
21-Jan-2026 11:15:49.902 INFO [main] org.apache.catalina.startup.VersionLoggerListener.log OS Version:            6.8.0-1044-aws
21-Jan-2026 11:15:49.902 INFO [main] org.apache.catalina.startup.VersionLoggerListener.log Architecture:          amd64
21-Jan-2026 11:15:49.902 INFO [main] org.apache.catalina.startup.VersionLoggerListener.log Java Home:             /usr/lib/jvm/java-11-openjdk-amd64
21-Jan-2026 11:15:49.902 INFO [main] org.apache.catalina.startup.VersionLoggerListener.log JVM Version:           11.0.29+7-post-Ubuntu-1ubuntu122.04
21-Jan-2026 11:15:49.903 INFO [main] org.apache.catalina.startup.VersionLoggerListener.log JVM Vendor:            Ubuntu
21-Jan-2026 11:15:49.903 INFO [main] org.apache.catalina.startup.VersionLoggerListener.log CATALINA_BASE:         /opt/lms/tomcat
21-Jan-2026 11:15:49.903 INFO [main] org.apache.catalina.startup.VersionLoggerListener.log CATALINA_HOME:         /opt/lms/tomcat
21-Jan-2026 11:15:49.981 INFO [main] org.apache.catalina.startup.VersionLoggerListener.log Command line argument: --add-opens=java.base/java.lang=ALL-UNNAMED
21-Jan-2026 11:15:49.982 INFO [main] org.apache.catalina.startup.VersionLoggerListener.log Command line argument: --add-opens=java.base/java.io=ALL-UNNAMED
21-Jan-2026 11:15:49.982 INFO [main] org.apache.catalina.startup.VersionLoggerListener.log Command line argument: --add-opens=java.base/java.util=ALL-UNNAMED
21-Jan-2026 11:15:49.982 INFO [main] org.apache.catalina.startup.VersionLoggerListener.log Command line argument: --add-opens=java.base/java.util.concurrent=ALL-UNNAMED
21-Jan-2026 11:15:49.982 INFO [main] org.apache.catalina.startup.VersionLoggerListener.log Command line argument: --add-opens=java.rmi/sun.rmi.transport=ALL-UNNAMED
21-Jan-2026 11:15:49.982 INFO [main] org.apache.catalina.startup.VersionLoggerListener.log Command line argument: -Djava.util.logging.config.file=/opt/lms/tomcat/conf/logging.properties
21-Jan-2026 11:15:49.982 INFO [main] org.apache.catalina.startup.VersionLoggerListener.log Command line argument: -Djava.util.logging.manager=org.apache.juli.ClassLoaderLogManager
21-Jan-2026 11:15:49.982 INFO [main] org.apache.catalina.startup.VersionLoggerListener.log Command line argument: -Djdk.tls.ephemeralDHKeySize=2048
21-Jan-2026 11:15:49.982 INFO [main] org.apache.catalina.startup.VersionLoggerListener.log Command line argument: -Djava.protocol.handler.pkgs=org.apache.catalina.webresources
21-Jan-2026 11:15:49.982 INFO [main] org.apache.catalina.startup.VersionLoggerListener.log Command line argument: -Dorg.apache.catalina.security.SecurityListener.UMASK=0027
21-Jan-2026 11:15:49.982 INFO [main] org.apache.catalina.startup.VersionLoggerListener.log Command line argument: -Dignore.endorsed.dirs=
21-Jan-2026 11:15:49.982 INFO [main] org.apache.catalina.startup.VersionLoggerListener.log Command line argument: -Dcatalina.base=/opt/lms/tomcat
21-Jan-2026 11:15:49.983 INFO [main] org.apache.catalina.startup.VersionLoggerListener.log Command line argument: -Dcatalina.home=/opt/lms/tomcat
21-Jan-2026 11:15:49.983 INFO [main] org.apache.catalina.startup.VersionLoggerListener.log Command line argument: -Djava.io.tmpdir=/opt/lms/tomcat/temp
21-Jan-2026 11:15:49.994 INFO [main] org.apache.catalina.core.AprLifecycleListener.lifecycleEvent An older version [1.2.31] of the Apache Tomcat Native library is installed, while Tomcat recommends a minimum version of [1.3.0]
21-Jan-2026 11:15:49.995 INFO [main] org.apache.catalina.core.AprLifecycleListener.lifecycleEvent Loaded Apache Tomcat Native library [1.2.31] using APR version [1.7.0].
21-Jan-2026 11:15:49.995 INFO [main] org.apache.catalina.core.AprLifecycleListener.lifecycleEvent APR capabilities: IPv6 [true], sendfile [true], accept filters [false], random [true], UDS [true].
21-Jan-2026 11:15:49.995 INFO [main] org.apache.catalina.core.AprLifecycleListener.lifecycleEvent APR/OpenSSL configuration: useAprConnector [false], useOpenSSL [true]
21-Jan-2026 11:15:50.005 INFO [main] org.apache.catalina.core.AprLifecycleListener.initializeSSL OpenSSL successfully initialized [OpenSSL 3.0.2 15 Mar 2022]
21-Jan-2026 11:15:51.077 INFO [main] org.apache.coyote.AbstractProtocol.init Initializing ProtocolHandler ["http-nio-8001"]
21-Jan-2026 11:15:51.184 INFO [main] org.apache.catalina.startup.Catalina.load Server initialization in [2277] milliseconds
21-Jan-2026 11:15:51.450 INFO [main] org.apache.catalina.core.StandardService.startInternal Starting service [Catalina]
21-Jan-2026 11:15:51.453 INFO [main] org.apache.catalina.core.StandardEngine.startInternal Starting Servlet engine: [Apache Tomcat/9.0.96]
21-Jan-2026 11:15:51.473 INFO [main] org.apache.catalina.startup.HostConfig.deployDirectory Deploying web application directory [/opt/lms/tomcat/webapps/manager]
21-Jan-2026 11:15:52.336 INFO [main] org.apache.catalina.startup.HostConfig.deployDirectory Deployment of web application directory [/opt/lms/tomcat/webapps/manager] has finished in [863] ms
21-Jan-2026 11:15:52.336 INFO [main] org.apache.catalina.startup.HostConfig.deployDirectory Deploying web application directory [/opt/lms/tomcat/webapps/examples]
21-Jan-2026 11:15:52.895 INFO [main] org.apache.catalina.startup.HostConfig.deployDirectory Deployment of web application directory [/opt/lms/tomcat/webapps/examples] has finished in [559] ms
21-Jan-2026 11:15:52.895 INFO [main] org.apache.catalina.startup.HostConfig.deployDirectory Deploying web application directory [/opt/lms/tomcat/webapps/host-manager]
21-Jan-2026 11:15:52.934 INFO [main] org.apache.catalina.startup.HostConfig.deployDirectory Deployment of web application directory [/opt/lms/tomcat/webapps/host-manager] has finished in [39] ms
21-Jan-2026 11:15:52.935 INFO [main] org.apache.catalina.startup.HostConfig.deployDirectory Deploying web application directory [/opt/lms/tomcat/webapps/docs]
21-Jan-2026 11:15:52.980 INFO [main] org.apache.catalina.startup.HostConfig.deployDirectory Deployment of web application directory [/opt/lms/tomcat/webapps/docs] has finished in [45] ms
21-Jan-2026 11:15:52.988 INFO [main] org.apache.coyote.AbstractProtocol.start Starting ProtocolHandler ["http-nio-8001"]
21-Jan-2026 11:15:53.017 INFO [main] org.apache.catalina.startup.Catalina.start Server startup in [1832] milliseconds
21-Jan-2026 11:21:09.923 INFO [Thread-1] org.apache.coyote.AbstractProtocol.pause Pausing ProtocolHandler ["http-nio-8001"]
21-Jan-2026 11:21:10.367 INFO [Thread-1] org.apache.catalina.core.StandardService.stopInternal Stopping service [Catalina]
21-Jan-2026 11:21:12.898 INFO [Thread-1] org.apache.coyote.AbstractProtocol.stop Stopping ProtocolHandler ["http-nio-8001"]
21-Jan-2026 11:21:13.629 WARNING [Thread-1] org.apache.tomcat.util.net.Acceptor.stopMillis The acceptor thread [http-nio-8001-Acceptor] did not stop cleanly
21-Jan-2026 11:21:14.279 INFO [Thread-1] org.apache.coyote.AbstractProtocol.destroy Destroying ProtocolHandler ["http-nio-8001"]
21-Jan-2026 11:21:28.856 INFO [main] org.apache.catalina.startup.VersionLoggerListener.log Server version name:   Apache Tomcat/9.0.96
21-Jan-2026 11:21:28.874 INFO [main] org.apache.catalina.startup.VersionLoggerListener.log Server built:          Oct 3 2024 19:44:30 UTC
21-Jan-2026 11:21:28.874 INFO [main] org.apache.catalina.startup.VersionLoggerListener.log Server version number: 9.0.96.0
21-Jan-2026 11:21:28.874 INFO [main] org.apache.catalina.startup.VersionLoggerListener.log OS Name:               Linux
21-Jan-2026 11:21:28.874 INFO [main] org.apache.catalina.startup.VersionLoggerListener.log OS Version:            6.8.0-1044-aws
21-Jan-2026 11:21:28.874 INFO [main] org.apache.catalina.startup.VersionLoggerListener.log Architecture:          amd64
21-Jan-2026 11:21:28.878 INFO [main] org.apache.catalina.startup.VersionLoggerListener.log Java Home:             /usr/lib/jvm/java-11-openjdk-amd64
21-Jan-2026 11:21:28.878 INFO [main] org.apache.catalina.startup.VersionLoggerListener.log JVM Version:           11.0.29+7-post-Ubuntu-1ubuntu122.04
21-Jan-2026 11:21:28.879 INFO [main] org.apache.catalina.startup.VersionLoggerListener.log JVM Vendor:            Ubuntu
21-Jan-2026 11:21:28.879 INFO [main] org.apache.catalina.startup.VersionLoggerListener.log CATALINA_BASE:         /opt/lms/tomcat
21-Jan-2026 11:21:28.879 INFO [main] org.apache.catalina.startup.VersionLoggerListener.log CATALINA_HOME:         /opt/lms/tomcat
21-Jan-2026 11:21:28.943 INFO [main] org.apache.catalina.startup.VersionLoggerListener.log Command line argument: --add-opens=java.base/java.lang=ALL-UNNAMED
21-Jan-2026 11:21:28.944 INFO [main] org.apache.catalina.startup.VersionLoggerListener.log Command line argument: --add-opens=java.base/java.io=ALL-UNNAMED
21-Jan-2026 11:21:28.944 INFO [main] org.apache.catalina.startup.VersionLoggerListener.log Command line argument: --add-opens=java.base/java.util=ALL-UNNAMED
21-Jan-2026 11:21:28.944 INFO [main] org.apache.catalina.startup.VersionLoggerListener.log Command line argument: --add-opens=java.base/java.util.concurrent=ALL-UNNAMED
21-Jan-2026 11:21:28.944 INFO [main] org.apache.catalina.startup.VersionLoggerListener.log Command line argument: --add-opens=java.rmi/sun.rmi.transport=ALL-UNNAMED
21-Jan-2026 11:21:28.944 INFO [main] org.apache.catalina.startup.VersionLoggerListener.log Command line argument: -Djava.util.logging.config.file=/opt/lms/tomcat/conf/logging.properties
21-Jan-2026 11:21:28.944 INFO [main] org.apache.catalina.startup.VersionLoggerListener.log Command line argument: -Djava.util.logging.manager=org.apache.juli.ClassLoaderLogManager
21-Jan-2026 11:21:28.945 INFO [main] org.apache.catalina.startup.VersionLoggerListener.log Command line argument: -Djdk.tls.ephemeralDHKeySize=2048
21-Jan-2026 11:21:28.945 INFO [main] org.apache.catalina.startup.VersionLoggerListener.log Command line argument: -Djava.protocol.handler.pkgs=org.apache.catalina.webresources
21-Jan-2026 11:21:28.945 INFO [main] org.apache.catalina.startup.VersionLoggerListener.log Command line argument: -Dorg.apache.catalina.security.SecurityListener.UMASK=0027
21-Jan-2026 11:21:28.945 INFO [main] org.apache.catalina.startup.VersionLoggerListener.log Command line argument: -Dignore.endorsed.dirs=
21-Jan-2026 11:21:28.945 INFO [main] org.apache.catalina.startup.VersionLoggerListener.log Command line argument: -Dcatalina.base=/opt/lms/tomcat
21-Jan-2026 11:21:28.953 INFO [main] org.apache.catalina.startup.VersionLoggerListener.log Command line argument: -Dcatalina.home=/opt/lms/tomcat
21-Jan-2026 11:21:28.953 INFO [main] org.apache.catalina.startup.VersionLoggerListener.log Command line argument: -Djava.io.tmpdir=/opt/lms/tomcat/temp
21-Jan-2026 11:21:28.997 INFO [main] org.apache.catalina.core.AprLifecycleListener.lifecycleEvent An older version [1.2.31] of the Apache Tomcat Native library is installed, while Tomcat recommends a minimum version of [1.3.0]
21-Jan-2026 11:21:28.999 INFO [main] org.apache.catalina.core.AprLifecycleListener.lifecycleEvent Loaded Apache Tomcat Native library [1.2.31] using APR version [1.7.0].
21-Jan-2026 11:21:28.999 INFO [main] org.apache.catalina.core.AprLifecycleListener.lifecycleEvent APR capabilities: IPv6 [true], sendfile [true], accept filters [false], random [true], UDS [true].
21-Jan-2026 11:21:29.000 INFO [main] org.apache.catalina.core.AprLifecycleListener.lifecycleEvent APR/OpenSSL configuration: useAprConnector [false], useOpenSSL [true]
21-Jan-2026 11:21:29.040 INFO [main] org.apache.catalina.core.AprLifecycleListener.initializeSSL OpenSSL successfully initialized [OpenSSL 3.0.2 15 Mar 2022]
21-Jan-2026 11:21:30.562 INFO [main] org.apache.coyote.AbstractProtocol.init Initializing ProtocolHandler ["http-nio-8001"]
21-Jan-2026 11:21:30.702 INFO [main] org.apache.catalina.startup.Catalina.load Server initialization in [2907] milliseconds
21-Jan-2026 11:21:31.024 INFO [main] org.apache.catalina.core.StandardService.startInternal Starting service [Catalina]
21-Jan-2026 11:21:31.024 INFO [main] org.apache.catalina.core.StandardEngine.startInternal Starting Servlet engine: [Apache Tomcat/9.0.96]
21-Jan-2026 11:21:31.063 INFO [main] org.apache.catalina.startup.HostConfig.deployDirectory Deploying web application directory [/opt/lms/tomcat/webapps/manager]
21-Jan-2026 11:21:32.497 INFO [main] org.apache.catalina.startup.HostConfig.deployDirectory Deployment of web application directory [/opt/lms/tomcat/webapps/manager] has finished in [1,434] ms
21-Jan-2026 11:21:32.499 INFO [main] org.apache.catalina.startup.HostConfig.deployDirectory Deploying web application directory [/opt/lms/tomcat/webapps/examples]
21-Jan-2026 11:21:33.552 INFO [main] org.apache.catalina.startup.HostConfig.deployDirectory Deployment of web application directory [/opt/lms/tomcat/webapps/examples] has finished in [1,052] ms
21-Jan-2026 11:21:33.552 INFO [main] org.apache.catalina.startup.HostConfig.deployDirectory Deploying web application directory [/opt/lms/tomcat/webapps/host-manager]
21-Jan-2026 11:21:33.666 INFO [main] org.apache.catalina.startup.HostConfig.deployDirectory Deployment of web application directory [/opt/lms/tomcat/webapps/host-manager] has finished in [113] ms
21-Jan-2026 11:21:33.668 INFO [main] org.apache.catalina.startup.HostConfig.deployDirectory Deploying web application directory [/opt/lms/tomcat/webapps/docs]
21-Jan-2026 11:21:33.781 INFO [main] org.apache.catalina.startup.HostConfig.deployDirectory Deployment of web application directory [/opt/lms/tomcat/webapps/docs] has finished in [113] ms
21-Jan-2026 11:21:33.811 INFO [main] org.apache.coyote.AbstractProtocol.start Starting ProtocolHandler ["http-nio-8001"]
21-Jan-2026 11:21:33.858 INFO [main] org.apache.catalina.startup.Catalina.start Server startup in [3153] milliseconds
21-Jan-2026 13:16:51.570 INFO [main] org.apache.catalina.core.StandardServer.await A valid shutdown command was received via the shutdown port. Stopping the Server instance.
21-Jan-2026 13:16:51.631 INFO [Thread-1] org.apache.coyote.AbstractProtocol.pause Pausing ProtocolHandler ["http-nio-8001"]
21-Jan-2026 13:16:51.912 INFO [Thread-1] org.apache.catalina.core.StandardService.stopInternal Stopping service [Catalina]
21-Jan-2026 13:16:52.731 INFO [Thread-1] org.apache.coyote.AbstractProtocol.stop Stopping ProtocolHandler ["http-nio-8001"]
21-Jan-2026 13:16:52.788 INFO [Thread-1] org.apache.coyote.AbstractProtocol.destroy Destroying ProtocolHandler ["http-nio-8001"]
